Customer_ID,Age,Gender,Annual_Income,Customer_Segment,Previous_Purchases,Website_Visits,Pages_Viewed,Time_on_Website_Min,Emails_Opened,Cart_Additions,Days_Since_Last_Purchase,Purchase
C0001,56.0,Male,66057.0,New,12.0,1.0,15.0,10.0,5.0,5.0,59.0,1
C0002,46.0,Female,32537.0,Regular,8.0,14.0,10.0,4.0,7.0,5.0,155.0,0
C0003,32.0,Female,42419.0,Regular,0.0,11.0,4.0,54.0,9.0,5.0,58.0,1
C0004,60.0,Female,62578.0,New,10.0,7.0,8.0,4.0,1.0,6.0,61.0,1
C0005,25.0,Male,94991.0,New,5.0,2.0,6.0,6.0,8.0,2.0,118.0,0
C0006,38.0,Female,141211.0,New,15.0,15.0,5.0,26.0,4.0,4.0,79.0,0
C0007,56.0,Male,142762.0,New,7.0,8.0,15.0,40.0,4.0,7.0,71.0,0
C0008,36.0,Female,94599.0,Regular,10.0,20.0,4.0,16.0,0.0,0.0,171.0,0
C0009,40.0,Male,20834.0,New,10.0,15.0,5.0,8.0,5.0,2.0,88.0,1
C0010,28.0,Female,52214.0,New,3.0,8.0,15.0,28.0,10.0,0.0,87.0,0
C0011,28.0,Male,112934.0,New,1.0,10.0,13.0,16.0,10.0,7.0,139.0,0
C0012,41.0,Female,143798.0,Loyal,10.0,19.0,15.0,38.0,4.0,4.0,88.0,1
C0013,53.0,Male,120028.0,Loyal,1.0,3.0,11.0,49.0,6.0,5.0,133.0,1
C0014,57.0,Female,141286.0,New,15.0,20.0,1.0,1.0,6.0,3.0,39.0,1
C0015,41.0,Female,22413.0,Regular,9.0,14.0,7.0,19.0,3.0,3.0,176.0,1
C0016,20.0,Male,29505.0,New,0.0,9.0,8.0,50.0,4.0,3.0,80.0,1
C0017,39.0,Female,140681.0,Regular,15.0,9.0,12.0,17.0,9.0,0.0,20.0,1
C0018,19.0,Male,122802.0,New,4.0,6.0,9.0,49.0,7.0,4.0,81.0,0
C0019,41.0,Male,22105.0,Regular,15.0,8.0,13.0,28.0,1.0,1.0,19.0,0
C0020,47.0,Female,88104.0,Regular,12.0,11.0,3.0,44.0,0.0,7.0,154.0,0
C0021,55.0,Male,148303.0,Loyal,5.0,8.0,15.0,12.0,5.0,1.0,153.0,1
C0022,19.0,Female,127634.0,New,3.0,12.0,9.0,6.0,10.0,3.0,143.0,0
C0023,38.0,Female,134897.0,Loyal,3.0,10.0,10.0,7.0,3.0,6.0,149.0,0
C0024,50.0,Male,78408.0,Loyal,4.0,4.0,5.0,8.0,9.0,0.0,175.0,0
C0025,29.0,Female,57679.0,New,13.0,16.0,10.0,3.0,2.0,1.0,163.0,1
C0026,39.0,Male,136908.0,Regular,15.0,20.0,6.0,49.0,6.0,0.0,172.0,0
C0027,42.0,Male,134921.0,New,14.0,6.0,1.0,21.0,7.0,4.0,134.0,1
C0028,44.0,Female,119096.0,New,4.0,9.0,9.0,8.0,10.0,6.0,116.0,0
C0029,59.0,Female,99731.0,New,15.0,5.0,9.0,28.0,3.0,6.0,101.0,1
C0030,45.0,Male,132205.0,Regular,13.0,6.0,6.0,59.0,9.0,3.0,151.0,0
C0031,33.0,Male,85131.0,Regular,13.0,17.0,8.0,30.0,10.0,2.0,39.0,1
C0032,32.0,Female,84280.0,Loyal,13.0,17.0,4.0,32.0,10.0,3.0,146.0,0
C0033,20.0,Female,35762.0,New,13.0,13.0,5.0,11.0,5.0,2.0,168.0,0
C0034,54.0,Female,137798.0,Loyal,8.0,17.0,5.0,20.0,10.0,6.0,36.0,0
C0035,24.0,Female,136854.0,New,7.0,14.0,7.0,50.0,10.0,1.0,156.0,0
C0036,38.0,Male,126830.0,Loyal,8.0,2.0,7.0,16.0,1.0,6.0,83.0,0
C0037,26.0,Female,78703.0,Regular,12.0,19.0,7.0,25.0,7.0,5.0,94.0,0
C0038,56.0,Male,101434.0,New,13.0,3.0,5.0,60.0,5.0,2.0,166.0,0
C0039,35.0,Male,83079.0,Loyal,2.0,2.0,4.0,45.0,10.0,5.0,172.0,0
C0040,21.0,Female,41577.0,Regular,13.0,2.0,8.0,9.0,8.0,0.0,2.0,0
C0041,42.0,Male,21214.0,Regular,2.0,7.0,1.0,51.0,10.0,7.0,73.0,1
C0042,31.0,Female,106339.0,Regular,0.0,4.0,1.0,39.0,5.0,6.0,35.0,0
C0043,26.0,Male,68114.0,Regular,13.0,17.0,6.0,49.0,5.0,5.0,129.0,1
C0044,43.0,Female,109234.0,Regular,9.0,6.0,2.0,40.0,1.0,2.0,174.0,0
C0045,19.0,Male,83230.0,Regular,12.0,7.0,12.0,40.0,4.0,1.0,63.0,0
C0046,37.0,Male,143163.0,New,5.0,20.0,3.0,3.0,8.0,1.0,95.0,1
C0047,45.0,Female,52980.0,Regular,3.0,6.0,4.0,16.0,0.0,6.0,45.0,1
C0048,24.0,Female,87194.0,Loyal,10.0,9.0,14.0,12.0,3.0,3.0,125.0,0
C0049,25.0,Male,97806.0,New,14.0,20.0,2.0,15.0,9.0,1.0,37.0,0
C0050,52.0,Male,132333.0,New,14.0,4.0,10.0,53.0,9.0,0.0,7.0,0
C0051,NaN,Female,57792.0,Regular,13.0,5.0,7.0,4.0,2.0,2.0,110.0,1
C0052,34.0,Male,65807.0,Regular,7.0,19.0,15.0,23.0,0.0,4.0,144.0,1
C0053,53.0,Female,144297.0,Regular,1.0,10.0,10.0,27.0,0.0,1.0,178.0,0
C0054,57.0,Male,145266.0,New,10.0,18.0,1.0,39.0,0.0,5.0,142.0,1
C0055,21.0,Female,42301.0,Regular,1.0,15.0,3.0,43.0,0.0,2.0,134.0,0
C0056,19.0,Male,25141.0,New,6.0,1.0,2.0,56.0,1.0,3.0,149.0,0
C0057,23.0,Female,136482.0,Regular,12.0,5.0,13.0,37.0,10.0,4.0,138.0,0
C0058,59.0,Female,124292.0,Loyal,14.0,5.0,9.0,13.0,4.0,3.0,32.0,0
C0059,21.0,Male,142984.0,New,4.0,8.0,8.0,43.0,1.0,0.0,134.0,0
C0060,46.0,Female,33777.0,Regular,12.0,20.0,3.0,37.0,3.0,3.0,2.0,1
C0061,35.0,Male,58346.0,Loyal,0.0,15.0,5.0,40.0,8.0,2.0,39.0,0
C0062,43.0,Female,74703.0,Regular,6.0,17.0,3.0,21.0,2.0,4.0,49.0,1
C0063,51.0,Female,114977.0,Loyal,15.0,19.0,14.0,29.0,1.0,6.0,27.0,1
C0064,27.0,Female,67819.0,Regular,6.0,13.0,11.0,29.0,3.0,3.0,56.0,1
C0065,53.0,Male,48469.0,Loyal,9.0,10.0,13.0,49.0,8.0,3.0,14.0,1
C0066,31.0,Female,23845.0,New,5.0,17.0,12.0,11.0,3.0,7.0,151.0,0
C0067,48.0,Male,130186.0,New,3.0,5.0,11.0,51.0,4.0,6.0,103.0,1
C0068,32.0,Female,43290.0,New,11.0,18.0,12.0,50.0,3.0,5.0,118.0,0
C0069,25.0,Male,132551.0,Regular,15.0,17.0,11.0,28.0,7.0,5.0,122.0,1
C0070,31.0,Male,50699.0,Loyal,12.0,4.0,6.0,10.0,3.0,0.0,105.0,0
C0071,40.0,Male,64252.0,Regular,7.0,7.0,5.0,5.0,1.0,6.0,179.0,1
C0072,57.0,Female,118682.0,Regular,11.0,5.0,11.0,56.0,3.0,6.0,25.0,0
C0073,38.0,Male,23293.0,Regular,15.0,8.0,2.0,57.0,1.0,2.0,53.0,1
C0074,33.0,Female,138017.0,Regular,10.0,8.0,14.0,25.0,8.0,3.0,11.0,0
C0075,35.0,Male,139496.0,Regular,1.0,11.0,10.0,33.0,10.0,2.0,163.0,0
C0076,41.0,Male,129934.0,Regular,1.0,9.0,8.0,17.0,7.0,1.0,37.0,1
C0077,43.0,Male,77089.0,Regular,15.0,19.0,6.0,49.0,8.0,0.0,9.0,0
C0078,42.0,Male,131964.0,New,1.0,19.0,14.0,33.0,3.0,5.0,28.0,1
C0079,58.0,Female,36608.0,Loyal,2.0,9.0,15.0,25.0,0.0,6.0,55.0,0
C0080,46.0,Male,148713.0,New,5.0,20.0,3.0,33.0,2.0,0.0,174.0,0
C0081,32.0,Male,86273.0,New,0.0,17.0,13.0,55.0,6.0,0.0,127.0,1
C0082,18.0,Female,36619.0,Loyal,10.0,16.0,15.0,54.0,0.0,2.0,70.0,1
C0083,42.0,Male,98006.0,Regular,1.0,7.0,13.0,9.0,10.0,6.0,27.0,0
C0084,24.0,Male,135399.0,Regular,9.0,3.0,1.0,27.0,7.0,5.0,10.0,0
C0085,26.0,Male,107908.0,Regular,14.0,19.0,5.0,25.0,8.0,5.0,151.0,0
C0086,41.0,Male,101653.0,Regular,1.0,8.0,12.0,4.0,7.0,7.0,149.0,1
C0087,18.0,Female,34779.0,New,13.0,5.0,11.0,9.0,4.0,3.0,173.0,0
C0088,25.0,Female,71040.0,Regular,11.0,6.0,2.0,46.0,10.0,3.0,126.0,0
C0089,41.0,Male,114830.0,Regular,0.0,2.0,13.0,15.0,8.0,2.0,3.0,1
C0090,28.0,Female,76325.0,Regular,2.0,19.0,2.0,16.0,3.0,2.0,43.0,1
C0091,34.0,Female,135947.0,Regular,15.0,13.0,9.0,16.0,8.0,7.0,99.0,1
C0092,25.0,Male,41630.0,Loyal,9.0,6.0,11.0,13.0,0.0,7.0,7.0,0
C0093,52.0,Female,125575.0,New,6.0,6.0,13.0,14.0,10.0,1.0,155.0,0
C0094,52.0,Male,135436.0,Regular,14.0,2.0,15.0,22.0,2.0,7.0,42.0,1
C0095,50.0,Female,32178.0,Regular,12.0,5.0,10.0,21.0,3.0,7.0,97.0,0
C0096,22.0,Female,39935.0,Loyal,0.0,11.0,7.0,9.0,10.0,4.0,4.0,1
C0097,59.0,Female,67258.0,New,6.0,11.0,6.0,55.0,9.0,7.0,136.0,1
C0098,56.0,Male,42784.0,Regular,4.0,14.0,15.0,41.0,0.0,4.0,84.0,1
C0099,58.0,Female,83722.0,Loyal,8.0,13.0,13.0,53.0,5.0,7.0,145.0,1
C0100,45.0,Male,43027.0,New,1.0,8.0,1.0,4.0,3.0,0.0,5.0,1
C0101,,Male,116544.0,Loyal,0.0,15.0,15.0,10.0,3.0,3.0,113.0,1
C0102,26.0,Female,77853.0,New,8.0,12.0,14.0,35.0,0.0,5.0,137.0,0
C0103,25.0,Male,132167.0,Regular,7.0,3.0,10.0,53.0,4.0,6.0,136.0,0
C0104,29.0,Female,87359.0,Loyal,9.0,5.0,2.0,9.0,8.0,0.0,7.0,1
C0105,51.0,Male,92388.0,Regular,5.0,6.0,11.0,51.0,5.0,6.0,37.0,0
C0106,50.0,Male,98608.0,Regular,14.0,2.0,7.0,48.0,7.0,5.0,55.0,1
C0107,40.0,Female,96669.0,New,4.0,8.0,15.0,16.0,10.0,3.0,67.0,1
C0108,41.0,Female,35111.0,Loyal,7.0,5.0,3.0,49.0,3.0,3.0,136.0,1
C0109,54.0,Female,52312.0,Regular,7.0,17.0,2.0,18.0,8.0,1.0,69.0,0
C0110,52.0,Female,149321.0,New,13.0,2.0,6.0,10.0,6.0,2.0,5.0,1
C0111,57.0,Male,44161.0,Regular,4.0,11.0,8.0,21.0,6.0,6.0,17.0,0
C0112,39.0,Male,138920.0,Regular,11.0,4.0,15.0,51.0,7.0,2.0,111.0,0
C0113,44.0,Male,124823.0,New,6.0,11.0,8.0,54.0,1.0,2.0,58.0,0
C0114,52.0,Female,145014.0,New,12.0,9.0,11.0,15.0,5.0,4.0,155.0,0
C0115,18.0,Male,87313.0,New,12.0,6.0,2.0,15.0,6.0,2.0,104.0,0
C0116,52.0,Female,70374.0,Regular,0.0,2.0,6.0,11.0,2.0,4.0,113.0,0
C0117,54.0,Male,44014.0,Regular,3.0,15.0,12.0,40.0,7.0,5.0,92.0,0
C0118,31.0,Female,100308.0,Regular,1.0,5.0,5.0,54.0,0.0,7.0,68.0,0
C0119,20.0,Male,66389.0,Loyal,9.0,12.0,7.0,48.0,0.0,0.0,28.0,0
C0120,18.0,Male,130163.0,Loyal,2.0,13.0,4.0,42.0,9.0,6.0,89.0,0
C0121,22.0,Female,38161.0,Regular,11.0,17.0,12.0,41.0,2.0,7.0,178.0,0
C0122,43.0,Male,127800.0,New,0.0,4.0,13.0,47.0,5.0,4.0,106.0,1
C0123,31.0,Female,27490.0,Regular,10.0,10.0,2.0,54.0,6.0,3.0,67.0,0
C0124,56.0,Male,139547.0,Regular,10.0,1.0,10.0,37.0,1.0,1.0,122.0,0
C0125,44.0,Male,127197.0,Regular,1.0,11.0,3.0,20.0,5.0,6.0,159.0,0
C0126,26.0,Female,44502.0,Regular,12.0,16.0,9.0,34.0,4.0,1.0,101.0,0
C0127,32.0,Female,55757.0,Regular,0.0,11.0,10.0,22.0,5.0,3.0,12.0,1
C0128,32.0,Male,61111.0,Loyal,7.0,9.0,8.0,48.0,0.0,5.0,101.0,0
C0129,43.0,Male,118273.0,New,15.0,2.0,13.0,18.0,9.0,6.0,4.0,0
C0130,59.0,Male,103245.0,Regular,3.0,7.0,9.0,16.0,6.0,0.0,121.0,0
C0131,30.0,Male,78645.0,New,2.0,19.0,5.0,5.0,7.0,1.0,42.0,0
C0132,49.0,Male,130218.0,Loyal,0.0,18.0,13.0,1.0,6.0,6.0,22.0,0
C0133,56.0,Male,79055.0,New,1.0,20.0,5.0,19.0,8.0,3.0,1.0,1
C0134,49.0,Female,139815.0,New,2.0,7.0,7.0,10.0,0.0,1.0,48.0,0
C0135,21.0,Female,28998.0,Regular,2.0,9.0,7.0,21.0,9.0,4.0,43.0,0
C0136,47.0,Female,48906.0,Regular,5.0,12.0,1.0,13.0,8.0,5.0,102.0,1
C0137,54.0,Male,121026.0,New,9.0,3.0,12.0,55.0,10.0,7.0,148.0,1
C0138,40.0,Male,90192.0,Regular,7.0,16.0,15.0,24.0,10.0,7.0,18.0,1
C0139,56.0,Male,70477.0,Regular,5.0,7.0,14.0,23.0,2.0,7.0,177.0,1
C0140,32.0,Female,56901.0,New,1.0,5.0,5.0,23.0,1.0,1.0,76.0,0
C0141,60.0,Female,111271.0,Regular,1.0,7.0,8.0,11.0,5.0,5.0,145.0,1
C0142,46.0,Male,72021.0,Loyal,13.0,19.0,7.0,47.0,10.0,5.0,150.0,1
C0143,53.0,Male,49092.0,Regular,15.0,17.0,11.0,2.0,4.0,4.0,82.0,0
C0144,30.0,Female,21242.0,Regular,6.0,16.0,2.0,6.0,3.0,6.0,10.0,1
C0145,49.0,Female,126843.0,Regular,0.0,19.0,14.0,53.0,3.0,5.0,24.0,1
C0146,24.0,Female,21831.0,Regular,0.0,18.0,8.0,11.0,7.0,4.0,140.0,0
C0147,39.0,Male,70721.0,New,6.0,19.0,2.0,15.0,9.0,7.0,4.0,0
C0148,45.0,Male,48511.0,New,8.0,4.0,10.0,9.0,2.0,1.0,170.0,0
C0149,19.0,Male,92782.0,Loyal,4.0,1.0,1.0,12.0,0.0,1.0,126.0,0
C0150,59.0,Female,117003.0,Loyal,10.0,4.0,11.0,58.0,4.0,5.0,133.0,1
C0151,23.0,Female,38302.0,Regular,0.0,4.0,11.0,59.0,7.0,4.0,154.0,0
C0152,45.0,Male,75568.0,New,4.0,9.0,14.0,36.0,2.0,1.0,80.0,0
C0153,45.0,Male,23232.0,New,10.0,8.0,11.0,28.0,1.0,5.0,5.0,0
C0154,37.0,Female,122062.0,Regular,0.0,2.0,3.0,23.0,0.0,6.0,154.0,0
C0155,47.0,Male,124301.0,Regular,9.0,6.0,3.0,27.0,3.0,0.0,83.0,0
C0156,28.0,Female,71507.0,New,14.0,11.0,6.0,24.0,10.0,2.0,6.0,1
C0157,45.0,Female,144277.0,Loyal,11.0,4.0,12.0,14.0,1.0,6.0,152.0,1
C0158,42.0,Male,149999.0,Regular,8.0,14.0,3.0,54.0,7.0,6.0,7.0,1
C0159,56.0,Female,96508.0,Loyal,3.0,9.0,7.0,35.0,10.0,2.0,10.0,0
C0160,50.0,Male,133672.0,Loyal,8.0,2.0,8.0,27.0,9.0,3.0,167.0,1
C0161,18.0,Female,120128.0,Loyal,1.0,1.0,3.0,21.0,8.0,5.0,78.0,0
C0162,44.0,Female,30683.0,Regular,6.0,4.0,9.0,49.0,9.0,2.0,156.0,0
C0163,30.0,Male,43664.0,Regular,15.0,12.0,1.0,13.0,0.0,0.0,42.0,1
C0164,58.0,Female,122364.0,Regular,14.0,5.0,15.0,8.0,1.0,5.0,62.0,0
C0165,20.0,Male,140012.0,Regular,11.0,9.0,3.0,44.0,5.0,2.0,125.0,0
C0166,56.0,Male,53172.0,Regular,12.0,4.0,12.0,44.0,9.0,2.0,180.0,0
C0167,23.0,Female,103641.0,Loyal,1.0,16.0,3.0,44.0,6.0,0.0,22.0,0
C0168,25.0,Male,84340.0,Regular,11.0,2.0,7.0,59.0,1.0,7.0,57.0,1
C0169,44.0,Male,107236.0,Loyal,3.0,16.0,11.0,34.0,7.0,4.0,96.0,1
C0170,26.0,Male,31017.0,Loyal,5.0,16.0,11.0,42.0,9.0,7.0,139.0,1
C0171,54.0,Male,56613.0,New,13.0,11.0,5.0,23.0,8.0,7.0,142.0,0
C0172,50.0,Male,106130.0,New,1.0,1.0,4.0,9.0,7.0,7.0,31.0,0
C0173,59.0,Male,96920.0,Regular,1.0,15.0,2.0,1.0,8.0,2.0,4.0,0
C0174,41.0,Female,50348.0,Regular,1.0,4.0,7.0,36.0,5.0,6.0,109.0,0
C0175,32.0,Male,36448.0,Loyal,2.0,18.0,3.0,55.0,10.0,7.0,150.0,0
C0176,49.0,Female,29491.0,Regular,4.0,17.0,7.0,46.0,6.0,3.0,118.0,1
C0177,49.0,Female,98648.0,Regular,8.0,7.0,10.0,16.0,5.0,6.0,93.0,1
C0178,41.0,Male,141070.0,Regular,15.0,18.0,12.0,25.0,6.0,7.0,99.0,1
C0179,58.0,Female,116557.0,New,5.0,13.0,7.0,18.0,2.0,2.0,77.0,0
C0180,29.0,Female,78759.0,Regular,14.0,20.0,11.0,34.0,3.0,7.0,83.0,1
C0181,56.0,Male,64553.0,Loyal,14.0,20.0,2.0,38.0,8.0,2.0,115.0,1
C0182,19.0,Male,20968.0,New,11.0,10.0,7.0,3.0,2.0,0.0,61.0,0
C0183,20.0,Male,20368.0,Regular,13.0,1.0,6.0,20.0,1.0,7.0,100.0,0
C0184,54.0,Female,93960.0,Regular,8.0,2.0,10.0,19.0,10.0,7.0,134.0,0
C0185,34.0,Female,55010.0,New,9.0,17.0,4.0,13.0,6.0,0.0,79.0,0
C0186,19.0,Male,74154.0,New,14.0,3.0,11.0,17.0,5.0,5.0,6.0,1
C0187,19.0,Male,55851.0,Loyal,13.0,17.0,5.0,14.0,2.0,3.0,66.0,1
C0188,45.0,Female,142761.0,Regular,12.0,12.0,12.0,30.0,5.0,1.0,164.0,1
C0189,40.0,Female,45496.0,New,4.0,12.0,8.0,22.0,6.0,0.0,143.0,0
C0190,54.0,Female,143568.0,New,15.0,20.0,5.0,43.0,5.0,7.0,76.0,1
C0191,49.0,Female,147152.0,Regular,10.0,10.0,3.0,48.0,0.0,1.0,40.0,0
C0192,50.0,Male,50936.0,Regular,5.0,7.0,2.0,43.0,0.0,7.0,169.0,0
C0193,18.0,Female,98858.0,Regular,9.0,10.0,6.0,29.0,8.0,3.0,7.0,0
C0194,36.0,Female,87005.0,New,11.0,18.0,6.0,50.0,5.0,2.0,22.0,0
C0195,19.0,Female,57493.0,Loyal,7.0,6.0,7.0,2.0,1.0,5.0,72.0,0
C0196,43.0,Female,89795.0,Regular,15.0,7.0,8.0,55.0,10.0,2.0,106.0,0
C0197,49.0,Male,56390.0,Regular,2.0,17.0,4.0,53.0,0.0,6.0,139.0,0
C0198,23.0,Male,30292.0,Regular,1.0,12.0,12.0,8.0,10.0,5.0,130.0,1
C0199,49.0,Female,112377.0,Regular,15.0,17.0,8.0,14.0,1.0,1.0,30.0,1
C0200,21.0,Female,48365.0,Loyal,2.0,18.0,12.0,34.0,7.0,6.0,68.0,1
C0201,28.0,,37207.0,Loyal,13.0,14.0,1.0,13.0,4.0,3.0,89.0,0
C0202,34.0,Male,121735.0,Regular,8.0,11.0,6.0,10.0,6.0,3.0,149.0,0
C0203,55.0,Female,42912.0,Loyal,15.0,2.0,6.0,8.0,6.0,0.0,153.0,1
C0204,41.0,Female,122455.0,Loyal,14.0,1.0,3.0,7.0,1.0,7.0,73.0,1
C0205,22.0,Male,122517.0,Loyal,5.0,11.0,9.0,13.0,3.0,1.0,72.0,1
C0206,51.0,Male,100771.0,New,9.0,2.0,12.0,26.0,1.0,5.0,133.0,1
C0207,23.0,Male,76572.0,Regular,11.0,16.0,12.0,56.0,6.0,0.0,66.0,0
C0208,39.0,Male,127293.0,New,3.0,3.0,5.0,59.0,4.0,1.0,85.0,0
C0209,28.0,Male,119083.0,Loyal,9.0,20.0,15.0,32.0,0.0,6.0,49.0,1
C0210,33.0,Male,133655.0,New,2.0,1.0,1.0,19.0,1.0,0.0,8.0,0
C0211,50.0,Female,129346.0,Regular,12.0,20.0,7.0,56.0,5.0,0.0,155.0,0
C0212,26.0,Male,39276.0,Regular,1.0,8.0,10.0,15.0,3.0,3.0,2.0,1
C0213,23.0,Male,117459.0,Regular,14.0,19.0,15.0,54.0,6.0,3.0,28.0,0
C0214,33.0,Male,25534.0,Regular,15.0,1.0,14.0,2.0,1.0,2.0,139.0,0
C0215,46.0,Male,112005.0,Loyal,13.0,5.0,3.0,54.0,1.0,2.0,46.0,1
C0216,20.0,Female,121610.0,Regular,3.0,1.0,10.0,37.0,5.0,3.0,126.0,0
C0217,37.0,Female,55670.0,Loyal,8.0,11.0,10.0,19.0,7.0,3.0,21.0,1
C0218,53.0,Male,82147.0,New,3.0,9.0,11.0,33.0,0.0,6.0,170.0,1
C0219,36.0,Female,118099.0,Regular,12.0,5.0,4.0,39.0,4.0,7.0,32.0,1
C0220,43.0,Female,131695.0,Regular,15.0,2.0,6.0,50.0,0.0,0.0,160.0,0
C0221,20.0,Female,56486.0,New,11.0,13.0,8.0,33.0,10.0,2.0,150.0,0
C0222,36.0,Female,85557.0,Regular,4.0,18.0,13.0,1.0,5.0,3.0,77.0,0
C0223,37.0,Female,54268.0,Regular,15.0,12.0,4.0,39.0,6.0,1.0,21.0,0
C0224,49.0,Female,127338.0,Regular,14.0,14.0,15.0,28.0,5.0,1.0,150.0,1
C0225,24.0,Male,101335.0,Regular,7.0,5.0,12.0,17.0,8.0,2.0,34.0,0
C0226,58.0,Male,46336.0,Regular,1.0,10.0,9.0,57.0,2.0,1.0,138.0,0
C0227,50.0,Male,23641.0,New,11.0,20.0,8.0,6.0,7.0,5.0,65.0,0
C0228,57.0,Male,107132.0,New,10.0,2.0,10.0,52.0,2.0,0.0,65.0,0
C0229,56.0,Male,52959.0,Regular,13.0,4.0,10.0,44.0,10.0,2.0,88.0,0
C0230,35.0,Female,33306.0,New,2.0,12.0,6.0,20.0,6.0,5.0,67.0,1
C0231,57.0,Male,66182.0,New,5.0,11.0,7.0,47.0,4.0,3.0,43.0,0
C0232,18.0,Male,94123.0,Regular,11.0,4.0,8.0,13.0,0.0,6.0,115.0,0
C0233,28.0,Female,76326.0,Regular,6.0,11.0,2.0,12.0,10.0,6.0,169.0,0
C0234,45.0,Female,116895.0,Regular,3.0,9.0,5.0,30.0,3.0,5.0,141.0,0
C0235,42.0,Male,41498.0,Regular,13.0,10.0,13.0,21.0,10.0,1.0,118.0,1
C0236,40.0,Female,90198.0,Regular,14.0,6.0,7.0,2.0,8.0,0.0,4.0,0
C0237,48.0,Female,122630.0,Regular,0.0,15.0,8.0,53.0,7.0,3.0,23.0,1
C0238,47.0,Female,127369.0,Loyal,6.0,10.0,5.0,18.0,2.0,4.0,70.0,0
C0239,59.0,Female,47197.0,Regular,11.0,6.0,3.0,28.0,1.0,0.0,162.0,0
C0240,52.0,Male,40719.0,Regular,8.0,1.0,15.0,4.0,10.0,7.0,41.0,1
C0241,24.0,Female,110201.0,Regular,0.0,20.0,6.0,42.0,8.0,1.0,146.0,0
C0242,33.0,Male,128775.0,New,13.0,4.0,5.0,43.0,0.0,0.0,120.0,0
C0243,43.0,Male,45032.0,Regular,0.0,14.0,8.0,53.0,8.0,6.0,90.0,1
C0244,19.0,Female,79624.0,Regular,0.0,20.0,9.0,6.0,6.0,4.0,161.0,1
C0245,18.0,Female,98177.0,Loyal,9.0,20.0,9.0,38.0,1.0,7.0,153.0,1
C0246,29.0,Female,61964.0,Loyal,6.0,8.0,12.0,9.0,10.0,4.0,52.0,1
C0247,22.0,Male,50028.0,Regular,15.0,11.0,12.0,20.0,4.0,0.0,145.0,0
C0248,54.0,Female,131030.0,New,10.0,15.0,6.0,45.0,1.0,6.0,51.0,0
C0249,49.0,Female,74646.0,New,8.0,19.0,15.0,30.0,4.0,3.0,131.0,0
C0250,26.0,Female,101187.0,Regular,15.0,8.0,4.0,37.0,6.0,6.0,55.0,0
C0251,58.0,NaN,28536.0,Regular,2.0,13.0,4.0,38.0,4.0,5.0,119.0,0
C0252,52.0,Female,137399.0,New,7.0,18.0,9.0,4.0,1.0,3.0,113.0,0
C0253,36.0,Male,76747.0,Regular,8.0,17.0,4.0,38.0,10.0,4.0,35.0,1
C0254,33.0,Female,65712.0,New,2.0,6.0,8.0,50.0,4.0,2.0,68.0,1
C0255,20.0,Female,26273.0,Loyal,11.0,15.0,9.0,60.0,9.0,2.0,92.0,0
C0256,37.0,Female,91820.0,New,11.0,13.0,5.0,13.0,5.0,3.0,59.0,1
C0257,41.0,Male,145342.0,Loyal,2.0,18.0,13.0,55.0,4.0,2.0,13.0,1
C0258,50.0,Female,111228.0,Loyal,14.0,11.0,6.0,35.0,1.0,3.0,62.0,0
C0259,41.0,Male,94353.0,Regular,0.0,13.0,3.0,30.0,5.0,1.0,94.0,0
C0260,28.0,Male,114491.0,Regular,1.0,1.0,12.0,42.0,5.0,7.0,175.0,1
C0261,25.0,Female,112091.0,Regular,15.0,18.0,5.0,4.0,1.0,3.0,3.0,1
C0262,53.0,Female,105914.0,Regular,6.0,5.0,5.0,25.0,3.0,1.0,21.0,1
C0263,55.0,Female,70830.0,Regular,2.0,6.0,15.0,31.0,6.0,5.0,104.0,0
C0264,57.0,Male,126718.0,Regular,6.0,1.0,14.0,47.0,0.0,4.0,65.0,0
C0265,37.0,Male,37127.0,Regular,15.0,7.0,2.0,12.0,0.0,2.0,146.0,0
C0266,52.0,Male,135150.0,Regular,4.0,4.0,10.0,15.0,10.0,5.0,13.0,0
C0267,42.0,Male,103488.0,Regular,9.0,9.0,6.0,53.0,10.0,5.0,77.0,1
C0268,52.0,Male,31539.0,New,7.0,15.0,9.0,57.0,5.0,6.0,109.0,0
C0269,42.0,Male,66761.0,Regular,4.0,6.0,11.0,26.0,6.0,6.0,96.0,0
C0270,46.0,Female,66219.0,New,15.0,17.0,15.0,58.0,4.0,4.0,93.0,1
C0271,35.0,Female,34692.0,New,15.0,20.0,7.0,10.0,9.0,0.0,45.0,0
C0272,35.0,Male,103656.0,New,2.0,18.0,14.0,12.0,7.0,7.0,62.0,1
C0273,19.0,Female,33334.0,New,8.0,4.0,8.0,58.0,10.0,0.0,30.0,1
C0274,52.0,Female,48615.0,New,14.0,9.0,2.0,22.0,3.0,5.0,14.0,1
C0275,33.0,Male,27903.0,Loyal,6.0,14.0,11.0,40.0,2.0,5.0,10.0,0
C0276,58.0,Male,48527.0,New,4.0,3.0,13.0,53.0,6.0,6.0,159.0,0
C0277,53.0,Female,35629.0,Regular,6.0,1.0,14.0,21.0,3.0,4.0,6.0,0
C0278,50.0,Male,141690.0,New,10.0,11.0,9.0,35.0,0.0,7.0,119.0,1
C0279,21.0,Male,78008.0,Loyal,9.0,1.0,3.0,7.0,10.0,3.0,19.0,1
C0280,50.0,Female,103276.0,Regular,8.0,12.0,10.0,18.0,7.0,3.0,12.0,1
C0281,31.0,Male,119318.0,Regular,4.0,9.0,5.0,27.0,4.0,7.0,117.0,0
C0282,38.0,Female,46708.0,Regular,6.0,5.0,14.0,60.0,7.0,2.0,103.0,1
C0283,37.0,Female,30860.0,Regular,10.0,15.0,7.0,35.0,7.0,4.0,114.0,0
C0284,25.0,Female,37438.0,Regular,8.0,18.0,4.0,47.0,4.0,0.0,82.0,1
C0285,24.0,Female,87300.0,New,0.0,9.0,7.0,2.0,7.0,4.0,9.0,0
C0286,20.0,Female,149263.0,Loyal,3.0,13.0,8.0,32.0,6.0,4.0,134.0,0
C0287,34.0,Male,91545.0,Regular,0.0,13.0,15.0,15.0,2.0,7.0,129.0,0
C0288,50.0,Male,40842.0,Regular,7.0,13.0,13.0,45.0,3.0,7.0,170.0,0
C0289,29.0,Male,80213.0,Regular,2.0,10.0,10.0,24.0,10.0,6.0,93.0,1
C0290,39.0,Male,62372.0,Regular,1.0,10.0,14.0,20.0,6.0,2.0,177.0,1
C0291,39.0,Female,134316.0,Loyal,13.0,7.0,10.0,10.0,3.0,3.0,99.0,1
C0292,47.0,Female,118971.0,Regular,3.0,5.0,4.0,56.0,5.0,5.0,99.0,1
C0293,55.0,Male,88906.0,Regular,10.0,20.0,15.0,24.0,1.0,0.0,30.0,0
C0294,55.0,Female,58744.0,New,2.0,7.0,5.0,24.0,1.0,2.0,35.0,0
C0295,25.0,Male,136082.0,Loyal,10.0,20.0,11.0,24.0,2.0,7.0,63.0,1
C0296,44.0,Male,77442.0,Regular,4.0,10.0,3.0,40.0,9.0,0.0,150.0,1
C0297,44.0,Male,149070.0,New,14.0,10.0,5.0,48.0,6.0,0.0,171.0,0
C0298,51.0,Female,105990.0,New,12.0,13.0,8.0,60.0,2.0,3.0,28.0,0
C0299,38.0,Female,141670.0,Regular,7.0,15.0,3.0,57.0,2.0,5.0,146.0,1
C0300,47.0,Female,126917.0,Loyal,9.0,6.0,15.0,48.0,3.0,5.0,32.0,1
C0301,50.0,Female,,New,7.0,20.0,14.0,34.0,9.0,6.0,69.0,0
C0302,45.0,Male,23650.0,Regular,10.0,12.0,13.0,41.0,5.0,3.0,162.0,1
C0303,50.0,Female,65117.0,New,6.0,19.0,5.0,40.0,0.0,2.0,159.0,0
C0304,22.0,Female,111244.0,Regular,7.0,11.0,10.0,11.0,5.0,1.0,110.0,0
C0305,36.0,Female,128198.0,Regular,12.0,6.0,1.0,26.0,7.0,2.0,97.0,1
C0306,21.0,Male,72772.0,Loyal,12.0,1.0,2.0,1.0,7.0,2.0,132.0,0
C0307,52.0,Male,23190.0,Regular,4.0,2.0,3.0,30.0,5.0,1.0,142.0,0
C0308,34.0,Female,68113.0,Loyal,9.0,15.0,1.0,53.0,5.0,0.0,15.0,0
C0309,45.0,Female,28789.0,Regular,9.0,4.0,13.0,43.0,2.0,4.0,20.0,1
C0310,47.0,Female,52125.0,New,10.0,5.0,11.0,18.0,1.0,1.0,20.0,1
C0311,46.0,Female,118695.0,Regular,11.0,15.0,12.0,26.0,6.0,4.0,177.0,1
C0312,23.0,Male,150000.0,Regular,15.0,11.0,11.0,53.0,7.0,7.0,99.0,0
C0313,52.0,Female,37459.0,Loyal,10.0,10.0,9.0,47.0,9.0,0.0,68.0,1
C0314,58.0,Female,55418.0,Loyal,12.0,17.0,9.0,56.0,5.0,1.0,18.0,0
C0315,54.0,Female,131904.0,New,5.0,2.0,5.0,9.0,4.0,3.0,152.0,0
C0316,41.0,Male,67085.0,New,7.0,20.0,14.0,9.0,3.0,2.0,155.0,0
C0317,46.0,Male,38768.0,New,14.0,10.0,4.0,1.0,0.0,1.0,33.0,0
C0318,48.0,Female,69961.0,Loyal,12.0,20.0,5.0,7.0,8.0,1.0,125.0,1
C0319,52.0,Female,101099.0,Loyal,0.0,3.0,4.0,44.0,10.0,0.0,64.0,0
C0320,50.0,Female,142735.0,Loyal,5.0,19.0,12.0,59.0,9.0,3.0,153.0,0
C0321,38.0,Female,47885.0,Regular,5.0,5.0,5.0,56.0,3.0,1.0,69.0,0
C0322,49.0,Female,107421.0,Regular,14.0,3.0,7.0,42.0,1.0,7.0,146.0,1
C0323,40.0,Male,81082.0,Regular,10.0,8.0,11.0,51.0,3.0,3.0,45.0,0
C0324,50.0,Male,26895.0,New,12.0,5.0,8.0,16.0,10.0,4.0,110.0,0
C0325,20.0,Male,70311.0,Regular,4.0,12.0,2.0,38.0,4.0,1.0,20.0,0
C0326,35.0,Female,109494.0,New,3.0,14.0,4.0,11.0,1.0,7.0,35.0,0
C0327,42.0,Male,87067.0,New,0.0,7.0,8.0,51.0,6.0,3.0,134.0,0
C0328,59.0,Male,91017.0,Loyal,10.0,11.0,7.0,25.0,2.0,2.0,91.0,1
C0329,48.0,Male,43932.0,Loyal,9.0,8.0,9.0,29.0,7.0,0.0,9.0,1
C0330,20.0,Female,41360.0,Regular,10.0,5.0,5.0,19.0,3.0,5.0,180.0,0
C0331,57.0,Female,74847.0,Regular,15.0,8.0,6.0,18.0,10.0,3.0,156.0,0
C0332,41.0,Male,129178.0,Regular,7.0,12.0,15.0,57.0,4.0,0.0,19.0,0
C0333,49.0,Female,110365.0,Regular,5.0,15.0,11.0,47.0,2.0,5.0,103.0,0
C0334,39.0,Male,105468.0,Loyal,2.0,19.0,8.0,59.0,10.0,7.0,85.0,1
C0335,40.0,Male,146065.0,Loyal,11.0,16.0,15.0,29.0,4.0,1.0,63.0,1
C0336,19.0,Male,58931.0,Regular,2.0,14.0,12.0,16.0,8.0,1.0,95.0,1
C0337,44.0,Male,75823.0,New,11.0,7.0,14.0,46.0,10.0,4.0,135.0,0
C0338,59.0,Female,58032.0,Regular,5.0,8.0,15.0,40.0,1.0,0.0,37.0,0
C0339,19.0,Female,135919.0,Regular,11.0,7.0,11.0,8.0,6.0,2.0,89.0,1
C0340,43.0,Female,101426.0,Regular,14.0,18.0,15.0,34.0,9.0,6.0,92.0,1
C0341,34.0,Female,38807.0,Loyal,6.0,6.0,5.0,6.0,7.0,2.0,36.0,1
C0342,57.0,Male,31767.0,Regular,7.0,19.0,14.0,45.0,2.0,3.0,17.0,0
C0343,50.0,Female,28071.0,New,4.0,4.0,9.0,45.0,10.0,2.0,90.0,0
C0344,26.0,Male,73413.0,Regular,9.0,3.0,4.0,53.0,3.0,5.0,92.0,0
C0345,60.0,Female,46149.0,Loyal,5.0,17.0,8.0,30.0,10.0,0.0,165.0,1
C0346,56.0,Female,35540.0,New,15.0,19.0,12.0,44.0,9.0,1.0,49.0,0
C0347,46.0,Female,121212.0,Regular,11.0,15.0,14.0,34.0,1.0,0.0,81.0,0
C0348,59.0,Male,90248.0,Regular,0.0,6.0,3.0,21.0,9.0,0.0,34.0,0
C0349,43.0,Male,141443.0,New,5.0,12.0,5.0,52.0,8.0,1.0,158.0,0
C0350,52.0,Male,111737.0,Regular,8.0,19.0,15.0,57.0,2.0,5.0,155.0,1
C0351,42.0,Male,130494.0,Regular,9.0,6.0,8.0,12.0,8.0,7.0,179.0,1
C0352,41.0,Female,138571.0,Regular,3.0,11.0,15.0,49.0,6.0,0.0,137.0,0
C0353,30.0,Male,105435.0,Loyal,13.0,20.0,10.0,6.0,5.0,2.0,20.0,0
C0354,24.0,Male,39787.0,New,13.0,20.0,12.0,39.0,10.0,3.0,175.0,1
C0355,53.0,Female,40982.0,New,9.0,10.0,7.0,60.0,10.0,6.0,147.0,0
C0356,37.0,Female,139696.0,Loyal,12.0,16.0,1.0,6.0,2.0,3.0,68.0,1
C0357,18.0,Male,42606.0,Regular,0.0,18.0,12.0,53.0,10.0,0.0,77.0,0
C0358,25.0,Female,147560.0,Regular,13.0,14.0,4.0,60.0,6.0,5.0,102.0,0
C0359,33.0,Male,30150.0,Loyal,10.0,4.0,2.0,4.0,10.0,1.0,140.0,1
C0360,31.0,Female,105929.0,Regular,8.0,12.0,2.0,53.0,2.0,4.0,125.0,1
C0361,29.0,Male,137423.0,Regular,15.0,20.0,13.0,9.0,10.0,5.0,73.0,0
C0362,40.0,Male,122795.0,New,3.0,8.0,15.0,5.0,5.0,0.0,79.0,1
C0363,32.0,Male,132223.0,New,1.0,7.0,7.0,10.0,7.0,0.0,113.0,0
C0364,45.0,Male,66936.0,New,15.0,9.0,12.0,47.0,4.0,4.0,133.0,0
C0365,51.0,Male,113286.0,Loyal,0.0,17.0,12.0,8.0,10.0,3.0,25.0,0
C0366,19.0,Female,28593.0,New,2.0,10.0,3.0,23.0,10.0,5.0,101.0,1
C0367,49.0,Male,37358.0,Regular,6.0,3.0,3.0,4.0,2.0,3.0,31.0,0
C0368,40.0,Male,102143.0,Loyal,10.0,8.0,15.0,58.0,5.0,6.0,174.0,0
C0369,39.0,Male,57381.0,Regular,15.0,14.0,6.0,37.0,7.0,4.0,34.0,0
C0370,42.0,Male,141465.0,Regular,9.0,7.0,6.0,7.0,9.0,1.0,169.0,1
C0371,39.0,Male,110347.0,Regular,15.0,16.0,1.0,6.0,2.0,6.0,68.0,1
C0372,39.0,Female,48074.0,Regular,1.0,18.0,15.0,45.0,10.0,0.0,122.0,1
C0373,59.0,Female,40595.0,Regular,14.0,11.0,15.0,51.0,10.0,2.0,166.0,1
C0374,23.0,Male,64194.0,Regular,8.0,6.0,15.0,42.0,4.0,3.0,46.0,1
C0375,32.0,Female,69377.0,Loyal,11.0,20.0,1.0,15.0,8.0,3.0,69.0,0
C0376,60.0,Male,46853.0,Loyal,12.0,14.0,11.0,35.0,9.0,5.0,27.0,1
C0377,54.0,Female,93719.0,Loyal,10.0,13.0,6.0,50.0,9.0,6.0,171.0,1
C0378,50.0,Female,40661.0,Loyal,1.0,4.0,7.0,32.0,2.0,6.0,45.0,0
C0379,25.0,Male,70493.0,Regular,4.0,20.0,9.0,14.0,10.0,3.0,18.0,1
C0380,22.0,Female,138724.0,Regular,7.0,20.0,4.0,35.0,1.0,7.0,32.0,1
C0381,56.0,Female,126705.0,Loyal,12.0,11.0,14.0,11.0,10.0,1.0,2.0,1
C0382,21.0,Male,56495.0,Regular,12.0,18.0,10.0,10.0,7.0,4.0,169.0,0
C0383,23.0,Male,33703.0,Loyal,11.0,1.0,6.0,17.0,6.0,1.0,20.0,1
C0384,49.0,Female,73080.0,Regular,9.0,12.0,12.0,13.0,8.0,3.0,38.0,0
C0385,47.0,Female,50815.0,Regular,7.0,18.0,3.0,57.0,3.0,5.0,1.0,0
C0386,52.0,Female,49565.0,Regular,2.0,7.0,13.0,34.0,2.0,0.0,142.0,0
C0387,57.0,Male,83321.0,Loyal,1.0,12.0,13.0,60.0,9.0,3.0,153.0,0
C0388,33.0,Female,137491.0,New,8.0,1.0,11.0,45.0,4.0,0.0,137.0,0
C0389,30.0,Female,78453.0,Regular,15.0,4.0,4.0,51.0,10.0,5.0,180.0,1
C0390,59.0,Female,108478.0,Regular,2.0,18.0,9.0,5.0,0.0,0.0,136.0,0
C0391,47.0,Male,128522.0,New,7.0,15.0,14.0,48.0,4.0,3.0,16.0,0
C0392,36.0,Male,53161.0,Loyal,1.0,3.0,14.0,10.0,2.0,3.0,114.0,0
C0393,34.0,Male,75991.0,Regular,2.0,7.0,1.0,32.0,0.0,0.0,8.0,0
C0394,36.0,Male,134296.0,Regular,0.0,6.0,5.0,12.0,2.0,1.0,23.0,0
C0395,45.0,Female,127339.0,Regular,13.0,15.0,15.0,52.0,4.0,1.0,73.0,0
C0396,43.0,Male,29716.0,Regular,10.0,15.0,15.0,13.0,4.0,5.0,34.0,1
C0397,54.0,Female,127099.0,Regular,5.0,6.0,11.0,21.0,9.0,1.0,18.0,0
C0398,43.0,Female,53349.0,Regular,12.0,8.0,7.0,48.0,7.0,6.0,109.0,1
C0399,40.0,Female,67098.0,New,6.0,8.0,3.0,54.0,10.0,2.0,44.0,1
C0400,26.0,Female,128435.0,Loyal,15.0,1.0,15.0,53.0,0.0,0.0,143.0,0
C0401,29.0,Male,20132.0,,3.0,13.0,2.0,58.0,6.0,2.0,15.0,0
C0402,18.0,Male,71990.0,Regular,0.0,13.0,13.0,33.0,4.0,2.0,93.0,0
C0403,18.0,Male,133288.0,Regular,2.0,11.0,11.0,54.0,2.0,6.0,127.0,1
C0404,51.0,Male,88921.0,Regular,8.0,4.0,2.0,41.0,3.0,0.0,121.0,0
C0405,49.0,Male,56538.0,Regular,4.0,7.0,1.0,48.0,2.0,2.0,23.0,0
C0406,42.0,Female,120572.0,Regular,5.0,12.0,5.0,51.0,7.0,5.0,71.0,1
C0407,57.0,Male,119279.0,Regular,3.0,13.0,13.0,47.0,3.0,5.0,109.0,0
C0408,18.0,Male,125909.0,Regular,0.0,12.0,3.0,50.0,2.0,0.0,32.0,0
C0409,33.0,Male,27213.0,Regular,13.0,16.0,11.0,54.0,1.0,4.0,114.0,1
C0410,56.0,Male,144693.0,New,4.0,6.0,12.0,32.0,2.0,4.0,160.0,0
C0411,22.0,Female,64223.0,Regular,4.0,14.0,7.0,12.0,6.0,7.0,33.0,0
C0412,39.0,Female,111655.0,New,4.0,19.0,1.0,46.0,5.0,6.0,171.0,1
C0413,46.0,Female,88371.0,New,15.0,16.0,9.0,35.0,9.0,0.0,13.0,1
C0414,20.0,Female,88274.0,Loyal,14.0,4.0,14.0,36.0,4.0,0.0,116.0,0
C0415,29.0,Female,127853.0,Regular,15.0,5.0,2.0,38.0,7.0,0.0,137.0,0
C0416,43.0,Male,24134.0,Regular,5.0,9.0,8.0,48.0,10.0,1.0,176.0,1
C0417,33.0,Female,111428.0,Regular,10.0,3.0,10.0,28.0,0.0,0.0,171.0,0
C0418,54.0,Female,59601.0,Loyal,1.0,10.0,4.0,13.0,2.0,5.0,67.0,0
C0419,39.0,Female,93889.0,Regular,0.0,17.0,6.0,12.0,1.0,5.0,32.0,0
C0420,46.0,Male,35690.0,Loyal,14.0,19.0,9.0,22.0,1.0,3.0,73.0,1
C0421,31.0,Male,21909.0,Regular,1.0,10.0,7.0,44.0,10.0,4.0,105.0,0
C0422,45.0,Female,111239.0,Loyal,12.0,12.0,15.0,2.0,0.0,7.0,129.0,1
C0423,22.0,Male,100032.0,Loyal,9.0,7.0,8.0,29.0,4.0,4.0,113.0,1
C0424,47.0,Male,32062.0,Loyal,5.0,18.0,15.0,13.0,4.0,6.0,106.0,1
C0425,22.0,Female,95386.0,New,15.0,19.0,7.0,35.0,2.0,0.0,69.0,0
C0426,29.0,Male,113237.0,New,4.0,15.0,2.0,13.0,8.0,4.0,69.0,1
C0427,33.0,Male,54731.0,New,15.0,7.0,9.0,57.0,5.0,0.0,61.0,1
C0428,43.0,Male,25153.0,New,14.0,12.0,15.0,34.0,9.0,0.0,8.0,1
C0429,43.0,Female,30481.0,Loyal,4.0,7.0,1.0,19.0,5.0,4.0,7.0,0
C0430,38.0,Female,119270.0,New,11.0,10.0,14.0,9.0,9.0,4.0,165.0,1
C0431,56.0,Female,86425.0,New,11.0,20.0,2.0,52.0,5.0,3.0,170.0,0
C0432,53.0,Male,83600.0,New,14.0,10.0,3.0,31.0,1.0,6.0,160.0,1
C0433,50.0,Female,104981.0,New,5.0,5.0,3.0,33.0,10.0,7.0,145.0,1
C0434,47.0,Male,91997.0,New,13.0,18.0,14.0,27.0,9.0,2.0,156.0,0
C0435,54.0,Male,124470.0,Loyal,9.0,9.0,10.0,45.0,9.0,3.0,70.0,0
C0436,40.0,Male,48205.0,Regular,6.0,16.0,4.0,2.0,7.0,3.0,176.0,1
C0437,27.0,Female,108887.0,New,15.0,7.0,5.0,15.0,5.0,4.0,54.0,1
C0438,22.0,Female,101542.0,Regular,8.0,10.0,6.0,19.0,2.0,7.0,170.0,1
C0439,53.0,Female,64149.0,Regular,6.0,5.0,1.0,57.0,9.0,6.0,36.0,0
C0440,51.0,Female,69112.0,New,1.0,7.0,14.0,31.0,8.0,5.0,66.0,1
C0441,48.0,Male,30940.0,Regular,5.0,5.0,13.0,57.0,1.0,6.0,159.0,0
C0442,27.0,Female,79010.0,Regular,8.0,15.0,8.0,16.0,6.0,3.0,3.0,1
C0443,36.0,Male,96794.0,Regular,6.0,19.0,6.0,43.0,2.0,5.0,13.0,0
C0444,49.0,Female,44485.0,Regular,1.0,10.0,10.0,15.0,5.0,4.0,159.0,0
C0445,18.0,Female,109299.0,New,2.0,8.0,9.0,6.0,4.0,1.0,29.0,0
C0446,22.0,Female,144321.0,Loyal,7.0,9.0,5.0,14.0,5.0,0.0,57.0,1
C0447,21.0,Male,125584.0,Loyal,10.0,11.0,7.0,27.0,7.0,2.0,161.0,1
C0448,33.0,Male,21067.0,Loyal,15.0,2.0,11.0,38.0,2.0,5.0,10.0,1
C0449,41.0,Male,40607.0,New,8.0,3.0,4.0,19.0,1.0,1.0,63.0,0
C0450,33.0,Male,129419.0,Loyal,3.0,13.0,6.0,37.0,7.0,5.0,73.0,0
C0451,19.0,Male,NaN,Loyal,15.0,11.0,6.0,43.0,0.0,0.0,108.0,1
C0452,45.0,Female,146736.0,Loyal,8.0,10.0,13.0,4.0,1.0,0.0,101.0,0
C0453,49.0,Male,94554.0,New,1.0,15.0,4.0,58.0,9.0,6.0,96.0,1
C0454,44.0,Male,68521.0,Regular,12.0,6.0,6.0,26.0,0.0,2.0,97.0,0
C0455,37.0,Male,132482.0,Loyal,10.0,1.0,8.0,60.0,4.0,3.0,2.0,0
C0456,41.0,Male,35187.0,Regular,4.0,14.0,11.0,9.0,7.0,0.0,110.0,0
C0457,29.0,Female,122911.0,Regular,10.0,18.0,5.0,41.0,1.0,2.0,130.0,1
C0458,52.0,Male,23985.0,Loyal,1.0,11.0,2.0,49.0,3.0,5.0,123.0,0
C0459,50.0,Female,63052.0,Regular,10.0,8.0,9.0,40.0,3.0,5.0,116.0,0
C0460,50.0,Female,39563.0,Regular,0.0,3.0,11.0,15.0,10.0,5.0,37.0,0
C0461,60.0,Female,67322.0,Regular,12.0,14.0,4.0,41.0,10.0,6.0,130.0,1
C0462,54.0,Male,122842.0,Loyal,13.0,2.0,4.0,37.0,6.0,5.0,61.0,0
C0463,29.0,Female,81245.0,New,4.0,16.0,11.0,4.0,0.0,5.0,40.0,0
C0464,20.0,Male,71514.0,Regular,1.0,6.0,7.0,26.0,8.0,4.0,25.0,1
C0465,18.0,Male,38608.0,Regular,13.0,1.0,10.0,52.0,2.0,0.0,123.0,0
C0466,50.0,Male,124675.0,Loyal,12.0,14.0,14.0,18.0,5.0,6.0,166.0,1
C0467,57.0,Male,87262.0,Regular,15.0,10.0,10.0,41.0,9.0,0.0,37.0,1
C0468,27.0,Male,112118.0,Loyal,6.0,6.0,6.0,53.0,4.0,3.0,27.0,0
C0469,60.0,Female,91327.0,Loyal,7.0,9.0,14.0,59.0,3.0,6.0,84.0,0
C0470,46.0,Female,77225.0,New,1.0,7.0,4.0,35.0,8.0,7.0,178.0,0
C0471,30.0,Male,93994.0,Regular,6.0,2.0,6.0,54.0,10.0,3.0,162.0,0
C0472,29.0,Female,141701.0,New,3.0,11.0,3.0,41.0,8.0,6.0,44.0,1
C0473,48.0,Male,37221.0,Regular,0.0,14.0,7.0,41.0,0.0,4.0,72.0,0
C0474,19.0,Female,68506.0,Regular,15.0,5.0,6.0,60.0,6.0,0.0,132.0,0
C0475,52.0,Female,40968.0,Loyal,10.0,9.0,3.0,29.0,9.0,6.0,180.0,0
C0476,40.0,Female,147677.0,Loyal,14.0,7.0,1.0,53.0,8.0,3.0,55.0,1
C0477,34.0,Female,102606.0,New,2.0,14.0,12.0,24.0,4.0,6.0,73.0,1
C0478,43.0,Female,47937.0,New,10.0,16.0,10.0,4.0,0.0,2.0,12.0,0
C0479,25.0,Male,82435.0,Regular,11.0,16.0,5.0,21.0,7.0,5.0,142.0,1
C0480,46.0,Male,69508.0,Regular,0.0,7.0,10.0,39.0,4.0,5.0,163.0,1
C0481,43.0,Female,146695.0,New,4.0,10.0,2.0,7.0,5.0,7.0,6.0,1
C0482,27.0,Male,61831.0,Loyal,14.0,6.0,7.0,23.0,6.0,0.0,47.0,0
C0483,43.0,Female,62933.0,Loyal,12.0,17.0,13.0,40.0,9.0,5.0,151.0,0
C0484,51.0,Male,67307.0,Regular,7.0,1.0,7.0,59.0,6.0,5.0,115.0,1
C0485,58.0,Female,68340.0,Loyal,0.0,2.0,4.0,21.0,6.0,7.0,68.0,0
C0486,24.0,Female,122951.0,Regular,13.0,14.0,6.0,1.0,0.0,2.0,59.0,1
C0487,21.0,Female,128306.0,Regular,8.0,4.0,1.0,59.0,6.0,1.0,137.0,0
C0488,28.0,Male,106338.0,Regular,2.0,9.0,2.0,41.0,10.0,4.0,119.0,1
C0489,46.0,Male,63601.0,New,4.0,6.0,15.0,25.0,2.0,3.0,48.0,1
C0490,53.0,Female,95956.0,Loyal,8.0,17.0,6.0,31.0,4.0,1.0,9.0,1
C0491,42.0,Female,92178.0,Regular,4.0,11.0,2.0,55.0,9.0,3.0,172.0,1
C0492,38.0,Male,105311.0,Regular,8.0,4.0,12.0,44.0,4.0,1.0,46.0,0
C0493,53.0,Male,48754.0,Regular,9.0,9.0,12.0,38.0,7.0,5.0,143.0,0
C0494,27.0,Male,63310.0,New,7.0,16.0,11.0,45.0,6.0,3.0,176.0,0
C0495,54.0,Male,89893.0,New,6.0,3.0,4.0,5.0,6.0,4.0,72.0,0
C0496,26.0,Male,106799.0,Regular,10.0,4.0,4.0,53.0,5.0,0.0,128.0,0
C0497,41.0,Female,140007.0,Regular,0.0,3.0,10.0,31.0,6.0,2.0,170.0,1
C0498,52.0,Male,68367.0,Regular,3.0,13.0,9.0,51.0,6.0,1.0,110.0,0
C0499,52.0,Female,33201.0,Regular,8.0,19.0,15.0,58.0,4.0,2.0,145.0,0
C0500,53.0,Female,22739.0,Regular,9.0,1.0,10.0,1.0,4.0,7.0,35.0,0
C0501,35.0,Male,33231.0,Regular,,6.0,7.0,54.0,3.0,2.0,159.0,0
C0502,56.0,Male,145610.0,Regular,3.0,3.0,14.0,56.0,3.0,3.0,132.0,0
C0503,49.0,Female,127814.0,Loyal,11.0,3.0,7.0,30.0,4.0,0.0,48.0,0
C0504,41.0,Male,62495.0,Regular,15.0,16.0,12.0,18.0,9.0,3.0,142.0,0
C0505,40.0,Female,41168.0,Regular,0.0,10.0,11.0,8.0,8.0,7.0,153.0,1
C0506,49.0,Male,52624.0,New,9.0,17.0,1.0,56.0,10.0,2.0,46.0,1
C0507,54.0,Male,30635.0,Regular,3.0,7.0,11.0,26.0,5.0,5.0,48.0,1
C0508,29.0,Male,29964.0,New,14.0,13.0,5.0,40.0,7.0,6.0,168.0,0
C0509,30.0,Female,47785.0,Regular,2.0,11.0,3.0,58.0,8.0,4.0,178.0,1
C0510,40.0,Male,115046.0,New,5.0,10.0,3.0,15.0,3.0,0.0,7.0,0
C0511,42.0,Female,102797.0,Regular,10.0,7.0,6.0,19.0,6.0,0.0,95.0,0
C0512,52.0,Male,104790.0,Loyal,4.0,6.0,4.0,10.0,4.0,5.0,60.0,0
C0513,58.0,Female,96928.0,Regular,4.0,1.0,8.0,24.0,3.0,2.0,35.0,0
C0514,47.0,Male,32336.0,New,1.0,17.0,14.0,16.0,6.0,7.0,148.0,1
C0515,34.0,Female,97475.0,New,11.0,12.0,4.0,43.0,2.0,3.0,144.0,0
C0516,37.0,Female,47412.0,Loyal,2.0,4.0,8.0,31.0,0.0,5.0,150.0,0
C0517,42.0,Female,102212.0,New,10.0,3.0,14.0,44.0,6.0,4.0,164.0,0
C0518,39.0,Female,95379.0,Regular,5.0,6.0,12.0,16.0,8.0,1.0,19.0,1
C0519,30.0,Female,65591.0,Regular,1.0,16.0,15.0,16.0,1.0,3.0,130.0,0
C0520,36.0,Female,81750.0,Regular,14.0,13.0,12.0,28.0,6.0,0.0,68.0,1
C0521,53.0,Male,110648.0,Regular,3.0,9.0,4.0,20.0,9.0,5.0,98.0,0
C0522,29.0,Female,116134.0,Loyal,1.0,11.0,3.0,35.0,1.0,7.0,7.0,1
C0523,58.0,Female,55454.0,New,8.0,20.0,5.0,59.0,2.0,3.0,47.0,1
C0524,36.0,Female,118537.0,New,2.0,13.0,12.0,9.0,9.0,1.0,177.0,1
C0525,29.0,Male,82672.0,New,9.0,19.0,13.0,40.0,9.0,7.0,43.0,1
C0526,26.0,Male,47228.0,New,9.0,3.0,5.0,10.0,2.0,6.0,32.0,0
C0527,24.0,Male,34429.0,New,5.0,12.0,10.0,45.0,3.0,6.0,145.0,0
C0528,45.0,Female,104294.0,Regular,14.0,19.0,10.0,18.0,5.0,4.0,128.0,1
C0529,31.0,Male,87808.0,Regular,0.0,8.0,1.0,45.0,2.0,6.0,119.0,0
C0530,48.0,Male,102886.0,Regular,12.0,14.0,15.0,45.0,8.0,6.0,14.0,0
C0531,36.0,Female,135577.0,Regular,10.0,9.0,8.0,15.0,1.0,5.0,81.0,0
C0532,33.0,Female,73015.0,Regular,13.0,17.0,8.0,45.0,6.0,4.0,160.0,0
C0533,22.0,Male,108074.0,Regular,14.0,6.0,8.0,30.0,5.0,1.0,52.0,0
C0534,52.0,Female,88936.0,New,14.0,4.0,14.0,48.0,1.0,1.0,4.0,0
C0535,29.0,Female,100907.0,Regular,9.0,4.0,10.0,32.0,10.0,6.0,33.0,0
C0536,42.0,Female,77378.0,New,2.0,19.0,4.0,40.0,2.0,2.0,106.0,1
C0537,38.0,Female,57310.0,New,7.0,12.0,13.0,27.0,5.0,7.0,129.0,1
C0538,53.0,Male,121827.0,Regular,4.0,2.0,14.0,27.0,9.0,7.0,97.0,1
C0539,40.0,Female,103683.0,Loyal,15.0,17.0,9.0,19.0,3.0,0.0,64.0,1
C0540,33.0,Male,88827.0,Regular,7.0,15.0,10.0,10.0,0.0,2.0,128.0,0
C0541,56.0,Male,55256.0,New,15.0,10.0,3.0,44.0,0.0,3.0,37.0,0
C0542,59.0,Male,96428.0,Loyal,14.0,3.0,7.0,46.0,2.0,1.0,126.0,1
C0543,56.0,Male,119862.0,Regular,1.0,20.0,6.0,6.0,7.0,2.0,70.0,0
C0544,31.0,Female,122994.0,Regular,6.0,4.0,9.0,53.0,10.0,0.0,135.0,0
C0545,48.0,Female,58889.0,Loyal,8.0,1.0,12.0,24.0,3.0,0.0,104.0,0
C0546,22.0,Female,71428.0,Regular,6.0,1.0,14.0,9.0,10.0,1.0,152.0,1
C0547,52.0,Male,130502.0,New,2.0,18.0,13.0,27.0,0.0,7.0,114.0,1
C0548,40.0,Male,57207.0,Regular,6.0,4.0,4.0,7.0,7.0,5.0,55.0,0
C0549,46.0,Male,70255.0,Regular,14.0,15.0,4.0,6.0,9.0,7.0,121.0,0
C0550,60.0,Female,125824.0,Regular,7.0,10.0,6.0,54.0,5.0,2.0,123.0,1
C0551,28.0,Male,111531.0,Regular,13.0,17.0,8.0,33.0,0.0,4.0,3.0,1
C0552,35.0,Female,25409.0,Loyal,0.0,12.0,3.0,21.0,9.0,7.0,92.0,0
C0553,29.0,Female,62438.0,Loyal,12.0,20.0,11.0,46.0,9.0,1.0,151.0,1
C0554,26.0,Female,130410.0,Loyal,12.0,12.0,8.0,56.0,5.0,6.0,164.0,0
C0555,27.0,Female,130238.0,Loyal,2.0,16.0,14.0,38.0,0.0,3.0,119.0,0
C0556,34.0,Male,115359.0,Loyal,4.0,5.0,8.0,44.0,9.0,2.0,176.0,1
C0557,55.0,Female,27869.0,New,11.0,16.0,14.0,17.0,9.0,2.0,141.0,0
C0558,24.0,Male,121260.0,New,5.0,17.0,14.0,31.0,2.0,1.0,61.0,0
C0559,30.0,Female,76862.0,Regular,2.0,15.0,7.0,37.0,1.0,5.0,152.0,0
C0560,57.0,Male,107937.0,Loyal,14.0,13.0,7.0,11.0,3.0,2.0,171.0,0
C0561,59.0,Male,45958.0,Regular,3.0,8.0,5.0,28.0,1.0,2.0,101.0,0
C0562,26.0,Female,96302.0,Regular,4.0,2.0,2.0,5.0,10.0,3.0,116.0,1
C0563,44.0,Female,39768.0,New,14.0,8.0,12.0,12.0,4.0,5.0,33.0,0
C0564,19.0,Female,116330.0,New,2.0,10.0,14.0,3.0,3.0,3.0,78.0,1
C0565,22.0,Male,46145.0,Regular,15.0,7.0,15.0,56.0,5.0,4.0,24.0,0
C0566,46.0,Female,95622.0,New,3.0,10.0,2.0,41.0,6.0,3.0,150.0,0
C0567,54.0,Female,128739.0,Regular,4.0,4.0,13.0,38.0,1.0,6.0,52.0,0
C0568,55.0,Male,46442.0,New,1.0,11.0,12.0,54.0,1.0,4.0,101.0,0
C0569,36.0,Female,101948.0,Regular,9.0,9.0,10.0,2.0,7.0,3.0,116.0,0
C0570,25.0,Male,143585.0,Regular,8.0,4.0,12.0,26.0,8.0,4.0,123.0,0
C0571,18.0,Female,45596.0,Regular,9.0,3.0,8.0,2.0,4.0,5.0,6.0,0
C0572,39.0,Male,95791.0,Regular,7.0,11.0,11.0,54.0,6.0,3.0,147.0,0
C0573,34.0,Male,62406.0,New,11.0,3.0,6.0,12.0,8.0,3.0,76.0,0
C0574,24.0,Female,60524.0,Loyal,15.0,18.0,8.0,40.0,0.0,1.0,90.0,1
C0575,42.0,Male,43332.0,Regular,5.0,19.0,3.0,2.0,7.0,3.0,157.0,0
C0576,21.0,Female,130160.0,Regular,9.0,14.0,1.0,41.0,9.0,4.0,123.0,1
C0577,53.0,Female,35764.0,Regular,10.0,11.0,13.0,16.0,9.0,1.0,64.0,0
C0578,23.0,Male,47563.0,New,2.0,2.0,6.0,60.0,8.0,4.0,142.0,0
C0579,48.0,Female,107675.0,Loyal,10.0,2.0,2.0,30.0,8.0,7.0,81.0,0
C0580,36.0,Male,56370.0,Regular,1.0,2.0,12.0,57.0,9.0,3.0,158.0,0
C0581,56.0,Male,25062.0,Regular,6.0,10.0,15.0,47.0,6.0,3.0,71.0,1
C0582,44.0,Male,64645.0,New,7.0,15.0,9.0,46.0,9.0,7.0,149.0,1
C0583,27.0,Male,142759.0,Loyal,9.0,12.0,5.0,52.0,2.0,4.0,65.0,0
C0584,43.0,Male,27244.0,Loyal,0.0,11.0,5.0,36.0,4.0,7.0,113.0,0
C0585,36.0,Male,26372.0,New,13.0,17.0,13.0,4.0,1.0,5.0,102.0,1
C0586,56.0,Male,125409.0,Regular,14.0,18.0,10.0,11.0,10.0,5.0,4.0,1
C0587,20.0,Male,146248.0,Loyal,5.0,14.0,8.0,53.0,9.0,6.0,174.0,1
C0588,30.0,Female,105501.0,Regular,6.0,17.0,6.0,24.0,2.0,5.0,136.0,0
C0589,45.0,Female,137450.0,Loyal,14.0,15.0,3.0,18.0,9.0,2.0,146.0,1
C0590,37.0,Male,84471.0,Regular,12.0,12.0,9.0,27.0,6.0,1.0,60.0,1
C0591,45.0,Female,130533.0,Regular,8.0,16.0,10.0,37.0,0.0,1.0,45.0,0
C0592,25.0,Female,36956.0,Regular,11.0,6.0,4.0,2.0,2.0,7.0,72.0,0
C0593,58.0,Female,60473.0,New,2.0,2.0,10.0,15.0,4.0,5.0,95.0,1
C0594,56.0,Female,33894.0,Regular,1.0,2.0,4.0,11.0,10.0,7.0,31.0,1
C0595,18.0,Female,130584.0,Loyal,4.0,16.0,12.0,27.0,3.0,3.0,156.0,0
C0596,20.0,Female,118918.0,Regular,12.0,2.0,13.0,56.0,2.0,1.0,120.0,0
C0597,30.0,Male,89586.0,Regular,14.0,8.0,2.0,49.0,5.0,4.0,64.0,0
C0598,45.0,Female,36709.0,Regular,9.0,7.0,3.0,48.0,5.0,3.0,165.0,0
C0599,42.0,Female,101258.0,Regular,0.0,1.0,4.0,47.0,3.0,1.0,67.0,0
C0600,50.0,Female,138428.0,Loyal,12.0,4.0,7.0,23.0,8.0,0.0,109.0,0
C0601,55.0,Female,35210.0,Loyal,5.0,,13.0,35.0,10.0,1.0,68.0,1
C0602,23.0,Male,69510.0,New,8.0,20.0,3.0,52.0,5.0,5.0,35.0,0
C0603,49.0,Male,122081.0,Loyal,9.0,7.0,8.0,30.0,8.0,4.0,98.0,0
C0604,38.0,Male,58674.0,Loyal,14.0,18.0,8.0,47.0,10.0,1.0,36.0,0
C0605,33.0,Male,145251.0,Loyal,8.0,4.0,10.0,24.0,9.0,7.0,132.0,0
C0606,38.0,Female,120025.0,Regular,6.0,17.0,11.0,19.0,9.0,6.0,49.0,1
C0607,28.0,Male,37733.0,Loyal,13.0,11.0,2.0,60.0,1.0,2.0,167.0,0
C0608,54.0,Male,40080.0,New,10.0,11.0,4.0,29.0,5.0,5.0,18.0,0
C0609,53.0,Male,122200.0,Regular,6.0,20.0,8.0,13.0,3.0,6.0,60.0,0
C0610,52.0,Male,73412.0,Loyal,14.0,11.0,1.0,48.0,1.0,6.0,86.0,0
C0611,36.0,Female,144476.0,New,7.0,15.0,1.0,23.0,4.0,2.0,138.0,0
C0612,37.0,Male,78971.0,New,9.0,14.0,14.0,12.0,2.0,3.0,113.0,0
C0613,35.0,Female,59709.0,Loyal,13.0,17.0,14.0,49.0,5.0,7.0,23.0,1
C0614,58.0,Male,79846.0,Loyal,1.0,2.0,4.0,48.0,10.0,2.0,68.0,0
C0615,31.0,Female,85480.0,New,13.0,18.0,11.0,41.0,7.0,4.0,59.0,1
C0616,32.0,Female,131768.0,Loyal,5.0,16.0,2.0,29.0,3.0,0.0,90.0,0
C0617,48.0,Male,72960.0,Regular,4.0,12.0,1.0,6.0,3.0,0.0,7.0,0
C0618,18.0,Male,123550.0,Regular,4.0,10.0,8.0,51.0,4.0,3.0,13.0,1
C0619,20.0,Male,61152.0,Loyal,12.0,16.0,2.0,23.0,5.0,7.0,131.0,1
C0620,33.0,Male,47250.0,Regular,2.0,3.0,4.0,31.0,10.0,3.0,168.0,1
C0621,40.0,Female,105765.0,New,2.0,8.0,3.0,45.0,6.0,7.0,11.0,0
C0622,28.0,Female,137265.0,New,5.0,2.0,15.0,21.0,5.0,2.0,51.0,0
C0623,29.0,Male,68137.0,Regular,11.0,1.0,2.0,24.0,6.0,7.0,151.0,0
C0624,27.0,Male,102011.0,Regular,9.0,14.0,8.0,8.0,8.0,6.0,32.0,1
C0625,49.0,Female,138922.0,Loyal,12.0,4.0,3.0,44.0,3.0,4.0,169.0,0
C0626,33.0,Male,143360.0,Loyal,9.0,4.0,15.0,9.0,9.0,2.0,42.0,1
C0627,25.0,Female,141280.0,Regular,6.0,9.0,9.0,22.0,0.0,4.0,166.0,0
C0628,55.0,Male,66412.0,Loyal,13.0,3.0,10.0,4.0,8.0,7.0,102.0,1
C0629,29.0,Female,63876.0,New,0.0,5.0,5.0,13.0,6.0,4.0,121.0,1
C0630,41.0,Female,114547.0,New,13.0,1.0,9.0,34.0,3.0,0.0,78.0,0
C0631,45.0,Female,93664.0,Loyal,2.0,19.0,3.0,3.0,9.0,6.0,72.0,1
C0632,25.0,Female,70227.0,New,11.0,1.0,12.0,37.0,7.0,4.0,106.0,0
C0633,45.0,Female,52450.0,New,0.0,10.0,5.0,56.0,6.0,1.0,119.0,1
C0634,53.0,Male,104433.0,Regular,9.0,12.0,14.0,28.0,1.0,4.0,170.0,1
C0635,43.0,Female,93704.0,Regular,2.0,10.0,10.0,26.0,0.0,7.0,171.0,0
C0636,25.0,Male,26861.0,Loyal,4.0,2.0,6.0,50.0,8.0,0.0,33.0,0
C0637,45.0,Female,127294.0,New,8.0,16.0,9.0,53.0,6.0,5.0,79.0,0
C0638,45.0,Female,81914.0,New,2.0,8.0,8.0,46.0,9.0,2.0,165.0,0
C0639,54.0,Male,83888.0,Regular,9.0,14.0,2.0,57.0,0.0,4.0,78.0,1
C0640,58.0,Male,99286.0,Regular,13.0,15.0,2.0,34.0,3.0,1.0,119.0,0
C0641,53.0,Male,81293.0,Regular,9.0,16.0,13.0,15.0,4.0,7.0,57.0,1
C0642,44.0,Male,102524.0,Regular,8.0,11.0,5.0,8.0,4.0,3.0,52.0,1
C0643,34.0,Female,88515.0,Loyal,15.0,12.0,5.0,48.0,4.0,2.0,72.0,0
C0644,26.0,Male,43524.0,Loyal,0.0,2.0,5.0,35.0,10.0,3.0,68.0,0
C0645,50.0,Female,27065.0,New,5.0,4.0,4.0,24.0,2.0,1.0,100.0,0
C0646,37.0,Male,57684.0,Regular,8.0,3.0,8.0,52.0,4.0,0.0,82.0,1
C0647,30.0,Male,108720.0,Regular,11.0,9.0,11.0,52.0,3.0,5.0,155.0,0
C0648,45.0,Female,53365.0,Loyal,4.0,18.0,5.0,60.0,4.0,6.0,59.0,1
C0649,46.0,Female,78876.0,Loyal,10.0,19.0,1.0,55.0,6.0,0.0,19.0,0
C0650,30.0,Male,43704.0,New,13.0,7.0,10.0,37.0,4.0,5.0,3.0,0
C0651,52.0,Female,77857.0,NaN,9.0,4.0,14.0,4.0,7.0,6.0,39.0,1
C0652,23.0,Female,25622.0,Regular,1.0,6.0,5.0,55.0,7.0,2.0,66.0,0
C0653,35.0,Female,103797.0,New,4.0,19.0,1.0,12.0,2.0,4.0,73.0,0
C0654,22.0,Female,130468.0,New,0.0,1.0,4.0,19.0,4.0,4.0,134.0,0
C0655,42.0,Female,113955.0,Regular,8.0,16.0,1.0,15.0,3.0,7.0,28.0,0
C0656,19.0,Female,120003.0,Regular,9.0,11.0,6.0,57.0,4.0,3.0,176.0,0
C0657,27.0,Female,111141.0,New,12.0,4.0,6.0,30.0,7.0,0.0,98.0,1
C0658,47.0,Female,114707.0,Regular,9.0,18.0,1.0,45.0,3.0,7.0,93.0,1
C0659,22.0,Male,107700.0,New,8.0,5.0,12.0,37.0,4.0,4.0,176.0,0
C0660,50.0,Female,135404.0,Regular,5.0,6.0,8.0,12.0,6.0,7.0,126.0,1
C0661,18.0,Male,131733.0,Regular,10.0,2.0,14.0,19.0,2.0,5.0,16.0,0
C0662,35.0,Female,99332.0,New,8.0,12.0,4.0,34.0,5.0,6.0,35.0,0
C0663,49.0,Female,122390.0,Regular,13.0,9.0,2.0,7.0,8.0,4.0,75.0,1
C0664,28.0,Female,116856.0,New,2.0,20.0,13.0,28.0,10.0,0.0,107.0,1
C0665,38.0,Female,86201.0,Regular,14.0,12.0,14.0,55.0,3.0,0.0,87.0,0
C0666,43.0,Male,52694.0,New,3.0,13.0,1.0,28.0,3.0,1.0,158.0,1
C0667,42.0,Male,109766.0,Regular,12.0,17.0,11.0,29.0,5.0,6.0,176.0,1
C0668,39.0,Female,42995.0,New,5.0,5.0,3.0,37.0,5.0,3.0,69.0,0
C0669,44.0,Male,112320.0,Regular,3.0,20.0,7.0,20.0,2.0,7.0,116.0,1
C0670,30.0,Female,100141.0,Loyal,0.0,13.0,10.0,11.0,0.0,6.0,8.0,0
C0671,50.0,Female,102999.0,New,6.0,13.0,11.0,50.0,2.0,7.0,107.0,0
C0672,51.0,Male,28419.0,Regular,4.0,10.0,10.0,50.0,7.0,0.0,107.0,0
C0673,58.0,Male,67952.0,New,13.0,15.0,8.0,39.0,7.0,6.0,114.0,0
C0674,52.0,Female,143028.0,Regular,14.0,15.0,5.0,42.0,5.0,1.0,179.0,1
C0675,18.0,Female,53837.0,New,7.0,18.0,7.0,23.0,6.0,6.0,10.0,1
C0676,38.0,Male,90799.0,Regular,8.0,18.0,2.0,52.0,1.0,0.0,28.0,0
C0677,23.0,Female,68877.0,Regular,4.0,2.0,12.0,46.0,8.0,2.0,164.0,1
C0678,45.0,Male,126255.0,Loyal,7.0,11.0,12.0,20.0,2.0,5.0,60.0,0
C0679,34.0,Female,65687.0,Regular,12.0,13.0,15.0,20.0,1.0,5.0,10.0,1
C0680,22.0,Female,119667.0,Regular,0.0,11.0,4.0,11.0,4.0,2.0,142.0,0
C0681,48.0,Male,57276.0,Regular,0.0,4.0,6.0,2.0,0.0,2.0,102.0,0
C0682,22.0,Male,54523.0,Loyal,6.0,15.0,12.0,13.0,4.0,7.0,63.0,1
C0683,55.0,Male,86055.0,Loyal,14.0,11.0,12.0,13.0,9.0,7.0,175.0,1
C0684,20.0,Female,74615.0,New,5.0,18.0,12.0,41.0,3.0,0.0,56.0,1
C0685,40.0,Female,116642.0,Loyal,4.0,16.0,12.0,49.0,5.0,7.0,134.0,1
C0686,54.0,Female,130040.0,Regular,13.0,10.0,14.0,15.0,4.0,4.0,147.0,1
C0687,54.0,Female,30514.0,Loyal,14.0,12.0,12.0,56.0,8.0,4.0,180.0,1
C0688,27.0,Male,67456.0,Loyal,4.0,13.0,12.0,54.0,4.0,2.0,128.0,0
C0689,27.0,Female,27233.0,New,13.0,9.0,5.0,31.0,7.0,3.0,177.0,0
C0690,36.0,Female,21102.0,Regular,8.0,13.0,6.0,58.0,1.0,5.0,78.0,1
C0691,34.0,Female,86133.0,New,0.0,6.0,12.0,23.0,2.0,1.0,139.0,0
C0692,38.0,Male,66715.0,New,7.0,6.0,2.0,60.0,2.0,2.0,46.0,1
C0693,31.0,Female,105193.0,New,1.0,11.0,7.0,53.0,2.0,5.0,69.0,0
C0694,26.0,Female,130545.0,Regular,6.0,19.0,8.0,22.0,5.0,1.0,45.0,0
C0695,18.0,Male,124085.0,New,5.0,11.0,13.0,54.0,6.0,6.0,95.0,0
C0696,30.0,Female,129101.0,New,9.0,10.0,14.0,16.0,6.0,1.0,108.0,0
C0697,21.0,Female,26256.0,Regular,1.0,15.0,11.0,57.0,6.0,2.0,58.0,1
C0698,18.0,Male,141946.0,New,11.0,13.0,9.0,42.0,2.0,4.0,160.0,0
C0699,57.0,Female,128684.0,New,12.0,8.0,6.0,29.0,0.0,3.0,115.0,1
C0700,49.0,Female,84800.0,New,2.0,5.0,7.0,20.0,5.0,5.0,10.0,0
C0701,51.0,Female,148900.0,Regular,3.0,2.0,,28.0,2.0,2.0,141.0,0
C0702,45.0,Male,114937.0,Regular,6.0,16.0,12.0,27.0,2.0,1.0,111.0,0
C0703,48.0,Female,61548.0,New,7.0,13.0,13.0,44.0,2.0,7.0,13.0,0
C0704,25.0,Female,92090.0,Loyal,12.0,19.0,1.0,29.0,8.0,5.0,36.0,1
C0705,56.0,Male,98200.0,Regular,10.0,9.0,9.0,5.0,3.0,0.0,86.0,0
C0706,43.0,Male,62367.0,Regular,1.0,15.0,6.0,52.0,4.0,6.0,128.0,0
C0707,51.0,Female,148845.0,Regular,7.0,6.0,12.0,49.0,2.0,7.0,122.0,1
C0708,20.0,Female,133815.0,Regular,10.0,8.0,4.0,42.0,9.0,0.0,147.0,0
C0709,29.0,Female,109922.0,Regular,8.0,14.0,10.0,38.0,0.0,5.0,118.0,0
C0710,18.0,Female,90382.0,New,6.0,5.0,9.0,53.0,3.0,5.0,135.0,0
C0711,22.0,Male,147602.0,New,15.0,17.0,12.0,52.0,0.0,1.0,15.0,1
C0712,47.0,Female,146270.0,Loyal,0.0,7.0,1.0,38.0,10.0,7.0,81.0,0
C0713,47.0,Male,146320.0,New,5.0,9.0,2.0,44.0,10.0,2.0,46.0,0
C0714,34.0,Male,46205.0,Regular,15.0,16.0,3.0,53.0,6.0,7.0,48.0,0
C0715,40.0,Female,45570.0,Loyal,7.0,18.0,1.0,51.0,6.0,4.0,66.0,0
C0716,32.0,Female,50255.0,Regular,4.0,13.0,2.0,2.0,3.0,2.0,4.0,0
C0717,54.0,Male,41182.0,Regular,11.0,18.0,2.0,45.0,4.0,3.0,3.0,1
C0718,38.0,Male,59373.0,Regular,14.0,10.0,7.0,54.0,9.0,5.0,3.0,0
C0719,31.0,Female,63019.0,New,1.0,1.0,10.0,20.0,6.0,0.0,69.0,0
C0720,19.0,Male,82619.0,Regular,14.0,18.0,13.0,43.0,5.0,1.0,93.0,1
C0721,28.0,Female,36043.0,Regular,4.0,19.0,6.0,47.0,3.0,7.0,28.0,0
C0722,56.0,Female,65532.0,Loyal,7.0,2.0,12.0,13.0,3.0,4.0,23.0,0
C0723,55.0,Male,121290.0,Loyal,1.0,4.0,9.0,26.0,1.0,6.0,30.0,0
C0724,51.0,Male,85936.0,Loyal,0.0,11.0,14.0,35.0,9.0,2.0,62.0,1
C0725,55.0,Female,39239.0,Loyal,14.0,3.0,5.0,46.0,1.0,3.0,87.0,1
C0726,51.0,Male,30416.0,Regular,3.0,9.0,9.0,8.0,3.0,7.0,51.0,0
C0727,35.0,Female,23412.0,Regular,3.0,10.0,14.0,28.0,4.0,2.0,41.0,0
C0728,47.0,Female,101976.0,Regular,8.0,2.0,13.0,41.0,3.0,6.0,64.0,1
C0729,32.0,Female,44406.0,Regular,2.0,7.0,12.0,15.0,2.0,3.0,43.0,0
C0730,44.0,Male,21875.0,Loyal,3.0,15.0,10.0,55.0,10.0,2.0,91.0,1
C0731,51.0,Female,139231.0,New,2.0,19.0,14.0,50.0,1.0,4.0,58.0,1
C0732,55.0,Female,57066.0,Loyal,1.0,10.0,14.0,8.0,3.0,7.0,59.0,1
C0733,50.0,Female,122072.0,Loyal,3.0,20.0,9.0,11.0,10.0,4.0,168.0,0
C0734,41.0,Female,25752.0,Loyal,13.0,14.0,2.0,29.0,4.0,1.0,174.0,1
C0735,32.0,Female,106753.0,Loyal,7.0,4.0,15.0,59.0,0.0,4.0,62.0,1
C0736,47.0,Female,98025.0,New,0.0,11.0,12.0,5.0,0.0,3.0,177.0,1
C0737,59.0,Female,21353.0,New,7.0,3.0,9.0,47.0,5.0,1.0,116.0,0
C0738,34.0,Female,46986.0,New,7.0,17.0,3.0,47.0,4.0,6.0,111.0,1
C0739,22.0,Female,106907.0,New,14.0,7.0,11.0,59.0,10.0,4.0,23.0,1
C0740,46.0,Female,124901.0,Regular,2.0,11.0,3.0,58.0,3.0,0.0,172.0,1
C0741,21.0,Female,34691.0,Loyal,13.0,18.0,12.0,7.0,0.0,7.0,172.0,1
C0742,27.0,Male,89847.0,Loyal,9.0,14.0,11.0,53.0,6.0,6.0,19.0,1
C0743,34.0,Female,68075.0,Regular,9.0,14.0,14.0,18.0,3.0,3.0,172.0,0
C0744,27.0,Female,30794.0,New,11.0,6.0,15.0,28.0,2.0,6.0,11.0,0
C0745,34.0,Female,88470.0,New,11.0,9.0,9.0,12.0,6.0,7.0,60.0,1
C0746,37.0,Male,36406.0,New,5.0,3.0,15.0,12.0,1.0,6.0,166.0,1
C0747,41.0,Female,95930.0,Regular,12.0,17.0,7.0,36.0,9.0,1.0,3.0,1
C0748,22.0,Male,135897.0,Regular,12.0,12.0,15.0,29.0,0.0,3.0,144.0,0
C0749,51.0,Female,46872.0,New,3.0,4.0,14.0,11.0,10.0,1.0,9.0,0
C0750,23.0,Female,61708.0,Regular,12.0,20.0,11.0,53.0,3.0,7.0,41.0,1
C0751,19.0,Male,135492.0,New,0.0,16.0,15.0,6.0,7.0,7.0,38.0,0
C0752,30.0,Female,126629.0,Regular,13.0,10.0,8.0,21.0,5.0,3.0,69.0,1
C0753,60.0,Male,40800.0,Regular,0.0,7.0,7.0,10.0,8.0,0.0,35.0,1
C0754,60.0,Male,63397.0,Regular,4.0,10.0,9.0,59.0,0.0,7.0,127.0,0
C0755,28.0,Female,143313.0,Regular,11.0,7.0,8.0,32.0,0.0,6.0,163.0,1
C0756,40.0,Female,57909.0,Loyal,15.0,18.0,14.0,47.0,10.0,4.0,48.0,1
C0757,33.0,Female,41352.0,New,7.0,9.0,4.0,33.0,4.0,2.0,107.0,1
C0758,48.0,Female,121975.0,Regular,0.0,18.0,2.0,17.0,5.0,6.0,8.0,1
C0759,28.0,Male,113848.0,Regular,1.0,17.0,14.0,3.0,7.0,2.0,27.0,0
C0760,33.0,Male,125596.0,Regular,6.0,11.0,13.0,57.0,2.0,2.0,9.0,1
C0761,25.0,Female,35438.0,Loyal,15.0,1.0,11.0,43.0,5.0,6.0,158.0,0
C0762,21.0,Male,108921.0,Regular,7.0,17.0,5.0,18.0,2.0,1.0,14.0,0
C0763,57.0,Male,64999.0,Regular,11.0,4.0,2.0,10.0,7.0,4.0,151.0,0
C0764,21.0,Female,38482.0,New,13.0,4.0,4.0,53.0,10.0,6.0,29.0,1
C0765,42.0,Male,52471.0,Regular,2.0,14.0,14.0,41.0,10.0,5.0,26.0,1
C0766,20.0,Male,67279.0,New,10.0,9.0,12.0,39.0,3.0,1.0,143.0,0
C0767,49.0,Female,129413.0,New,11.0,13.0,2.0,43.0,1.0,6.0,115.0,1
C0768,20.0,Male,126748.0,Regular,12.0,16.0,5.0,8.0,8.0,7.0,73.0,0
C0769,44.0,Female,74213.0,Regular,15.0,1.0,6.0,34.0,9.0,6.0,81.0,0
C0770,46.0,Male,133909.0,New,7.0,3.0,11.0,37.0,7.0,1.0,67.0,0
C0771,49.0,Female,33026.0,Regular,0.0,19.0,1.0,41.0,5.0,6.0,144.0,0
C0772,36.0,Male,127625.0,Regular,8.0,8.0,15.0,33.0,2.0,1.0,141.0,1
C0773,38.0,Male,105184.0,New,11.0,18.0,12.0,49.0,1.0,6.0,90.0,0
C0774,22.0,Female,25435.0,Regular,1.0,6.0,8.0,10.0,3.0,5.0,96.0,1
C0775,35.0,Female,28493.0,Regular,13.0,20.0,2.0,40.0,3.0,6.0,152.0,1
C0776,45.0,Female,92227.0,Regular,12.0,6.0,14.0,18.0,0.0,7.0,118.0,1
C0777,59.0,Female,79321.0,Regular,15.0,5.0,5.0,25.0,8.0,7.0,62.0,0
C0778,39.0,Male,22763.0,Regular,1.0,12.0,11.0,42.0,9.0,1.0,36.0,0
C0779,38.0,Male,40389.0,Regular,3.0,9.0,8.0,41.0,7.0,7.0,124.0,1
C0780,23.0,Male,51498.0,Loyal,11.0,9.0,5.0,36.0,6.0,7.0,22.0,0
C0781,18.0,Female,83755.0,Regular,15.0,17.0,3.0,2.0,5.0,4.0,105.0,0
C0782,22.0,Male,121545.0,New,9.0,19.0,6.0,19.0,2.0,6.0,114.0,1
C0783,58.0,Male,55825.0,Regular,2.0,17.0,1.0,10.0,3.0,2.0,110.0,0
C0784,29.0,Female,36934.0,Loyal,3.0,16.0,1.0,49.0,1.0,7.0,3.0,1
C0785,43.0,Female,25574.0,New,5.0,12.0,8.0,3.0,6.0,3.0,164.0,0
C0786,51.0,Male,58179.0,Loyal,6.0,3.0,7.0,53.0,1.0,1.0,97.0,0
C0787,31.0,Female,21587.0,Loyal,4.0,14.0,10.0,19.0,9.0,6.0,36.0,0
C0788,43.0,Male,62782.0,New,1.0,17.0,10.0,51.0,0.0,4.0,10.0,0
C0789,44.0,Male,124224.0,Loyal,2.0,16.0,11.0,26.0,5.0,0.0,100.0,1
C0790,26.0,Female,74412.0,Regular,9.0,12.0,11.0,54.0,3.0,3.0,21.0,1
C0791,43.0,Male,80561.0,Loyal,10.0,2.0,3.0,51.0,7.0,1.0,177.0,1
C0792,39.0,Female,97224.0,Regular,2.0,8.0,8.0,51.0,0.0,1.0,104.0,0
C0793,47.0,Female,24409.0,Regular,13.0,12.0,11.0,47.0,8.0,6.0,115.0,0
C0794,60.0,Male,147159.0,Regular,4.0,16.0,15.0,25.0,5.0,3.0,137.0,0
C0795,34.0,Male,91319.0,Loyal,11.0,8.0,8.0,50.0,1.0,3.0,112.0,0
C0796,43.0,Male,119016.0,New,10.0,16.0,14.0,17.0,7.0,1.0,120.0,0
C0797,53.0,Female,46751.0,Regular,11.0,10.0,14.0,10.0,4.0,4.0,79.0,1
C0798,18.0,Male,58174.0,New,4.0,20.0,1.0,56.0,4.0,0.0,180.0,1
C0799,25.0,Female,142678.0,Regular,3.0,15.0,10.0,46.0,4.0,6.0,96.0,0
C0800,52.0,Female,76572.0,Regular,7.0,4.0,7.0,51.0,6.0,7.0,176.0,1
C0801,32.0,Male,81416.0,Regular,5.0,15.0,2.0,,6.0,7.0,108.0,0
C0802,39.0,Female,32041.0,Regular,5.0,4.0,12.0,50.0,9.0,4.0,119.0,0
C0803,31.0,Male,43227.0,New,0.0,11.0,2.0,11.0,10.0,7.0,178.0,0
C0804,43.0,Male,55201.0,New,5.0,6.0,2.0,11.0,6.0,7.0,167.0,0
C0805,45.0,Male,56069.0,New,2.0,4.0,13.0,12.0,9.0,5.0,144.0,1
C0806,40.0,Male,102190.0,Regular,12.0,9.0,5.0,40.0,1.0,2.0,28.0,1
C0807,31.0,Male,46370.0,Loyal,5.0,9.0,7.0,48.0,7.0,2.0,6.0,0
C0808,41.0,Male,115018.0,New,9.0,3.0,4.0,57.0,0.0,2.0,61.0,1
C0809,19.0,Male,145342.0,Loyal,12.0,5.0,11.0,56.0,1.0,1.0,6.0,0
C0810,43.0,Female,147173.0,Regular,10.0,15.0,12.0,8.0,10.0,6.0,122.0,1
C0811,31.0,Male,31586.0,Regular,12.0,9.0,4.0,24.0,6.0,6.0,105.0,0
C0812,24.0,Female,70231.0,Regular,5.0,2.0,9.0,14.0,3.0,0.0,168.0,0
C0813,20.0,Female,145758.0,Loyal,1.0,3.0,14.0,23.0,10.0,0.0,62.0,1
C0814,40.0,Female,25322.0,New,0.0,12.0,10.0,50.0,9.0,6.0,28.0,1
C0815,60.0,Male,85294.0,Regular,10.0,16.0,9.0,56.0,9.0,5.0,80.0,1
C0816,35.0,Female,99468.0,Regular,14.0,5.0,7.0,53.0,8.0,1.0,175.0,0
C0817,55.0,Female,49299.0,Regular,15.0,10.0,14.0,54.0,10.0,1.0,9.0,1
C0818,52.0,Male,110715.0,Loyal,2.0,15.0,15.0,36.0,8.0,7.0,180.0,0
C0819,32.0,Male,90793.0,New,4.0,14.0,10.0,17.0,2.0,7.0,15.0,1
C0820,42.0,Female,66501.0,Regular,14.0,14.0,15.0,45.0,2.0,1.0,162.0,1
C0821,54.0,Male,77134.0,Regular,14.0,13.0,4.0,5.0,8.0,0.0,20.0,0
C0822,45.0,Male,131672.0,Regular,3.0,16.0,8.0,3.0,9.0,7.0,60.0,1
C0823,27.0,Male,29777.0,Regular,6.0,8.0,10.0,9.0,7.0,1.0,75.0,0
C0824,56.0,Male,31249.0,Regular,3.0,8.0,3.0,20.0,0.0,3.0,94.0,0
C0825,34.0,Female,140902.0,Loyal,7.0,17.0,3.0,58.0,5.0,7.0,67.0,0
C0826,56.0,Male,41390.0,Regular,6.0,17.0,12.0,50.0,6.0,3.0,2.0,1
C0827,39.0,Male,40369.0,Loyal,9.0,3.0,7.0,20.0,10.0,3.0,178.0,0
C0828,43.0,Male,32881.0,Regular,8.0,1.0,13.0,51.0,7.0,1.0,142.0,0
C0829,42.0,Female,29587.0,New,0.0,17.0,11.0,19.0,1.0,3.0,44.0,1
C0830,34.0,Female,113800.0,New,14.0,16.0,12.0,21.0,0.0,6.0,174.0,0
C0831,30.0,Male,94327.0,New,4.0,17.0,9.0,16.0,3.0,5.0,134.0,0
C0832,37.0,Male,127009.0,Regular,12.0,2.0,13.0,33.0,0.0,1.0,136.0,0
C0833,42.0,Female,107911.0,Regular,3.0,14.0,11.0,5.0,1.0,5.0,39.0,1
C0834,21.0,Male,108147.0,Regular,5.0,7.0,4.0,24.0,2.0,3.0,93.0,1
C0835,27.0,Male,127562.0,Regular,0.0,19.0,4.0,15.0,3.0,1.0,44.0,0
C0836,20.0,Female,27833.0,New,5.0,1.0,1.0,26.0,5.0,4.0,27.0,0
C0837,58.0,Male,137574.0,New,0.0,17.0,1.0,44.0,7.0,2.0,16.0,0
C0838,35.0,Male,67013.0,New,13.0,10.0,13.0,25.0,8.0,4.0,39.0,1
C0839,53.0,Female,137341.0,Regular,13.0,6.0,14.0,28.0,3.0,2.0,129.0,0
C0840,39.0,Female,147785.0,New,0.0,7.0,3.0,33.0,0.0,2.0,179.0,0
C0841,51.0,Male,83620.0,New,7.0,6.0,12.0,46.0,4.0,3.0,33.0,0
C0842,25.0,Female,35754.0,Loyal,1.0,5.0,13.0,18.0,4.0,2.0,50.0,0
C0843,57.0,Male,127584.0,Loyal,9.0,2.0,7.0,18.0,8.0,2.0,103.0,0
C0844,36.0,Male,98113.0,New,12.0,18.0,13.0,38.0,5.0,4.0,27.0,1
C0845,59.0,Male,116631.0,Regular,13.0,17.0,15.0,33.0,4.0,2.0,124.0,1
C0846,58.0,Female,106784.0,Regular,5.0,7.0,9.0,27.0,9.0,1.0,86.0,1
C0847,54.0,Female,55282.0,Loyal,15.0,19.0,4.0,49.0,9.0,5.0,147.0,1
C0848,23.0,Male,56737.0,Regular,13.0,7.0,2.0,50.0,4.0,6.0,28.0,1
C0849,43.0,Male,137972.0,New,15.0,7.0,6.0,15.0,7.0,5.0,151.0,1
C0850,51.0,Female,117427.0,Regular,5.0,16.0,6.0,44.0,10.0,7.0,64.0,1
C0851,23.0,Female,44124.0,Regular,NaN,12.0,9.0,13.0,0.0,1.0,167.0,0
C0852,54.0,Female,90102.0,New,7.0,15.0,15.0,52.0,4.0,7.0,49.0,1
C0853,50.0,Male,22196.0,Regular,3.0,15.0,4.0,34.0,0.0,6.0,148.0,0
C0854,39.0,Female,81527.0,Regular,2.0,11.0,8.0,4.0,6.0,7.0,111.0,1
C0855,38.0,Female,116651.0,Regular,5.0,2.0,13.0,35.0,6.0,3.0,128.0,0
C0856,23.0,Male,135477.0,New,3.0,3.0,14.0,19.0,9.0,6.0,9.0,0
C0857,23.0,Male,105395.0,Regular,1.0,19.0,13.0,31.0,7.0,6.0,23.0,0
C0858,21.0,Male,31345.0,New,5.0,20.0,3.0,25.0,6.0,7.0,135.0,0
C0859,47.0,Female,144544.0,Loyal,9.0,15.0,2.0,40.0,10.0,4.0,159.0,1
C0860,28.0,Male,54077.0,New,4.0,16.0,9.0,12.0,8.0,6.0,60.0,1
C0861,47.0,Male,86400.0,New,10.0,1.0,15.0,12.0,7.0,6.0,61.0,0
C0862,48.0,Male,32055.0,Regular,8.0,15.0,6.0,42.0,7.0,0.0,75.0,0
C0863,41.0,Male,123693.0,Loyal,10.0,12.0,11.0,25.0,2.0,5.0,154.0,1
C0864,26.0,Female,105283.0,Loyal,5.0,7.0,8.0,33.0,9.0,4.0,100.0,0
C0865,20.0,Male,64484.0,Regular,13.0,7.0,11.0,60.0,3.0,5.0,54.0,1
C0866,48.0,Female,97514.0,New,15.0,11.0,10.0,37.0,3.0,0.0,31.0,0
C0867,57.0,Female,110135.0,Regular,2.0,20.0,9.0,28.0,0.0,7.0,169.0,1
C0868,54.0,Female,55771.0,Regular,10.0,11.0,1.0,60.0,5.0,2.0,28.0,0
C0869,53.0,Male,132478.0,New,4.0,17.0,13.0,52.0,1.0,0.0,90.0,0
C0870,41.0,Female,77654.0,Loyal,14.0,3.0,1.0,43.0,8.0,2.0,6.0,0
C0871,48.0,Male,66540.0,New,9.0,16.0,11.0,9.0,0.0,5.0,34.0,1
C0872,23.0,Male,103151.0,Loyal,7.0,5.0,5.0,14.0,0.0,7.0,92.0,1
C0873,19.0,Male,126263.0,Loyal,8.0,2.0,9.0,3.0,10.0,6.0,108.0,1
C0874,37.0,Female,130284.0,Regular,7.0,7.0,7.0,5.0,9.0,4.0,9.0,0
C0875,45.0,Male,137399.0,Loyal,14.0,10.0,7.0,56.0,10.0,4.0,93.0,0
C0876,28.0,Male,124885.0,Regular,2.0,5.0,2.0,26.0,5.0,3.0,98.0,0
C0877,21.0,Male,142393.0,New,8.0,15.0,3.0,53.0,0.0,5.0,12.0,0
C0878,32.0,Female,49377.0,Regular,2.0,12.0,4.0,41.0,2.0,3.0,16.0,0
C0879,23.0,Female,115567.0,New,7.0,10.0,2.0,18.0,9.0,7.0,71.0,0
C0880,47.0,Female,69573.0,Regular,9.0,17.0,10.0,38.0,1.0,6.0,159.0,1
C0881,55.0,Male,62733.0,Regular,8.0,20.0,9.0,21.0,10.0,5.0,161.0,1
C0882,19.0,Female,149344.0,Regular,6.0,20.0,5.0,57.0,8.0,7.0,135.0,1
C0883,32.0,Male,31760.0,Regular,3.0,11.0,13.0,39.0,4.0,6.0,3.0,1
C0884,28.0,Male,133226.0,Regular,9.0,8.0,7.0,16.0,5.0,2.0,148.0,0
C0885,25.0,Female,119250.0,Loyal,14.0,15.0,11.0,40.0,1.0,5.0,5.0,0
C0886,43.0,Male,45762.0,New,8.0,2.0,9.0,23.0,7.0,5.0,38.0,0
C0887,22.0,Female,70986.0,Regular,2.0,17.0,5.0,29.0,5.0,2.0,79.0,1
C0888,23.0,Male,54332.0,New,14.0,6.0,15.0,10.0,10.0,1.0,99.0,1
C0889,43.0,Female,60100.0,Regular,2.0,13.0,6.0,58.0,7.0,6.0,151.0,1
C0890,21.0,Male,24944.0,New,1.0,8.0,4.0,5.0,7.0,1.0,2.0,1
C0891,36.0,Male,68825.0,Regular,9.0,11.0,14.0,11.0,0.0,5.0,100.0,0
C0892,37.0,Male,33877.0,New,14.0,15.0,8.0,29.0,6.0,1.0,149.0,1
C0893,50.0,Male,49990.0,New,2.0,13.0,1.0,53.0,1.0,4.0,142.0,0
C0894,37.0,Male,149065.0,Loyal,0.0,18.0,1.0,45.0,10.0,5.0,139.0,1
C0895,29.0,Female,128443.0,New,14.0,18.0,5.0,27.0,7.0,0.0,132.0,0
C0896,18.0,Male,119612.0,Regular,3.0,17.0,10.0,52.0,1.0,2.0,47.0,0
C0897,43.0,Female,137674.0,New,7.0,13.0,9.0,34.0,3.0,3.0,116.0,0
C0898,31.0,Female,135074.0,Regular,4.0,3.0,2.0,14.0,1.0,7.0,94.0,0
C0899,55.0,Female,75283.0,Regular,1.0,7.0,11.0,41.0,6.0,7.0,100.0,1
C0900,54.0,Male,144041.0,Regular,2.0,12.0,15.0,42.0,4.0,2.0,20.0,1
C0901,28.0,Male,23258.0,New,0.0,4.0,3.0,10.0,,5.0,180.0,0
C0902,53.0,Male,140809.0,Regular,1.0,11.0,8.0,60.0,10.0,0.0,16.0,0
C0903,30.0,Female,51629.0,Regular,0.0,14.0,5.0,42.0,8.0,2.0,173.0,1
C0904,60.0,Male,57579.0,Loyal,1.0,18.0,3.0,58.0,4.0,3.0,136.0,0
C0905,20.0,Male,42958.0,Regular,2.0,7.0,6.0,51.0,10.0,7.0,149.0,1
C0906,50.0,Female,59465.0,Regular,0.0,5.0,6.0,11.0,7.0,3.0,64.0,0
C0907,23.0,Female,105853.0,New,10.0,16.0,14.0,11.0,1.0,7.0,104.0,0
C0908,27.0,Female,35775.0,New,8.0,11.0,5.0,35.0,2.0,0.0,158.0,1
C0909,22.0,Female,96575.0,New,9.0,3.0,5.0,19.0,5.0,3.0,164.0,0
C0910,40.0,Female,114633.0,New,4.0,16.0,6.0,24.0,10.0,4.0,133.0,0
C0911,27.0,Female,54207.0,New,15.0,11.0,2.0,54.0,6.0,3.0,38.0,1
C0912,19.0,Male,42553.0,Regular,7.0,10.0,6.0,1.0,9.0,6.0,19.0,0
C0913,30.0,Female,129938.0,Regular,4.0,2.0,2.0,12.0,7.0,0.0,74.0,1
C0914,57.0,Male,73632.0,Loyal,7.0,16.0,3.0,47.0,2.0,0.0,155.0,0
C0915,19.0,Male,20055.0,New,6.0,17.0,2.0,14.0,6.0,2.0,141.0,0
C0916,37.0,Male,138012.0,Regular,11.0,10.0,1.0,3.0,7.0,3.0,137.0,0
C0917,18.0,Female,108697.0,Loyal,3.0,18.0,12.0,52.0,9.0,3.0,17.0,1
C0918,54.0,Male,52873.0,Regular,14.0,12.0,1.0,45.0,5.0,5.0,95.0,1
C0919,26.0,Female,121505.0,New,6.0,8.0,9.0,50.0,3.0,5.0,172.0,0
C0920,34.0,Female,100720.0,New,5.0,3.0,13.0,32.0,5.0,0.0,45.0,0
C0921,26.0,Male,86205.0,New,2.0,20.0,4.0,16.0,8.0,5.0,88.0,0
C0922,28.0,Female,98199.0,Regular,8.0,3.0,5.0,38.0,2.0,2.0,42.0,1
C0923,32.0,Male,45318.0,Regular,11.0,6.0,10.0,10.0,1.0,6.0,51.0,0
C0924,41.0,Male,53734.0,New,9.0,2.0,14.0,60.0,4.0,2.0,113.0,0
C0925,55.0,Female,102227.0,New,14.0,3.0,15.0,17.0,6.0,4.0,158.0,1
C0926,52.0,Male,38522.0,Regular,15.0,17.0,7.0,49.0,2.0,6.0,133.0,1
C0927,47.0,Male,31656.0,Loyal,12.0,9.0,15.0,40.0,4.0,4.0,8.0,0
C0928,48.0,Male,35893.0,Regular,8.0,4.0,2.0,4.0,3.0,0.0,37.0,1
C0929,22.0,Female,131393.0,Regular,13.0,2.0,12.0,15.0,10.0,2.0,47.0,0
C0930,31.0,Male,36493.0,Regular,4.0,9.0,11.0,33.0,6.0,2.0,100.0,0
C0931,28.0,Female,23632.0,New,7.0,14.0,10.0,39.0,1.0,4.0,89.0,0
C0932,26.0,Female,115872.0,Regular,6.0,11.0,9.0,57.0,10.0,6.0,173.0,1
C0933,51.0,Male,108648.0,Regular,8.0,2.0,12.0,10.0,6.0,5.0,133.0,0
C0934,29.0,Male,81779.0,Loyal,6.0,2.0,4.0,7.0,1.0,4.0,86.0,1
C0935,52.0,Female,58452.0,New,3.0,5.0,10.0,33.0,2.0,7.0,175.0,1
C0936,52.0,Female,33266.0,Regular,3.0,7.0,10.0,17.0,4.0,0.0,25.0,0
C0937,18.0,Male,141187.0,Regular,10.0,4.0,13.0,12.0,6.0,6.0,126.0,0
C0938,57.0,Male,136603.0,Regular,7.0,14.0,13.0,17.0,5.0,2.0,178.0,1
C0939,39.0,Female,81607.0,New,5.0,2.0,1.0,47.0,6.0,0.0,173.0,1
C0940,46.0,Female,36940.0,Regular,8.0,12.0,8.0,56.0,10.0,4.0,116.0,0
C0941,25.0,Female,44003.0,Loyal,13.0,10.0,4.0,16.0,5.0,7.0,120.0,0
C0942,28.0,Female,147880.0,Regular,9.0,1.0,7.0,55.0,0.0,3.0,30.0,0
C0943,58.0,Female,118408.0,Regular,13.0,19.0,3.0,14.0,4.0,4.0,48.0,1
C0944,54.0,Male,54815.0,New,6.0,16.0,11.0,3.0,0.0,2.0,179.0,0
C0945,31.0,Female,50869.0,New,6.0,15.0,12.0,51.0,6.0,0.0,94.0,1
C0946,47.0,Female,69297.0,Regular,3.0,14.0,9.0,44.0,3.0,5.0,55.0,0
C0947,52.0,Male,80107.0,Loyal,2.0,9.0,15.0,51.0,4.0,5.0,46.0,1
C0948,38.0,Male,102793.0,Loyal,7.0,15.0,13.0,50.0,0.0,2.0,31.0,1
C0949,54.0,Female,36682.0,Regular,6.0,7.0,5.0,30.0,7.0,4.0,162.0,0
C0950,22.0,Female,39622.0,Regular,3.0,4.0,5.0,46.0,3.0,4.0,92.0,0
C0951,36.0,Male,50408.0,Loyal,12.0,18.0,3.0,52.0,2.0,1.0,74.0,1
C0952,31.0,Female,28837.0,Regular,3.0,8.0,11.0,55.0,0.0,4.0,161.0,0
C0953,43.0,Female,84210.0,Regular,0.0,12.0,9.0,41.0,3.0,2.0,56.0,0
C0954,21.0,Male,35407.0,New,15.0,15.0,3.0,35.0,2.0,6.0,122.0,1
C0955,42.0,Female,49309.0,Regular,10.0,15.0,2.0,26.0,7.0,7.0,57.0,1
C0956,59.0,Male,91918.0,Regular,6.0,17.0,11.0,55.0,8.0,6.0,17.0,0
C0957,42.0,Male,113190.0,Loyal,0.0,2.0,13.0,12.0,4.0,0.0,139.0,0
C0958,35.0,Male,38895.0,Loyal,9.0,12.0,9.0,31.0,8.0,0.0,17.0,0
C0959,57.0,Male,141284.0,New,9.0,3.0,12.0,52.0,0.0,1.0,105.0,0
C0960,25.0,Female,119087.0,Regular,3.0,7.0,12.0,17.0,6.0,5.0,138.0,1
C0961,56.0,Male,106912.0,Loyal,10.0,6.0,9.0,37.0,10.0,2.0,154.0,1
C0962,57.0,Female,20370.0,Regular,13.0,14.0,10.0,8.0,6.0,7.0,134.0,1
C0963,31.0,Female,134212.0,New,2.0,5.0,12.0,19.0,5.0,4.0,81.0,0
C0964,49.0,Female,20486.0,New,10.0,4.0,13.0,26.0,3.0,3.0,16.0,0
C0965,55.0,Female,43762.0,Regular,2.0,15.0,4.0,4.0,10.0,0.0,103.0,0
C0966,50.0,Female,46613.0,Regular,11.0,7.0,4.0,15.0,8.0,2.0,90.0,0
C0967,40.0,Male,132804.0,Regular,0.0,3.0,13.0,51.0,2.0,6.0,4.0,0
C0968,32.0,Male,23196.0,New,3.0,13.0,11.0,47.0,10.0,1.0,62.0,0
C0969,50.0,Male,127856.0,Loyal,13.0,10.0,10.0,58.0,10.0,3.0,56.0,1
C0970,42.0,Male,138975.0,New,0.0,2.0,15.0,14.0,0.0,5.0,151.0,1
C0971,34.0,Female,114937.0,New,13.0,12.0,13.0,30.0,1.0,2.0,33.0,1
C0972,50.0,Male,120565.0,Regular,12.0,12.0,13.0,48.0,2.0,7.0,31.0,1
C0973,19.0,Female,96349.0,Regular,12.0,19.0,6.0,56.0,1.0,4.0,135.0,1
C0974,31.0,Female,84839.0,New,7.0,19.0,9.0,42.0,5.0,5.0,133.0,1
C0975,57.0,Male,61916.0,New,14.0,3.0,8.0,24.0,6.0,6.0,165.0,0
C0976,57.0,Male,28572.0,New,14.0,6.0,10.0,46.0,4.0,0.0,1.0,1
C0977,56.0,Male,133312.0,Regular,0.0,2.0,3.0,52.0,4.0,6.0,45.0,1
C0978,23.0,Male,48225.0,Loyal,11.0,13.0,6.0,43.0,6.0,4.0,47.0,0
C0979,23.0,Female,65853.0,Regular,13.0,9.0,15.0,34.0,5.0,1.0,30.0,1
C0980,20.0,Female,69390.0,Regular,5.0,13.0,13.0,60.0,7.0,0.0,81.0,1
C0981,24.0,Male,52275.0,Regular,6.0,14.0,7.0,19.0,8.0,3.0,24.0,1
C0982,25.0,Female,92379.0,New,14.0,19.0,15.0,3.0,1.0,0.0,31.0,0
C0983,59.0,Female,21105.0,Loyal,9.0,11.0,15.0,4.0,1.0,6.0,28.0,0
C0984,32.0,Female,136074.0,Loyal,13.0,14.0,6.0,11.0,0.0,4.0,173.0,0
C0985,46.0,Male,79896.0,New,11.0,16.0,3.0,13.0,6.0,5.0,132.0,0
C0986,50.0,Female,63209.0,New,1.0,10.0,14.0,50.0,10.0,2.0,39.0,1
C0987,47.0,Male,117175.0,New,3.0,20.0,14.0,18.0,3.0,6.0,83.0,1
C0988,56.0,Male,62487.0,New,10.0,16.0,14.0,19.0,8.0,2.0,152.0,0
C0989,44.0,Female,38051.0,Regular,13.0,2.0,13.0,44.0,5.0,2.0,71.0,0
C0990,53.0,Female,114244.0,Regular,2.0,16.0,13.0,33.0,6.0,7.0,174.0,1
C0991,46.0,Male,120995.0,Loyal,12.0,14.0,9.0,56.0,6.0,6.0,176.0,0
C0992,55.0,Female,142444.0,Regular,12.0,18.0,4.0,38.0,7.0,6.0,9.0,1
C0993,50.0,Female,97400.0,Regular,8.0,6.0,2.0,3.0,3.0,6.0,22.0,1
C0994,54.0,Male,120300.0,Regular,13.0,7.0,9.0,49.0,2.0,1.0,127.0,0
C0995,44.0,Male,86961.0,New,6.0,13.0,3.0,35.0,2.0,1.0,2.0,0
C0996,50.0,Male,80156.0,Regular,1.0,2.0,6.0,1.0,9.0,2.0,91.0,0
C0997,21.0,Male,134682.0,Regular,10.0,15.0,5.0,35.0,7.0,3.0,16.0,1
C0998,39.0,Female,77175.0,New,11.0,17.0,14.0,36.0,2.0,4.0,5.0,1
C0999,19.0,Female,26849.0,New,5.0,13.0,13.0,38.0,7.0,3.0,140.0,0
C1000,27.0,Male,121551.0,Loyal,8.0,7.0,15.0,39.0,1.0,6.0,180.0,0
C1001,22.0,Male,38976.0,Regular,11.0,1.0,2.0,55.0,4.0,,154.0,1
C1002,27.0,Male,119794.0,New,2.0,3.0,1.0,25.0,4.0,7.0,15.0,1
C1003,50.0,Female,135912.0,Regular,13.0,20.0,9.0,40.0,6.0,2.0,67.0,1
C1004,55.0,Male,137275.0,Loyal,14.0,18.0,3.0,13.0,4.0,4.0,73.0,1
C1005,30.0,Female,76866.0,Regular,10.0,7.0,7.0,4.0,8.0,1.0,92.0,0
C1006,48.0,Male,137752.0,New,5.0,17.0,9.0,6.0,2.0,0.0,167.0,0
C1007,53.0,Male,67078.0,Loyal,13.0,12.0,9.0,11.0,8.0,0.0,63.0,0
C1008,41.0,Male,142492.0,Regular,2.0,16.0,12.0,1.0,0.0,4.0,100.0,0
C1009,32.0,Female,51113.0,New,2.0,10.0,10.0,8.0,2.0,3.0,25.0,0
C1010,46.0,Female,135520.0,Regular,3.0,16.0,6.0,54.0,3.0,7.0,41.0,0
C1011,25.0,Female,35401.0,Loyal,8.0,20.0,8.0,34.0,5.0,4.0,28.0,0
C1012,22.0,Male,32884.0,New,10.0,18.0,9.0,40.0,9.0,3.0,111.0,0
C1013,46.0,Female,104360.0,New,12.0,15.0,3.0,52.0,7.0,6.0,21.0,1
C1014,21.0,Female,57563.0,New,7.0,11.0,6.0,9.0,6.0,5.0,61.0,0
C1015,29.0,Male,54414.0,Loyal,0.0,18.0,5.0,36.0,7.0,3.0,103.0,0
C1016,19.0,Male,36142.0,New,12.0,6.0,7.0,49.0,5.0,7.0,139.0,1
C1017,44.0,Female,132610.0,Regular,11.0,1.0,7.0,39.0,5.0,0.0,147.0,0
C1018,48.0,Female,135128.0,Loyal,10.0,7.0,9.0,42.0,5.0,1.0,75.0,0
C1019,53.0,Female,91492.0,New,0.0,12.0,1.0,37.0,2.0,2.0,1.0,0
C1020,53.0,Female,99464.0,Loyal,6.0,20.0,6.0,42.0,9.0,6.0,160.0,0
C1021,43.0,Male,95257.0,Loyal,2.0,4.0,5.0,59.0,3.0,1.0,109.0,0
C1022,60.0,Male,96693.0,Loyal,13.0,10.0,4.0,44.0,10.0,2.0,77.0,0
C1023,44.0,Male,55135.0,New,10.0,2.0,10.0,21.0,5.0,5.0,162.0,1
C1024,22.0,Female,92232.0,Regular,6.0,9.0,12.0,20.0,6.0,0.0,17.0,0
C1025,37.0,Female,47862.0,Loyal,8.0,10.0,11.0,38.0,2.0,6.0,111.0,0
C1026,28.0,Male,25190.0,Loyal,2.0,20.0,14.0,1.0,3.0,2.0,19.0,0
C1027,27.0,Male,90199.0,New,2.0,11.0,1.0,35.0,5.0,5.0,74.0,1
C1028,57.0,Female,125366.0,Loyal,1.0,14.0,4.0,59.0,0.0,6.0,170.0,0
C1029,55.0,Female,24331.0,Regular,9.0,3.0,10.0,28.0,10.0,3.0,59.0,0
C1030,23.0,Male,144184.0,New,0.0,1.0,11.0,7.0,6.0,4.0,115.0,1
C1031,25.0,Male,72186.0,Regular,8.0,7.0,7.0,43.0,10.0,6.0,38.0,1
C1032,40.0,Male,64648.0,Loyal,5.0,4.0,4.0,56.0,0.0,6.0,31.0,1
C1033,43.0,Female,48549.0,Regular,5.0,7.0,1.0,44.0,10.0,2.0,106.0,0
C1034,60.0,Female,101782.0,Regular,7.0,16.0,10.0,9.0,9.0,1.0,111.0,1
C1035,29.0,Female,45761.0,Loyal,10.0,10.0,1.0,1.0,10.0,0.0,50.0,0
C1036,43.0,Female,23262.0,Regular,4.0,15.0,1.0,36.0,10.0,0.0,126.0,1
C1037,30.0,Female,131624.0,Regular,8.0,16.0,11.0,34.0,8.0,6.0,158.0,0
C1038,57.0,Female,71259.0,Regular,14.0,6.0,10.0,34.0,9.0,6.0,103.0,0
C1039,35.0,Male,92572.0,Regular,10.0,4.0,5.0,17.0,8.0,5.0,163.0,0
C1040,42.0,Male,144720.0,Regular,4.0,4.0,7.0,53.0,10.0,4.0,59.0,1
C1041,50.0,Female,73472.0,Loyal,1.0,4.0,9.0,32.0,8.0,3.0,121.0,0
C1042,57.0,Male,107858.0,Regular,5.0,17.0,8.0,2.0,3.0,6.0,145.0,0
C1043,60.0,Female,104667.0,Loyal,14.0,13.0,2.0,36.0,1.0,3.0,95.0,1
C1044,29.0,Male,24677.0,New,8.0,2.0,9.0,25.0,6.0,7.0,149.0,1
C1045,53.0,Female,93508.0,New,2.0,20.0,4.0,43.0,3.0,0.0,94.0,0
C1046,21.0,Male,100865.0,Regular,9.0,6.0,12.0,51.0,4.0,3.0,52.0,1
C1047,22.0,Male,122568.0,New,15.0,1.0,10.0,56.0,0.0,6.0,142.0,0
C1048,54.0,Female,121437.0,New,3.0,8.0,15.0,26.0,10.0,6.0,16.0,1
C1049,25.0,Female,129916.0,Regular,9.0,18.0,11.0,45.0,9.0,5.0,55.0,0
C1050,59.0,Male,70617.0,New,10.0,4.0,5.0,54.0,5.0,4.0,137.0,0
C1051,45.0,Male,106029.0,New,7.0,NaN,12.0,26.0,6.0,0.0,136.0,1
C1052,48.0,Female,38595.0,Regular,5.0,5.0,11.0,21.0,2.0,3.0,162.0,1
C1053,26.0,Male,107459.0,Regular,12.0,15.0,5.0,18.0,9.0,2.0,109.0,0
C1054,46.0,Female,80148.0,Loyal,6.0,10.0,4.0,59.0,1.0,2.0,161.0,1
C1055,31.0,Female,66926.0,Regular,6.0,8.0,13.0,29.0,9.0,5.0,94.0,1
C1056,57.0,Male,95271.0,Regular,3.0,7.0,6.0,51.0,6.0,3.0,7.0,0
C1057,58.0,Female,54457.0,Loyal,14.0,12.0,1.0,24.0,0.0,2.0,149.0,1
C1058,39.0,Male,62531.0,Loyal,11.0,11.0,2.0,47.0,1.0,4.0,133.0,1
C1059,28.0,Male,93263.0,New,15.0,13.0,4.0,28.0,2.0,1.0,140.0,0
C1060,40.0,Female,93300.0,New,5.0,15.0,4.0,12.0,3.0,4.0,81.0,0
C1061,18.0,Male,148027.0,Regular,11.0,17.0,8.0,57.0,4.0,5.0,88.0,1
C1062,54.0,Female,83171.0,Regular,8.0,18.0,9.0,11.0,3.0,4.0,165.0,0
C1063,38.0,Female,139229.0,Loyal,2.0,8.0,12.0,27.0,9.0,3.0,108.0,1
C1064,43.0,Female,146159.0,Regular,7.0,6.0,4.0,23.0,2.0,6.0,83.0,0
C1065,53.0,Male,138229.0,Regular,6.0,11.0,6.0,33.0,0.0,4.0,45.0,0
C1066,40.0,Female,65771.0,Loyal,3.0,9.0,4.0,16.0,6.0,3.0,80.0,1
C1067,18.0,Male,113135.0,Regular,9.0,5.0,4.0,28.0,9.0,0.0,25.0,0
C1068,57.0,Female,86354.0,New,12.0,7.0,12.0,28.0,5.0,3.0,27.0,0
C1069,32.0,Female,132743.0,Loyal,2.0,15.0,11.0,45.0,1.0,5.0,51.0,0
C1070,38.0,Female,133381.0,New,13.0,4.0,12.0,38.0,1.0,3.0,119.0,0
C1071,26.0,Male,57289.0,Loyal,6.0,19.0,9.0,55.0,2.0,0.0,170.0,1
C1072,26.0,Male,53892.0,Loyal,9.0,13.0,14.0,60.0,7.0,6.0,108.0,1
C1073,27.0,Female,91196.0,Regular,8.0,1.0,4.0,6.0,7.0,1.0,170.0,0
C1074,43.0,Female,149662.0,Regular,11.0,1.0,13.0,42.0,9.0,5.0,60.0,1
C1075,58.0,Male,115057.0,Regular,9.0,14.0,6.0,59.0,9.0,7.0,72.0,1
C1076,52.0,Male,58409.0,Regular,2.0,9.0,14.0,29.0,9.0,0.0,80.0,0
C1077,42.0,Male,135817.0,Regular,14.0,12.0,13.0,34.0,9.0,3.0,72.0,1
C1078,43.0,Female,54470.0,Regular,9.0,18.0,9.0,57.0,10.0,5.0,96.0,1
C1079,28.0,Male,38385.0,Loyal,8.0,9.0,3.0,3.0,7.0,2.0,126.0,0
C1080,55.0,Female,43296.0,Regular,12.0,8.0,7.0,6.0,6.0,3.0,150.0,0
C1081,19.0,Male,138566.0,New,7.0,14.0,7.0,48.0,1.0,0.0,96.0,1
C1082,24.0,Female,81716.0,Regular,11.0,9.0,1.0,38.0,0.0,7.0,139.0,1
C1083,35.0,Female,109152.0,Loyal,2.0,20.0,11.0,56.0,5.0,7.0,109.0,0
C1084,44.0,Female,46382.0,Regular,14.0,2.0,2.0,13.0,10.0,3.0,6.0,1
C1085,51.0,Male,96675.0,Regular,7.0,1.0,5.0,36.0,7.0,6.0,22.0,0
C1086,44.0,Male,141019.0,Loyal,11.0,13.0,8.0,15.0,0.0,0.0,103.0,0
C1087,34.0,Male,117596.0,Regular,3.0,10.0,6.0,6.0,2.0,4.0,12.0,1
C1088,60.0,Female,42419.0,Regular,5.0,8.0,14.0,33.0,0.0,1.0,27.0,0
C1089,41.0,Female,113321.0,Loyal,11.0,7.0,14.0,41.0,9.0,1.0,129.0,0
C1090,42.0,Male,101238.0,New,9.0,12.0,13.0,12.0,8.0,7.0,80.0,1
C1091,24.0,Female,145032.0,Loyal,1.0,17.0,13.0,57.0,6.0,5.0,167.0,1
C1092,23.0,Female,114753.0,New,7.0,12.0,7.0,55.0,7.0,0.0,60.0,0
C1093,41.0,Female,59291.0,New,12.0,16.0,15.0,43.0,8.0,7.0,116.0,0
C1094,50.0,Male,32397.0,Loyal,8.0,10.0,15.0,13.0,2.0,1.0,70.0,1
C1095,46.0,Female,126415.0,New,6.0,12.0,3.0,33.0,9.0,2.0,153.0,0
C1096,60.0,Male,77888.0,Regular,7.0,11.0,6.0,51.0,10.0,5.0,148.0,1
C1097,39.0,Male,55169.0,Loyal,6.0,14.0,9.0,28.0,1.0,2.0,36.0,0
C1098,43.0,Male,82182.0,Loyal,15.0,20.0,3.0,53.0,5.0,1.0,151.0,0
C1099,45.0,Male,112476.0,Loyal,10.0,13.0,14.0,36.0,4.0,0.0,129.0,1
C1100,38.0,Male,62249.0,New,9.0,2.0,13.0,5.0,3.0,5.0,155.0,0
C1101,24.0,Female,48341.0,Regular,3.0,20.0,13.0,55.0,5.0,2.0,,1
C1102,34.0,Male,95603.0,New,0.0,7.0,13.0,25.0,5.0,6.0,130.0,0
C1103,37.0,Male,66144.0,Regular,15.0,1.0,6.0,17.0,2.0,1.0,149.0,0
C1104,58.0,Male,81772.0,Loyal,2.0,3.0,7.0,37.0,1.0,3.0,137.0,0
C1105,37.0,Female,99360.0,Regular,6.0,20.0,5.0,19.0,8.0,2.0,111.0,1
C1106,39.0,Female,33444.0,Regular,10.0,12.0,10.0,35.0,7.0,4.0,88.0,1
C1107,45.0,Female,65647.0,Regular,10.0,5.0,13.0,43.0,3.0,5.0,48.0,1
C1108,57.0,Female,143662.0,Regular,6.0,12.0,8.0,34.0,5.0,2.0,105.0,1
C1109,24.0,Male,134416.0,Loyal,10.0,3.0,8.0,54.0,2.0,5.0,167.0,1
C1110,18.0,Male,118843.0,New,12.0,20.0,6.0,46.0,10.0,1.0,42.0,0
C1111,49.0,Female,30974.0,Regular,2.0,5.0,7.0,6.0,7.0,7.0,94.0,0
C1112,30.0,Female,132150.0,Loyal,0.0,1.0,3.0,19.0,2.0,1.0,45.0,0
C1113,47.0,Female,58383.0,Regular,15.0,16.0,13.0,1.0,1.0,5.0,130.0,0
C1114,40.0,Female,145548.0,New,9.0,9.0,7.0,7.0,6.0,1.0,171.0,0
C1115,36.0,Male,114826.0,Regular,8.0,10.0,7.0,34.0,2.0,0.0,104.0,1
C1116,49.0,Female,101552.0,Regular,11.0,10.0,4.0,56.0,8.0,5.0,107.0,0
C1117,47.0,Female,117648.0,New,5.0,13.0,10.0,19.0,2.0,0.0,146.0,0
C1118,46.0,Female,114049.0,Loyal,12.0,16.0,14.0,33.0,7.0,5.0,39.0,0
C1119,46.0,Female,22956.0,Regular,12.0,20.0,13.0,26.0,1.0,3.0,134.0,0
C1120,47.0,Female,28077.0,Loyal,11.0,4.0,4.0,41.0,8.0,3.0,170.0,0
C1121,33.0,Female,56490.0,Loyal,6.0,14.0,14.0,53.0,0.0,2.0,180.0,0
C1122,57.0,Female,130363.0,Regular,0.0,17.0,3.0,49.0,2.0,1.0,27.0,1
C1123,36.0,Male,144713.0,New,0.0,5.0,10.0,42.0,10.0,7.0,143.0,1
C1124,35.0,Male,123391.0,Regular,3.0,13.0,7.0,27.0,1.0,3.0,19.0,1
C1125,18.0,Male,128642.0,New,6.0,3.0,5.0,38.0,6.0,1.0,64.0,0
C1126,31.0,Male,75612.0,Loyal,13.0,5.0,3.0,26.0,4.0,2.0,51.0,1
C1127,19.0,Male,120474.0,New,10.0,16.0,6.0,35.0,7.0,0.0,175.0,0
C1128,45.0,Male,56159.0,New,14.0,19.0,12.0,59.0,1.0,3.0,57.0,1
C1129,47.0,Female,59710.0,Regular,15.0,19.0,6.0,20.0,7.0,7.0,20.0,1
C1130,55.0,Female,103536.0,New,10.0,17.0,6.0,24.0,6.0,4.0,20.0,1
C1131,21.0,Male,33806.0,New,7.0,18.0,2.0,47.0,10.0,7.0,82.0,1
C1132,18.0,Female,133096.0,Regular,9.0,18.0,13.0,21.0,4.0,4.0,101.0,1
C1133,25.0,Male,98345.0,New,8.0,8.0,11.0,60.0,1.0,4.0,38.0,0
C1134,46.0,Female,100391.0,New,0.0,18.0,10.0,54.0,9.0,6.0,38.0,0
C1135,56.0,Female,127412.0,Regular,3.0,9.0,12.0,26.0,10.0,4.0,65.0,1
C1136,20.0,Female,114924.0,Regular,3.0,19.0,7.0,20.0,6.0,4.0,76.0,0
C1137,49.0,Female,26458.0,Regular,2.0,10.0,13.0,6.0,9.0,4.0,133.0,1
C1138,27.0,Female,55524.0,Regular,6.0,2.0,7.0,3.0,3.0,4.0,123.0,0
C1139,27.0,Female,26853.0,Regular,0.0,17.0,10.0,10.0,3.0,3.0,125.0,0
C1140,36.0,Male,60477.0,Regular,8.0,13.0,12.0,12.0,7.0,4.0,27.0,0
C1141,51.0,Male,52222.0,Loyal,12.0,11.0,4.0,33.0,5.0,7.0,103.0,1
C1142,50.0,Female,38320.0,New,7.0,16.0,11.0,22.0,8.0,5.0,20.0,0
C1143,40.0,Male,114154.0,Regular,1.0,20.0,6.0,16.0,10.0,5.0,60.0,0
C1144,45.0,Female,72243.0,Loyal,1.0,7.0,4.0,17.0,1.0,4.0,168.0,0
C1145,49.0,Male,65615.0,Loyal,7.0,3.0,4.0,10.0,4.0,6.0,83.0,0
C1146,24.0,Female,37352.0,New,10.0,16.0,6.0,12.0,5.0,2.0,6.0,1
C1147,46.0,Male,92833.0,New,13.0,19.0,9.0,19.0,7.0,3.0,164.0,1
C1148,25.0,Female,113476.0,Regular,14.0,20.0,12.0,60.0,3.0,7.0,112.0,0
C1149,18.0,Male,134560.0,New,0.0,16.0,13.0,40.0,10.0,5.0,139.0,0
C1150,20.0,Female,23203.0,Loyal,12.0,2.0,15.0,23.0,6.0,7.0,177.0,0
C1151,41.0,Male,59267.0,Regular,6.0,14.0,7.0,40.0,10.0,2.0,114.0,1
C1152,40.0,Female,57941.0,Regular,8.0,20.0,2.0,10.0,6.0,1.0,84.0,1
C1153,25.0,Female,102809.0,New,11.0,10.0,14.0,10.0,3.0,4.0,156.0,0
C1154,54.0,Female,45368.0,Regular,14.0,19.0,6.0,50.0,0.0,7.0,22.0,1
C1155,20.0,Male,97186.0,Regular,2.0,11.0,14.0,10.0,2.0,0.0,84.0,0
C1156,50.0,Male,50984.0,Loyal,6.0,18.0,5.0,39.0,1.0,7.0,47.0,0
C1157,45.0,Male,61941.0,New,5.0,11.0,6.0,30.0,2.0,6.0,102.0,0
C1158,25.0,Female,92918.0,New,14.0,9.0,13.0,4.0,4.0,7.0,80.0,1
C1159,51.0,Male,72683.0,Regular,6.0,19.0,8.0,1.0,10.0,6.0,25.0,1
C1160,52.0,Female,146409.0,New,6.0,20.0,8.0,43.0,0.0,6.0,91.0,1
C1161,49.0,Male,20801.0,Regular,9.0,10.0,15.0,19.0,4.0,4.0,67.0,0
C1162,41.0,Male,126538.0,Loyal,0.0,3.0,3.0,5.0,1.0,7.0,160.0,0
C1163,31.0,Male,132201.0,Regular,13.0,3.0,9.0,30.0,3.0,4.0,145.0,1
C1164,49.0,Male,67965.0,Loyal,15.0,8.0,6.0,26.0,5.0,2.0,40.0,0
C1165,60.0,Female,105269.0,New,2.0,6.0,7.0,40.0,8.0,6.0,30.0,1
C1166,33.0,Male,142693.0,New,15.0,20.0,9.0,34.0,9.0,6.0,59.0,1
C1167,21.0,Male,29969.0,New,9.0,1.0,15.0,2.0,5.0,6.0,28.0,1
C1168,54.0,Female,55969.0,Regular,0.0,20.0,14.0,24.0,9.0,1.0,47.0,1
C1169,38.0,Female,102269.0,Loyal,4.0,6.0,13.0,14.0,10.0,2.0,117.0,0
C1170,31.0,Male,52449.0,New,2.0,2.0,7.0,41.0,1.0,3.0,151.0,0
C1171,48.0,Male,111679.0,Regular,0.0,19.0,10.0,42.0,7.0,6.0,83.0,0
C1172,35.0,Female,45705.0,Regular,1.0,7.0,9.0,13.0,4.0,1.0,57.0,1
C1173,24.0,Female,80303.0,Loyal,9.0,11.0,1.0,29.0,8.0,7.0,129.0,1
C1174,27.0,Female,48363.0,New,4.0,11.0,13.0,1.0,9.0,5.0,29.0,0
C1175,24.0,Male,50720.0,New,10.0,4.0,1.0,46.0,8.0,1.0,178.0,1
C1176,50.0,Male,29972.0,New,2.0,20.0,3.0,34.0,3.0,7.0,64.0,1
C1177,40.0,Male,53351.0,Regular,5.0,16.0,13.0,4.0,0.0,1.0,99.0,0
C1178,38.0,Female,131023.0,New,8.0,5.0,9.0,28.0,10.0,2.0,37.0,1
C1179,36.0,Female,56145.0,Loyal,5.0,7.0,1.0,19.0,8.0,4.0,128.0,0
C1180,36.0,Female,107948.0,Regular,1.0,16.0,1.0,1.0,8.0,4.0,135.0,1
C1181,53.0,Male,109614.0,Regular,15.0,15.0,5.0,36.0,7.0,4.0,90.0,1
C1182,46.0,Female,108116.0,Regular,1.0,5.0,8.0,43.0,4.0,7.0,87.0,1
C1183,35.0,Male,76235.0,New,14.0,1.0,2.0,13.0,4.0,7.0,64.0,0
C1184,19.0,Female,34855.0,Regular,12.0,20.0,4.0,59.0,9.0,7.0,18.0,0
C1185,18.0,Male,56169.0,Loyal,12.0,9.0,15.0,50.0,5.0,4.0,29.0,0
C1186,22.0,Male,66404.0,Loyal,15.0,5.0,6.0,42.0,0.0,4.0,114.0,0
C1187,37.0,Female,39569.0,Loyal,7.0,6.0,15.0,5.0,8.0,3.0,60.0,0
C1188,28.0,Male,145074.0,Loyal,10.0,3.0,1.0,33.0,4.0,0.0,54.0,0
C1189,59.0,Female,149006.0,New,7.0,6.0,15.0,14.0,6.0,5.0,72.0,0
C1190,19.0,Male,74437.0,New,5.0,8.0,4.0,16.0,10.0,1.0,149.0,0
C1191,20.0,Female,68506.0,New,9.0,6.0,4.0,56.0,7.0,0.0,149.0,0
C1192,40.0,Female,45738.0,Regular,6.0,16.0,9.0,58.0,4.0,3.0,58.0,1
C1193,29.0,Male,26772.0,New,0.0,16.0,9.0,32.0,2.0,6.0,177.0,0
C1194,37.0,Female,110410.0,Regular,14.0,3.0,6.0,50.0,5.0,6.0,36.0,1
C1195,22.0,Male,39731.0,Regular,11.0,17.0,8.0,27.0,6.0,4.0,145.0,1
C1196,54.0,Female,30131.0,Loyal,8.0,6.0,12.0,35.0,3.0,6.0,80.0,1
C1197,55.0,Female,86324.0,Regular,4.0,6.0,10.0,3.0,8.0,3.0,15.0,0
C1198,47.0,Female,74097.0,Loyal,8.0,19.0,4.0,4.0,10.0,5.0,40.0,1
C1199,26.0,Female,101720.0,New,15.0,20.0,10.0,7.0,3.0,5.0,81.0,1
C1200,51.0,Male,116433.0,New,1.0,15.0,8.0,13.0,10.0,3.0,51.0,0
C1201,,Female,22889.0,Regular,13.0,19.0,15.0,41.0,9.0,6.0,141.0,1
C1202,39.0,Female,29569.0,New,15.0,2.0,3.0,3.0,1.0,0.0,166.0,0
C1203,41.0,Male,107193.0,New,7.0,8.0,2.0,17.0,8.0,1.0,97.0,0
C1204,34.0,Male,95677.0,Regular,6.0,7.0,6.0,47.0,3.0,2.0,154.0,0
C1205,27.0,Male,105192.0,New,10.0,8.0,5.0,59.0,3.0,2.0,143.0,0
C1206,47.0,Male,143757.0,Regular,13.0,13.0,8.0,10.0,9.0,5.0,117.0,0
C1207,40.0,Male,107154.0,Regular,3.0,15.0,15.0,47.0,0.0,1.0,133.0,0
C1208,49.0,Male,97470.0,Regular,2.0,12.0,1.0,1.0,1.0,4.0,2.0,0
C1209,34.0,Female,128073.0,Regular,3.0,15.0,11.0,28.0,2.0,3.0,115.0,0
C1210,34.0,Male,108822.0,Regular,3.0,14.0,12.0,59.0,6.0,6.0,78.0,0
C1211,31.0,Female,146019.0,New,9.0,7.0,10.0,54.0,8.0,4.0,93.0,0
C1212,26.0,Male,27612.0,New,9.0,17.0,3.0,53.0,4.0,5.0,77.0,1
C1213,57.0,Female,71644.0,Regular,7.0,5.0,7.0,10.0,3.0,7.0,60.0,0
C1214,19.0,Female,52069.0,Regular,12.0,20.0,13.0,7.0,1.0,3.0,96.0,1
C1215,42.0,Female,101741.0,Loyal,12.0,10.0,10.0,39.0,6.0,2.0,98.0,0
C1216,56.0,Male,47331.0,Regular,3.0,19.0,14.0,3.0,5.0,7.0,56.0,0
C1217,26.0,Male,75897.0,New,13.0,18.0,12.0,7.0,6.0,5.0,118.0,1
C1218,39.0,Male,33934.0,Regular,4.0,10.0,4.0,9.0,7.0,5.0,119.0,1
C1219,60.0,Male,30095.0,Regular,1.0,2.0,10.0,40.0,8.0,1.0,38.0,0
C1220,21.0,Female,111494.0,Regular,12.0,6.0,5.0,35.0,9.0,0.0,102.0,0
C1221,43.0,Male,122544.0,Regular,3.0,3.0,8.0,26.0,4.0,5.0,51.0,0
C1222,46.0,Female,38706.0,Regular,6.0,19.0,1.0,5.0,10.0,0.0,169.0,1
C1223,51.0,Female,63516.0,Regular,2.0,5.0,1.0,13.0,4.0,1.0,127.0,0
C1224,40.0,Male,123602.0,Regular,13.0,7.0,12.0,45.0,3.0,5.0,103.0,1
C1225,54.0,Male,117008.0,New,13.0,7.0,7.0,30.0,10.0,7.0,180.0,0
C1226,28.0,Male,54629.0,Regular,0.0,10.0,15.0,40.0,2.0,6.0,129.0,0
C1227,23.0,Female,66910.0,New,15.0,1.0,13.0,50.0,6.0,5.0,85.0,0
C1228,35.0,Male,108540.0,New,12.0,11.0,12.0,39.0,4.0,7.0,103.0,1
C1229,38.0,Female,144746.0,Loyal,7.0,7.0,9.0,59.0,6.0,7.0,18.0,1
C1230,59.0,Male,40431.0,Loyal,7.0,6.0,4.0,10.0,1.0,2.0,27.0,0
C1231,53.0,Female,76733.0,New,5.0,6.0,8.0,42.0,8.0,3.0,92.0,1
C1232,58.0,Male,60088.0,Regular,6.0,13.0,10.0,23.0,8.0,7.0,72.0,0
C1233,55.0,Male,64135.0,New,14.0,16.0,15.0,11.0,8.0,6.0,95.0,0
C1234,51.0,Female,135786.0,Regular,9.0,13.0,7.0,12.0,4.0,0.0,76.0,1
C1235,34.0,Male,58015.0,Loyal,10.0,2.0,14.0,13.0,9.0,2.0,170.0,0
C1236,54.0,Male,120038.0,Loyal,1.0,19.0,2.0,40.0,8.0,6.0,6.0,1
C1237,42.0,Male,51385.0,Regular,4.0,19.0,14.0,49.0,0.0,5.0,90.0,1
C1238,55.0,Male,90199.0,Regular,11.0,19.0,5.0,56.0,1.0,1.0,80.0,0
C1239,29.0,Male,58677.0,Regular,6.0,18.0,9.0,46.0,9.0,4.0,83.0,1
C1240,40.0,Male,138104.0,Regular,14.0,6.0,13.0,49.0,4.0,2.0,82.0,0
C1241,59.0,Male,32818.0,Loyal,8.0,2.0,13.0,51.0,4.0,2.0,152.0,1
C1242,39.0,Female,108222.0,Loyal,0.0,19.0,9.0,16.0,5.0,4.0,45.0,0
C1243,38.0,Female,83001.0,Regular,14.0,6.0,3.0,9.0,7.0,5.0,71.0,0
C1244,44.0,Male,43977.0,Regular,2.0,20.0,11.0,52.0,0.0,2.0,7.0,1
C1245,48.0,Male,69832.0,New,5.0,15.0,12.0,10.0,9.0,0.0,144.0,1
C1246,23.0,Male,60931.0,New,13.0,6.0,3.0,29.0,8.0,5.0,126.0,0
C1247,44.0,Female,103990.0,Loyal,6.0,3.0,2.0,9.0,3.0,7.0,58.0,0
C1248,57.0,Female,98894.0,Regular,5.0,11.0,7.0,33.0,7.0,0.0,57.0,1
C1249,51.0,Male,92204.0,Regular,0.0,8.0,6.0,24.0,4.0,0.0,170.0,0
C1250,29.0,Female,65784.0,Regular,3.0,18.0,15.0,35.0,0.0,2.0,111.0,1
C1251,24.0,Male,126305.0,Loyal,5.0,17.0,NaN,11.0,8.0,7.0,142.0,1
C1252,27.0,Male,29921.0,New,7.0,19.0,7.0,39.0,7.0,5.0,56.0,1
C1253,34.0,Male,54959.0,Loyal,9.0,19.0,4.0,50.0,4.0,7.0,12.0,1
C1254,43.0,Male,52328.0,Loyal,14.0,17.0,5.0,13.0,10.0,2.0,93.0,1
C1255,38.0,Female,28859.0,Loyal,13.0,4.0,9.0,55.0,3.0,2.0,15.0,0
C1256,45.0,Female,144492.0,Regular,15.0,7.0,15.0,23.0,7.0,5.0,8.0,1
C1257,19.0,Male,109506.0,New,3.0,5.0,11.0,25.0,8.0,5.0,53.0,0
C1258,60.0,Female,94408.0,Regular,6.0,16.0,9.0,50.0,6.0,5.0,137.0,0
C1259,18.0,Female,143852.0,Regular,15.0,6.0,4.0,16.0,3.0,6.0,174.0,0
C1260,53.0,Male,104766.0,New,10.0,14.0,6.0,56.0,6.0,5.0,92.0,0
C1261,43.0,Female,46708.0,Regular,2.0,20.0,2.0,48.0,5.0,1.0,7.0,0
C1262,46.0,Male,38847.0,Regular,7.0,2.0,3.0,21.0,10.0,5.0,44.0,0
C1263,38.0,Male,75989.0,Loyal,0.0,18.0,9.0,10.0,2.0,4.0,14.0,0
C1264,28.0,Male,112641.0,New,3.0,18.0,6.0,41.0,9.0,5.0,75.0,0
C1265,57.0,Male,145383.0,Regular,7.0,13.0,8.0,40.0,2.0,2.0,115.0,0
C1266,28.0,Female,24922.0,Loyal,9.0,18.0,15.0,19.0,0.0,4.0,92.0,0
C1267,53.0,Male,89928.0,Loyal,3.0,17.0,11.0,35.0,4.0,6.0,134.0,0
C1268,56.0,Female,72335.0,Loyal,1.0,13.0,5.0,59.0,7.0,3.0,163.0,0
C1269,57.0,Male,146913.0,Regular,1.0,12.0,2.0,28.0,5.0,0.0,152.0,0
C1270,52.0,Male,33541.0,Loyal,3.0,3.0,7.0,58.0,7.0,1.0,73.0,0
C1271,51.0,Female,39551.0,Regular,14.0,7.0,6.0,56.0,6.0,4.0,130.0,0
C1272,41.0,Male,39381.0,Regular,12.0,1.0,11.0,41.0,1.0,6.0,179.0,0
C1273,39.0,Female,133319.0,New,3.0,5.0,15.0,2.0,7.0,0.0,31.0,1
C1274,22.0,Female,75673.0,New,15.0,1.0,2.0,51.0,3.0,7.0,126.0,1
C1275,50.0,Male,121531.0,New,14.0,4.0,6.0,30.0,10.0,1.0,119.0,1
C1276,53.0,Male,42948.0,New,1.0,1.0,13.0,40.0,4.0,5.0,27.0,0
C1277,37.0,Male,112264.0,New,6.0,13.0,8.0,50.0,10.0,7.0,110.0,1
C1278,36.0,Male,79072.0,New,14.0,14.0,13.0,40.0,7.0,6.0,159.0,0
C1279,52.0,Male,87560.0,New,5.0,15.0,1.0,5.0,4.0,0.0,106.0,0
C1280,60.0,Male,102249.0,Loyal,15.0,17.0,4.0,38.0,4.0,6.0,171.0,0
C1281,34.0,Female,22486.0,New,10.0,12.0,1.0,42.0,5.0,2.0,120.0,0
C1282,60.0,Female,86691.0,Regular,2.0,7.0,2.0,15.0,6.0,2.0,82.0,0
C1283,51.0,Male,30082.0,New,7.0,19.0,1.0,60.0,8.0,5.0,52.0,0
C1284,26.0,Female,122781.0,Loyal,7.0,3.0,6.0,36.0,10.0,0.0,14.0,0
C1285,43.0,Female,104105.0,Loyal,0.0,18.0,11.0,3.0,6.0,5.0,20.0,1
C1286,19.0,Male,27086.0,Regular,2.0,4.0,6.0,24.0,5.0,5.0,118.0,1
C1287,26.0,Male,147818.0,Regular,4.0,3.0,1.0,41.0,9.0,1.0,52.0,0
C1288,26.0,Female,87853.0,New,1.0,12.0,4.0,48.0,3.0,0.0,101.0,0
C1289,57.0,Male,121925.0,Loyal,11.0,12.0,14.0,48.0,10.0,3.0,40.0,1
C1290,34.0,Female,90027.0,Loyal,11.0,17.0,14.0,47.0,9.0,5.0,68.0,1
C1291,18.0,Male,35916.0,Loyal,4.0,6.0,14.0,56.0,1.0,1.0,44.0,0
C1292,42.0,Female,35248.0,Regular,10.0,15.0,4.0,41.0,10.0,1.0,134.0,0
C1293,60.0,Female,88047.0,Regular,9.0,2.0,8.0,49.0,10.0,0.0,87.0,1
C1294,57.0,Female,44226.0,Loyal,2.0,8.0,6.0,53.0,8.0,4.0,120.0,1
C1295,59.0,Female,45025.0,New,14.0,14.0,2.0,12.0,9.0,6.0,57.0,0
C1296,42.0,Male,127850.0,Regular,8.0,5.0,5.0,55.0,10.0,5.0,72.0,1
C1297,56.0,Male,68380.0,New,10.0,3.0,4.0,8.0,4.0,5.0,158.0,0
C1298,52.0,Female,27848.0,Loyal,0.0,10.0,10.0,14.0,4.0,0.0,52.0,0
C1299,20.0,Female,34274.0,New,15.0,7.0,4.0,59.0,10.0,4.0,11.0,1
C1300,54.0,Male,140092.0,New,15.0,11.0,12.0,18.0,2.0,1.0,175.0,1
C1301,47.0,,74545.0,Regular,3.0,15.0,8.0,44.0,2.0,7.0,5.0,1
C1302,55.0,Female,149043.0,Loyal,9.0,2.0,5.0,59.0,0.0,6.0,131.0,0
C1303,51.0,Female,116494.0,Regular,5.0,5.0,3.0,46.0,10.0,2.0,143.0,1
C1304,29.0,Female,135981.0,New,14.0,11.0,10.0,20.0,4.0,5.0,130.0,1
C1305,36.0,Female,55233.0,New,8.0,8.0,12.0,23.0,2.0,2.0,2.0,0
C1306,54.0,Female,36304.0,Loyal,2.0,13.0,15.0,5.0,10.0,6.0,174.0,1
C1307,34.0,Male,133973.0,Loyal,15.0,11.0,4.0,1.0,1.0,5.0,94.0,1
C1308,27.0,Female,31294.0,Loyal,14.0,17.0,1.0,45.0,10.0,6.0,127.0,1
C1309,29.0,Male,46425.0,Regular,2.0,15.0,6.0,46.0,8.0,0.0,126.0,0
C1310,33.0,Male,88711.0,Loyal,14.0,1.0,11.0,2.0,9.0,5.0,41.0,1
C1311,41.0,Male,126153.0,Regular,11.0,19.0,13.0,16.0,5.0,4.0,30.0,1
C1312,36.0,Female,130777.0,Regular,4.0,16.0,15.0,5.0,2.0,5.0,44.0,1
C1313,25.0,Male,113311.0,Regular,6.0,19.0,10.0,22.0,6.0,0.0,10.0,0
C1314,48.0,Male,29425.0,Regular,15.0,13.0,4.0,1.0,8.0,6.0,30.0,1
C1315,38.0,Male,111549.0,Loyal,13.0,4.0,6.0,12.0,8.0,3.0,75.0,1
C1316,34.0,Male,113464.0,Regular,4.0,11.0,2.0,19.0,0.0,0.0,49.0,0
C1317,40.0,Female,64990.0,Regular,15.0,18.0,5.0,54.0,1.0,0.0,163.0,0
C1318,54.0,Female,126748.0,New,10.0,18.0,11.0,22.0,7.0,7.0,145.0,1
C1319,33.0,Male,93746.0,New,7.0,10.0,9.0,55.0,10.0,7.0,159.0,1
C1320,23.0,Male,88295.0,Regular,4.0,17.0,8.0,42.0,0.0,0.0,70.0,1
C1321,25.0,Female,36091.0,New,6.0,13.0,3.0,44.0,10.0,0.0,180.0,0
C1322,42.0,Female,139943.0,New,5.0,14.0,1.0,51.0,10.0,4.0,26.0,1
C1323,35.0,Female,143102.0,Regular,13.0,7.0,10.0,48.0,2.0,5.0,100.0,0
C1324,42.0,Male,20002.0,Regular,9.0,10.0,3.0,17.0,10.0,4.0,133.0,0
C1325,29.0,Female,142818.0,Loyal,15.0,3.0,8.0,13.0,6.0,4.0,111.0,0
C1326,32.0,Male,70411.0,Regular,12.0,2.0,11.0,39.0,7.0,3.0,14.0,1
C1327,43.0,Male,60958.0,Loyal,1.0,19.0,3.0,28.0,4.0,3.0,51.0,0
C1328,58.0,Female,147829.0,Loyal,2.0,7.0,5.0,59.0,1.0,5.0,15.0,0
C1329,43.0,Male,115696.0,Loyal,10.0,5.0,2.0,3.0,2.0,5.0,128.0,1
C1330,49.0,Female,40707.0,Regular,10.0,3.0,15.0,5.0,8.0,6.0,140.0,1
C1331,27.0,Male,35248.0,Regular,3.0,2.0,1.0,36.0,10.0,0.0,46.0,0
C1332,33.0,Female,91309.0,Loyal,4.0,6.0,11.0,60.0,9.0,4.0,72.0,0
C1333,24.0,Male,98322.0,New,8.0,14.0,10.0,15.0,6.0,3.0,95.0,0
C1334,34.0,Male,71720.0,New,5.0,7.0,15.0,17.0,0.0,2.0,154.0,0
C1335,40.0,Female,35037.0,Regular,0.0,2.0,14.0,44.0,2.0,0.0,29.0,0
C1336,43.0,Female,87421.0,New,2.0,11.0,5.0,55.0,8.0,6.0,132.0,0
C1337,38.0,Female,125364.0,Loyal,6.0,3.0,5.0,46.0,6.0,1.0,178.0,0
C1338,39.0,Female,101867.0,Regular,7.0,9.0,6.0,29.0,1.0,4.0,25.0,1
C1339,24.0,Male,60612.0,Regular,6.0,8.0,2.0,4.0,5.0,0.0,168.0,0
C1340,31.0,Female,108031.0,Regular,4.0,11.0,9.0,32.0,8.0,5.0,32.0,1
C1341,32.0,Female,33450.0,Regular,14.0,18.0,2.0,49.0,3.0,0.0,100.0,1
C1342,24.0,Male,29491.0,New,9.0,1.0,2.0,43.0,9.0,1.0,37.0,0
C1343,26.0,Female,137026.0,Regular,7.0,15.0,12.0,38.0,1.0,5.0,126.0,0
C1344,25.0,Female,94804.0,Regular,15.0,4.0,15.0,4.0,2.0,2.0,138.0,0
C1345,40.0,Male,138446.0,Regular,8.0,4.0,5.0,13.0,6.0,3.0,166.0,1
C1346,46.0,Female,113293.0,Loyal,6.0,10.0,9.0,20.0,3.0,3.0,100.0,0
C1347,35.0,Female,139498.0,New,10.0,11.0,4.0,47.0,6.0,1.0,27.0,1
C1348,48.0,Female,127443.0,New,8.0,18.0,6.0,18.0,4.0,6.0,135.0,0
C1349,47.0,Female,26791.0,New,0.0,15.0,2.0,49.0,7.0,1.0,99.0,0
C1350,56.0,Female,125475.0,Regular,13.0,3.0,14.0,51.0,7.0,6.0,137.0,0
C1351,52.0,Female,48314.0,Loyal,8.0,7.0,13.0,42.0,4.0,6.0,36.0,0
C1352,35.0,Male,71883.0,Loyal,2.0,7.0,4.0,37.0,6.0,7.0,118.0,1
C1353,59.0,Female,114119.0,Regular,5.0,17.0,15.0,12.0,10.0,3.0,158.0,1
C1354,56.0,Male,135557.0,Regular,7.0,20.0,12.0,25.0,5.0,2.0,19.0,0
C1355,34.0,Male,107086.0,Regular,2.0,16.0,9.0,30.0,7.0,7.0,169.0,0
C1356,31.0,Male,85629.0,New,3.0,16.0,15.0,15.0,8.0,2.0,55.0,0
C1357,48.0,Male,121291.0,New,15.0,8.0,2.0,55.0,4.0,0.0,84.0,0
C1358,41.0,Female,131151.0,Loyal,15.0,3.0,1.0,36.0,6.0,1.0,6.0,0
C1359,52.0,Female,29967.0,Regular,6.0,20.0,4.0,8.0,0.0,7.0,123.0,0
C1360,51.0,Female,101754.0,Loyal,11.0,15.0,15.0,28.0,10.0,1.0,107.0,1
C1361,20.0,Male,63220.0,Regular,6.0,1.0,4.0,52.0,7.0,7.0,88.0,0
C1362,54.0,Female,94163.0,Regular,3.0,10.0,1.0,22.0,2.0,1.0,150.0,0
C1363,60.0,Female,24947.0,New,8.0,2.0,4.0,60.0,0.0,5.0,152.0,0
C1364,57.0,Female,59419.0,New,12.0,7.0,15.0,49.0,5.0,3.0,62.0,0
C1365,43.0,Male,76131.0,Regular,2.0,14.0,3.0,38.0,7.0,7.0,170.0,1
C1366,40.0,Male,108714.0,Regular,11.0,16.0,13.0,16.0,10.0,3.0,150.0,0
C1367,56.0,Female,48876.0,New,7.0,15.0,2.0,58.0,2.0,3.0,144.0,0
C1368,32.0,Male,108444.0,New,7.0,7.0,13.0,5.0,0.0,2.0,141.0,0
C1369,21.0,Male,121448.0,New,12.0,13.0,10.0,46.0,2.0,7.0,120.0,1
C1370,46.0,Female,39971.0,Regular,3.0,10.0,15.0,34.0,4.0,3.0,37.0,0
C1371,39.0,Male,82539.0,Regular,15.0,9.0,4.0,49.0,10.0,7.0,180.0,1
C1372,42.0,Male,118120.0,New,6.0,9.0,8.0,38.0,7.0,0.0,152.0,1
C1373,30.0,Female,69228.0,New,3.0,6.0,7.0,11.0,8.0,5.0,125.0,0
C1374,35.0,Male,143695.0,New,12.0,12.0,9.0,2.0,8.0,3.0,17.0,0
C1375,50.0,Male,94495.0,Regular,11.0,20.0,8.0,25.0,3.0,7.0,16.0,0
C1376,33.0,Male,141241.0,New,0.0,20.0,1.0,25.0,7.0,5.0,129.0,1
C1377,59.0,Male,48261.0,Loyal,0.0,14.0,12.0,1.0,10.0,5.0,85.0,1
C1378,19.0,Male,126601.0,New,13.0,20.0,2.0,31.0,4.0,2.0,125.0,0
C1379,52.0,Male,81260.0,New,0.0,7.0,12.0,5.0,2.0,1.0,1.0,0
C1380,59.0,Male,124998.0,Loyal,1.0,8.0,2.0,40.0,4.0,5.0,30.0,0
C1381,51.0,Male,101371.0,Regular,5.0,8.0,12.0,4.0,1.0,0.0,24.0,0
C1382,47.0,Female,104793.0,New,11.0,8.0,8.0,51.0,10.0,2.0,46.0,0
C1383,30.0,Female,23346.0,Loyal,9.0,2.0,12.0,5.0,10.0,4.0,2.0,0
C1384,30.0,Female,116343.0,Regular,10.0,14.0,4.0,5.0,10.0,5.0,143.0,1
C1385,35.0,Female,115954.0,Loyal,4.0,10.0,9.0,56.0,5.0,7.0,29.0,1
C1386,49.0,Male,76176.0,Regular,10.0,18.0,2.0,16.0,0.0,6.0,99.0,0
C1387,49.0,Female,72300.0,Regular,1.0,18.0,14.0,54.0,5.0,5.0,62.0,1
C1388,52.0,Female,31340.0,Loyal,7.0,18.0,4.0,18.0,4.0,1.0,13.0,0
C1389,56.0,Male,144345.0,New,8.0,16.0,13.0,43.0,8.0,3.0,65.0,0
C1390,46.0,Male,145467.0,Regular,6.0,20.0,13.0,17.0,6.0,7.0,45.0,0
C1391,46.0,Male,53012.0,Regular,11.0,5.0,15.0,35.0,5.0,7.0,47.0,1
C1392,33.0,Male,55393.0,New,13.0,20.0,15.0,18.0,10.0,2.0,16.0,1
C1393,27.0,Male,122153.0,New,15.0,5.0,1.0,4.0,6.0,4.0,126.0,1
C1394,47.0,Female,95133.0,New,14.0,20.0,3.0,51.0,9.0,2.0,107.0,0
C1395,42.0,Male,45557.0,Regular,15.0,10.0,6.0,31.0,4.0,3.0,3.0,0
C1396,56.0,Female,84204.0,Regular,14.0,17.0,9.0,31.0,0.0,2.0,104.0,1
C1397,37.0,Female,93273.0,Regular,11.0,13.0,11.0,9.0,8.0,7.0,95.0,1
C1398,22.0,Male,132328.0,New,8.0,17.0,1.0,31.0,4.0,4.0,133.0,0
C1399,18.0,Female,130304.0,Regular,3.0,18.0,15.0,5.0,3.0,2.0,154.0,1
C1400,47.0,Female,126637.0,Loyal,12.0,13.0,5.0,36.0,5.0,0.0,92.0,0
C1401,20.0,Male,,Regular,6.0,17.0,12.0,16.0,4.0,0.0,15.0,1
C1402,31.0,Female,74639.0,Regular,4.0,15.0,2.0,42.0,0.0,3.0,150.0,0
C1403,47.0,Female,141939.0,Loyal,15.0,12.0,7.0,41.0,1.0,6.0,37.0,1
C1404,21.0,Female,27310.0,Loyal,4.0,10.0,4.0,16.0,3.0,6.0,157.0,0
C1405,35.0,Male,55167.0,Regular,2.0,13.0,5.0,20.0,7.0,4.0,154.0,1
C1406,54.0,Male,122944.0,Loyal,15.0,11.0,8.0,54.0,4.0,7.0,70.0,1
C1407,42.0,Male,104880.0,Regular,8.0,3.0,2.0,30.0,6.0,4.0,139.0,0
C1408,18.0,Female,30391.0,Loyal,12.0,10.0,3.0,26.0,1.0,4.0,100.0,1
C1409,32.0,Male,142013.0,New,9.0,11.0,11.0,49.0,7.0,4.0,148.0,0
C1410,26.0,Female,70621.0,New,4.0,6.0,5.0,31.0,4.0,4.0,84.0,0
C1411,32.0,Male,30892.0,New,5.0,1.0,10.0,50.0,3.0,6.0,91.0,0
C1412,41.0,Female,96733.0,Loyal,2.0,6.0,4.0,15.0,8.0,1.0,33.0,1
C1413,21.0,Male,98586.0,Regular,9.0,5.0,5.0,52.0,5.0,2.0,121.0,1
C1414,29.0,Male,56142.0,New,6.0,7.0,3.0,41.0,3.0,7.0,30.0,0
C1415,54.0,Female,65679.0,New,8.0,12.0,13.0,38.0,7.0,5.0,178.0,1
C1416,54.0,Male,61615.0,Loyal,8.0,12.0,12.0,38.0,2.0,4.0,34.0,0
C1417,60.0,Female,67553.0,Loyal,13.0,7.0,9.0,43.0,9.0,6.0,133.0,1
C1418,23.0,Male,129264.0,Regular,14.0,2.0,8.0,57.0,1.0,5.0,140.0,0
C1419,56.0,Male,99071.0,Regular,12.0,1.0,14.0,60.0,6.0,0.0,76.0,1
C1420,41.0,Female,61002.0,Regular,9.0,18.0,6.0,20.0,3.0,6.0,75.0,0
C1421,28.0,Female,128807.0,Regular,13.0,12.0,15.0,35.0,3.0,5.0,52.0,0
C1422,30.0,Female,142611.0,Loyal,9.0,7.0,14.0,23.0,9.0,6.0,51.0,1
C1423,51.0,Male,90658.0,New,4.0,19.0,1.0,44.0,8.0,5.0,149.0,1
C1424,42.0,Female,29852.0,Regular,6.0,3.0,4.0,47.0,1.0,7.0,58.0,0
C1425,24.0,Male,25387.0,Regular,12.0,10.0,7.0,39.0,0.0,6.0,98.0,0
C1426,21.0,Female,147571.0,Regular,11.0,11.0,10.0,25.0,6.0,2.0,125.0,0
C1427,25.0,Female,117295.0,Regular,11.0,5.0,5.0,54.0,7.0,5.0,93.0,0
C1428,37.0,Female,125935.0,Regular,12.0,2.0,4.0,50.0,2.0,3.0,134.0,0
C1429,46.0,Female,59994.0,New,2.0,8.0,9.0,22.0,1.0,6.0,177.0,0
C1430,27.0,Female,123412.0,Regular,5.0,14.0,8.0,47.0,3.0,7.0,37.0,0
C1431,60.0,Female,136912.0,New,11.0,8.0,15.0,8.0,1.0,3.0,138.0,0
C1432,51.0,Male,120414.0,New,7.0,6.0,3.0,54.0,1.0,6.0,56.0,0
C1433,43.0,Female,53725.0,New,12.0,1.0,14.0,9.0,4.0,4.0,83.0,0
C1434,58.0,Male,92682.0,Loyal,7.0,1.0,6.0,15.0,9.0,1.0,71.0,0
C1435,20.0,Female,20560.0,Regular,15.0,8.0,12.0,48.0,4.0,6.0,66.0,0
C1436,23.0,Female,144210.0,Regular,1.0,11.0,14.0,20.0,7.0,7.0,45.0,1
C1437,22.0,Female,76565.0,Regular,5.0,18.0,14.0,35.0,8.0,1.0,87.0,1
C1438,22.0,Male,21312.0,Regular,6.0,10.0,12.0,59.0,1.0,2.0,95.0,0
C1439,40.0,Male,38205.0,Regular,11.0,12.0,4.0,37.0,0.0,1.0,144.0,0
C1440,26.0,Female,145882.0,Regular,6.0,20.0,7.0,3.0,2.0,5.0,10.0,1
C1441,52.0,Male,31595.0,Regular,2.0,16.0,1.0,59.0,5.0,3.0,149.0,1
C1442,37.0,Female,107566.0,Regular,13.0,5.0,1.0,60.0,4.0,4.0,140.0,0
C1443,59.0,Female,41329.0,Regular,13.0,16.0,14.0,34.0,7.0,0.0,13.0,0
C1444,52.0,Male,123678.0,Loyal,8.0,12.0,15.0,34.0,7.0,5.0,81.0,1
C1445,35.0,Male,88187.0,Loyal,1.0,6.0,12.0,36.0,1.0,3.0,117.0,0
C1446,34.0,Male,148509.0,New,10.0,5.0,12.0,35.0,8.0,3.0,138.0,1
C1447,41.0,Male,95542.0,New,15.0,1.0,6.0,9.0,3.0,2.0,122.0,0
C1448,20.0,Female,128237.0,Regular,2.0,19.0,10.0,30.0,0.0,5.0,141.0,0
C1449,49.0,Male,139389.0,Regular,14.0,10.0,11.0,55.0,1.0,6.0,162.0,1
C1450,52.0,Male,146688.0,New,10.0,14.0,13.0,54.0,10.0,7.0,59.0,1
C1451,55.0,Female,134476.0,Loyal,1.0,3.0,13.0,NaN,5.0,1.0,128.0,0
C1452,30.0,Male,55645.0,New,10.0,6.0,14.0,12.0,4.0,0.0,49.0,0
C1453,42.0,Male,107502.0,Loyal,8.0,5.0,7.0,24.0,6.0,0.0,6.0,0
C1454,26.0,Male,113382.0,Regular,3.0,17.0,13.0,41.0,8.0,6.0,12.0,1
C1455,21.0,Male,107310.0,Loyal,1.0,18.0,9.0,19.0,5.0,1.0,29.0,0
C1456,31.0,Female,89619.0,New,2.0,12.0,15.0,44.0,5.0,7.0,77.0,0
C1457,54.0,Female,53513.0,New,12.0,5.0,7.0,16.0,1.0,6.0,124.0,0
C1458,51.0,Male,28749.0,Regular,3.0,9.0,9.0,26.0,6.0,4.0,26.0,1
C1459,28.0,Male,50783.0,New,14.0,12.0,10.0,23.0,1.0,7.0,68.0,1
C1460,58.0,Female,80645.0,Regular,15.0,20.0,14.0,57.0,6.0,1.0,16.0,1
C1461,20.0,Male,102861.0,Regular,13.0,9.0,9.0,33.0,7.0,4.0,53.0,1
C1462,45.0,Male,73175.0,New,9.0,3.0,14.0,42.0,0.0,7.0,147.0,1
C1463,46.0,Male,104216.0,New,12.0,1.0,14.0,57.0,8.0,0.0,175.0,1
C1464,26.0,Male,82709.0,Loyal,5.0,15.0,8.0,30.0,7.0,5.0,160.0,0
C1465,20.0,Male,37323.0,New,4.0,10.0,7.0,23.0,8.0,2.0,70.0,0
C1466,42.0,Male,70762.0,New,2.0,14.0,12.0,10.0,4.0,3.0,5.0,1
C1467,51.0,Male,108220.0,Regular,15.0,7.0,3.0,36.0,3.0,7.0,130.0,1
C1468,29.0,Male,84222.0,Loyal,9.0,4.0,11.0,31.0,0.0,5.0,130.0,1
C1469,59.0,Male,54493.0,Regular,7.0,5.0,14.0,43.0,8.0,0.0,3.0,0
C1470,26.0,Female,78328.0,New,7.0,20.0,3.0,60.0,3.0,0.0,95.0,0
C1471,32.0,Female,144467.0,Regular,6.0,16.0,11.0,22.0,3.0,0.0,43.0,1
C1472,57.0,Female,32213.0,Loyal,2.0,3.0,5.0,43.0,3.0,7.0,133.0,0
C1473,42.0,Male,117367.0,Loyal,13.0,17.0,7.0,43.0,1.0,3.0,178.0,0
C1474,22.0,Male,127832.0,Regular,14.0,13.0,13.0,54.0,10.0,4.0,10.0,1
C1475,28.0,Female,66930.0,Regular,15.0,6.0,12.0,38.0,3.0,7.0,155.0,0
C1476,51.0,Male,47713.0,Regular,0.0,5.0,10.0,47.0,1.0,2.0,24.0,1
C1477,41.0,Female,127157.0,New,4.0,16.0,7.0,2.0,7.0,5.0,22.0,0
C1478,32.0,Male,92723.0,Regular,0.0,11.0,1.0,53.0,6.0,5.0,89.0,0
C1479,55.0,Female,118336.0,Regular,5.0,17.0,8.0,23.0,10.0,7.0,3.0,1
C1480,25.0,Female,52583.0,Loyal,10.0,5.0,1.0,54.0,9.0,2.0,144.0,0
C1481,22.0,Female,148792.0,New,6.0,6.0,13.0,35.0,1.0,2.0,158.0,0
C1482,43.0,Male,133197.0,New,14.0,10.0,14.0,59.0,1.0,4.0,112.0,0
C1483,35.0,Female,99944.0,Regular,14.0,1.0,11.0,60.0,1.0,5.0,171.0,0
C1484,23.0,Male,42369.0,Regular,11.0,10.0,4.0,37.0,0.0,1.0,4.0,0
C1485,54.0,Male,67928.0,Loyal,4.0,17.0,2.0,32.0,5.0,1.0,107.0,0
C1486,30.0,Male,88950.0,New,3.0,3.0,5.0,56.0,5.0,7.0,40.0,0
C1487,45.0,Male,135844.0,New,1.0,2.0,6.0,43.0,0.0,2.0,16.0,0
C1488,22.0,Male,39510.0,Regular,4.0,17.0,4.0,53.0,10.0,0.0,105.0,1
C1489,30.0,Male,142940.0,Regular,8.0,4.0,14.0,12.0,0.0,7.0,72.0,1
C1490,34.0,Male,32120.0,Loyal,3.0,2.0,12.0,58.0,5.0,0.0,88.0,0
C1491,57.0,Female,119847.0,Regular,13.0,5.0,13.0,35.0,10.0,3.0,16.0,1
C1492,49.0,Female,118575.0,Loyal,1.0,10.0,4.0,41.0,5.0,1.0,118.0,0
C1493,46.0,Female,149269.0,Regular,12.0,1.0,7.0,59.0,3.0,0.0,91.0,1
C1494,20.0,Male,25295.0,Loyal,14.0,1.0,11.0,3.0,2.0,6.0,20.0,1
C1495,57.0,Male,40460.0,Regular,5.0,4.0,4.0,34.0,8.0,2.0,179.0,0
C1496,51.0,Male,34963.0,Loyal,7.0,7.0,2.0,38.0,5.0,3.0,84.0,0
C1497,57.0,Male,97116.0,New,1.0,14.0,4.0,24.0,0.0,1.0,83.0,0
C1498,44.0,Female,107822.0,Regular,8.0,14.0,7.0,38.0,2.0,3.0,126.0,0
C1499,30.0,Male,47328.0,New,6.0,18.0,1.0,17.0,0.0,0.0,51.0,0
C1500,50.0,Female,104629.0,Regular,13.0,2.0,15.0,40.0,2.0,2.0,18.0,1
C1501,23.0,Male,144034.0,,12.0,1.0,4.0,1.0,1.0,6.0,81.0,0
C1502,41.0,Female,41605.0,New,1.0,16.0,6.0,57.0,4.0,2.0,97.0,0
C1503,36.0,Male,130901.0,Loyal,10.0,18.0,8.0,8.0,2.0,2.0,117.0,1
C1504,33.0,Female,64813.0,New,15.0,16.0,8.0,54.0,6.0,0.0,124.0,0
C1505,57.0,Male,66371.0,Loyal,4.0,6.0,13.0,15.0,7.0,6.0,28.0,0
C1506,45.0,Female,128241.0,Loyal,4.0,10.0,9.0,50.0,6.0,7.0,156.0,0
C1507,50.0,Male,67598.0,New,6.0,2.0,5.0,45.0,1.0,6.0,89.0,1
C1508,58.0,Female,80776.0,Regular,12.0,7.0,14.0,25.0,9.0,4.0,141.0,0
C1509,30.0,Female,143217.0,New,14.0,17.0,2.0,8.0,9.0,5.0,6.0,0
C1510,60.0,Male,92258.0,New,4.0,3.0,3.0,52.0,6.0,5.0,157.0,0
C1511,42.0,Female,60969.0,Regular,10.0,20.0,2.0,32.0,9.0,2.0,106.0,0
C1512,59.0,Male,56912.0,Loyal,13.0,12.0,9.0,50.0,2.0,5.0,119.0,0
C1513,53.0,Male,58374.0,New,5.0,2.0,6.0,13.0,6.0,4.0,137.0,0
C1514,44.0,Male,92302.0,Regular,13.0,7.0,14.0,46.0,0.0,2.0,29.0,0
C1515,55.0,Female,82784.0,Regular,8.0,17.0,11.0,15.0,1.0,4.0,166.0,1
C1516,24.0,Female,69882.0,Loyal,2.0,19.0,12.0,6.0,9.0,1.0,65.0,0
C1517,22.0,Male,35928.0,New,2.0,12.0,1.0,33.0,0.0,5.0,56.0,0
C1518,60.0,Male,41274.0,Regular,7.0,9.0,3.0,7.0,8.0,6.0,30.0,0
C1519,48.0,Female,149994.0,Regular,9.0,14.0,7.0,33.0,1.0,1.0,114.0,1
C1520,40.0,Female,54416.0,Regular,11.0,2.0,7.0,47.0,1.0,2.0,96.0,0
C1521,59.0,Female,106148.0,Loyal,5.0,4.0,5.0,29.0,5.0,6.0,121.0,1
C1522,27.0,Male,80998.0,Loyal,11.0,19.0,3.0,38.0,6.0,3.0,58.0,0
C1523,49.0,Male,120434.0,New,9.0,16.0,13.0,37.0,1.0,7.0,138.0,1
C1524,60.0,Male,132696.0,Regular,2.0,17.0,15.0,44.0,3.0,3.0,149.0,0
C1525,47.0,Male,49047.0,Regular,1.0,2.0,7.0,32.0,2.0,0.0,26.0,0
C1526,56.0,Male,63356.0,Regular,12.0,17.0,5.0,58.0,4.0,1.0,15.0,1
C1527,48.0,Female,57134.0,Regular,1.0,19.0,6.0,3.0,8.0,1.0,163.0,1
C1528,35.0,Male,87042.0,Regular,1.0,8.0,3.0,54.0,1.0,3.0,89.0,0
C1529,53.0,Female,71310.0,Regular,14.0,20.0,6.0,20.0,4.0,2.0,15.0,0
C1530,19.0,Female,137604.0,Loyal,4.0,6.0,7.0,14.0,7.0,6.0,97.0,1
C1531,31.0,Male,100758.0,New,14.0,12.0,14.0,28.0,5.0,6.0,75.0,1
C1532,30.0,Female,32363.0,Loyal,11.0,18.0,8.0,38.0,3.0,6.0,88.0,1
C1533,46.0,Male,105149.0,Regular,15.0,2.0,2.0,4.0,9.0,0.0,6.0,1
C1534,29.0,Female,64563.0,Regular,4.0,19.0,2.0,15.0,7.0,1.0,156.0,0
C1535,56.0,Male,50628.0,Loyal,15.0,10.0,14.0,17.0,2.0,7.0,63.0,0
C1536,19.0,Male,128162.0,Regular,0.0,3.0,6.0,37.0,3.0,0.0,29.0,0
C1537,49.0,Female,130920.0,Regular,1.0,12.0,8.0,24.0,10.0,1.0,48.0,1
C1538,30.0,Male,140953.0,Regular,15.0,16.0,5.0,38.0,8.0,4.0,149.0,0
C1539,44.0,Female,89672.0,Regular,1.0,12.0,14.0,42.0,4.0,6.0,22.0,0
C1540,58.0,Male,66246.0,Loyal,14.0,8.0,1.0,41.0,5.0,4.0,27.0,0
C1541,34.0,Male,31161.0,Loyal,3.0,5.0,11.0,36.0,10.0,0.0,85.0,0
C1542,57.0,Male,120993.0,New,6.0,11.0,1.0,58.0,1.0,6.0,79.0,1
C1543,48.0,Female,109110.0,New,2.0,10.0,10.0,41.0,8.0,6.0,138.0,1
C1544,51.0,Female,112438.0,Regular,4.0,3.0,9.0,8.0,7.0,3.0,22.0,1
C1545,41.0,Male,22810.0,New,10.0,9.0,4.0,3.0,6.0,3.0,172.0,0
C1546,52.0,Female,79860.0,Regular,8.0,12.0,12.0,30.0,8.0,1.0,84.0,0
C1547,23.0,Male,97199.0,New,4.0,6.0,10.0,22.0,4.0,7.0,83.0,0
C1548,36.0,Female,91688.0,Regular,8.0,19.0,1.0,52.0,4.0,7.0,156.0,0
C1549,47.0,Female,85548.0,New,0.0,16.0,11.0,33.0,10.0,5.0,50.0,0
C1550,24.0,Male,82363.0,Regular,8.0,14.0,8.0,25.0,10.0,4.0,179.0,1
C1551,27.0,Male,31162.0,Regular,13.0,4.0,2.0,52.0,8.0,4.0,129.0,0
C1552,58.0,Male,107858.0,Regular,4.0,18.0,12.0,59.0,10.0,0.0,162.0,1
C1553,49.0,Male,93535.0,Loyal,7.0,10.0,2.0,30.0,4.0,6.0,163.0,1
C1554,51.0,Male,27219.0,Loyal,4.0,18.0,1.0,37.0,8.0,5.0,61.0,1
C1555,45.0,Female,90864.0,Regular,13.0,12.0,1.0,3.0,0.0,0.0,30.0,0
C1556,32.0,Female,23621.0,New,11.0,19.0,9.0,4.0,9.0,3.0,76.0,1
C1557,47.0,Male,138371.0,Loyal,15.0,8.0,13.0,29.0,9.0,3.0,168.0,1
C1558,54.0,Male,109792.0,Loyal,5.0,1.0,1.0,57.0,10.0,7.0,37.0,0
C1559,46.0,Male,64433.0,Loyal,7.0,14.0,6.0,32.0,7.0,5.0,129.0,1
C1560,39.0,Female,139998.0,New,1.0,6.0,12.0,23.0,2.0,5.0,143.0,1
C1561,21.0,Male,96850.0,Loyal,2.0,14.0,7.0,56.0,7.0,3.0,13.0,1
C1562,37.0,Male,146344.0,New,10.0,2.0,4.0,19.0,4.0,2.0,157.0,1
C1563,49.0,Female,86188.0,Regular,8.0,9.0,5.0,15.0,1.0,6.0,45.0,1
C1564,53.0,Female,74951.0,Loyal,4.0,12.0,4.0,51.0,8.0,4.0,4.0,0
C1565,21.0,Female,101718.0,New,4.0,5.0,4.0,16.0,3.0,4.0,15.0,0
C1566,44.0,Female,127116.0,Loyal,8.0,2.0,10.0,23.0,6.0,0.0,104.0,0
C1567,34.0,Male,56558.0,Regular,9.0,19.0,15.0,40.0,7.0,4.0,176.0,1
C1568,29.0,Female,148938.0,Loyal,2.0,7.0,15.0,46.0,6.0,0.0,91.0,0
C1569,39.0,Female,35659.0,New,13.0,7.0,1.0,37.0,10.0,5.0,143.0,0
C1570,34.0,Male,54413.0,Loyal,3.0,10.0,6.0,1.0,5.0,5.0,39.0,0
C1571,27.0,Male,30435.0,New,15.0,17.0,14.0,19.0,6.0,2.0,79.0,1
C1572,18.0,Male,139200.0,Regular,15.0,14.0,10.0,37.0,3.0,6.0,60.0,0
C1573,39.0,Female,73911.0,Regular,15.0,11.0,14.0,35.0,9.0,5.0,94.0,0
C1574,43.0,Male,48067.0,Regular,15.0,20.0,10.0,30.0,0.0,6.0,172.0,0
C1575,35.0,Female,107794.0,New,6.0,6.0,7.0,17.0,4.0,3.0,43.0,0
C1576,31.0,Female,113823.0,Regular,1.0,8.0,7.0,39.0,7.0,2.0,132.0,0
C1577,46.0,Female,89224.0,New,7.0,19.0,8.0,49.0,9.0,3.0,77.0,1
C1578,29.0,Male,93225.0,Regular,4.0,19.0,7.0,26.0,5.0,3.0,178.0,0
C1579,53.0,Female,21379.0,New,14.0,17.0,6.0,13.0,4.0,0.0,39.0,0
C1580,52.0,Male,122547.0,Loyal,0.0,18.0,12.0,54.0,1.0,6.0,54.0,1
C1581,29.0,Male,128541.0,New,2.0,12.0,15.0,22.0,9.0,3.0,151.0,0
C1582,24.0,Male,47624.0,New,14.0,9.0,8.0,46.0,4.0,6.0,163.0,1
C1583,46.0,Female,111500.0,New,8.0,16.0,3.0,23.0,9.0,2.0,54.0,1
C1584,28.0,Female,108427.0,Regular,4.0,18.0,9.0,44.0,2.0,1.0,62.0,0
C1585,50.0,Female,134634.0,New,7.0,16.0,3.0,43.0,1.0,5.0,176.0,0
C1586,23.0,Male,142507.0,Regular,0.0,16.0,4.0,33.0,2.0,0.0,135.0,0
C1587,32.0,Female,148701.0,Loyal,13.0,4.0,13.0,27.0,3.0,6.0,173.0,0
C1588,49.0,Female,77745.0,Regular,6.0,7.0,10.0,35.0,1.0,5.0,13.0,1
C1589,28.0,Female,71805.0,Regular,6.0,1.0,14.0,12.0,3.0,3.0,115.0,1
C1590,40.0,Female,123915.0,New,7.0,20.0,6.0,9.0,3.0,3.0,39.0,1
C1591,43.0,Female,140815.0,Regular,2.0,1.0,12.0,34.0,5.0,4.0,84.0,0
C1592,51.0,Male,32516.0,New,0.0,8.0,14.0,14.0,4.0,7.0,146.0,0
C1593,51.0,Male,99422.0,Loyal,10.0,8.0,12.0,37.0,6.0,6.0,150.0,0
C1594,46.0,Male,105843.0,New,14.0,10.0,8.0,3.0,10.0,7.0,164.0,0
C1595,21.0,Male,149560.0,Regular,8.0,1.0,3.0,44.0,6.0,0.0,105.0,0
C1596,34.0,Female,44843.0,Regular,0.0,14.0,13.0,44.0,2.0,0.0,112.0,0
C1597,52.0,Male,132020.0,Loyal,10.0,14.0,10.0,21.0,8.0,7.0,72.0,1
C1598,30.0,Female,25912.0,New,5.0,10.0,6.0,7.0,6.0,2.0,3.0,1
C1599,58.0,Male,41514.0,Regular,8.0,19.0,5.0,33.0,6.0,1.0,157.0,0
C1600,56.0,Male,107359.0,New,13.0,16.0,5.0,35.0,1.0,2.0,73.0,1
C1601,32.0,Male,77032.0,Regular,,9.0,5.0,11.0,9.0,2.0,8.0,0
C1602,46.0,Female,48797.0,Loyal,3.0,20.0,9.0,45.0,2.0,2.0,76.0,0
C1603,46.0,Female,26449.0,Regular,1.0,16.0,13.0,32.0,2.0,7.0,174.0,1
C1604,28.0,Male,21725.0,Regular,3.0,20.0,7.0,22.0,5.0,1.0,92.0,0
C1605,49.0,Female,101406.0,Loyal,1.0,8.0,12.0,55.0,3.0,2.0,106.0,0
C1606,19.0,Male,29304.0,Regular,11.0,7.0,9.0,42.0,3.0,5.0,49.0,0
C1607,31.0,Male,93058.0,Regular,0.0,11.0,15.0,19.0,0.0,0.0,43.0,0
C1608,37.0,Male,145555.0,Regular,10.0,6.0,9.0,36.0,5.0,1.0,138.0,1
C1609,39.0,Female,33663.0,Regular,2.0,15.0,13.0,54.0,7.0,3.0,141.0,0
C1610,28.0,Male,90320.0,New,7.0,19.0,14.0,37.0,7.0,4.0,2.0,0
C1611,44.0,Male,95008.0,Loyal,4.0,14.0,6.0,11.0,7.0,4.0,65.0,0
C1612,20.0,Male,135920.0,Regular,15.0,15.0,14.0,41.0,4.0,6.0,86.0,1
C1613,34.0,Female,114488.0,New,3.0,6.0,6.0,13.0,9.0,5.0,97.0,1
C1614,45.0,Male,147418.0,Loyal,4.0,10.0,4.0,28.0,5.0,0.0,170.0,0
C1615,46.0,Female,95591.0,Regular,5.0,14.0,8.0,49.0,4.0,4.0,10.0,1
C1616,38.0,Male,115044.0,New,5.0,16.0,14.0,15.0,3.0,5.0,63.0,1
C1617,33.0,Female,32676.0,Regular,4.0,13.0,2.0,13.0,3.0,5.0,103.0,0
C1618,54.0,Male,45192.0,Loyal,11.0,11.0,5.0,53.0,3.0,4.0,61.0,1
C1619,37.0,Male,44722.0,Loyal,10.0,3.0,1.0,43.0,3.0,4.0,1.0,0
C1620,23.0,Female,27446.0,Loyal,11.0,8.0,10.0,33.0,5.0,5.0,154.0,0
C1621,36.0,Female,139304.0,Loyal,5.0,3.0,14.0,8.0,5.0,7.0,5.0,1
C1622,22.0,Male,24725.0,New,8.0,2.0,2.0,55.0,4.0,5.0,35.0,0
C1623,20.0,Female,105597.0,Regular,4.0,14.0,1.0,32.0,10.0,3.0,125.0,1
C1624,18.0,Male,133073.0,Loyal,12.0,20.0,6.0,37.0,10.0,4.0,141.0,1
C1625,55.0,Male,108207.0,Regular,5.0,15.0,2.0,54.0,8.0,2.0,27.0,0
C1626,32.0,Male,77632.0,Regular,3.0,3.0,12.0,48.0,7.0,5.0,140.0,0
C1627,51.0,Female,86945.0,Regular,12.0,1.0,4.0,4.0,9.0,0.0,94.0,0
C1628,52.0,Male,93741.0,Regular,2.0,15.0,13.0,57.0,5.0,0.0,50.0,0
C1629,42.0,Female,36365.0,Loyal,12.0,20.0,5.0,51.0,10.0,6.0,159.0,1
C1630,41.0,Male,85792.0,Regular,11.0,2.0,7.0,18.0,8.0,5.0,69.0,0
C1631,29.0,Female,84857.0,Regular,5.0,18.0,10.0,23.0,4.0,0.0,165.0,1
C1632,35.0,Female,136409.0,Loyal,10.0,1.0,1.0,29.0,9.0,3.0,2.0,1
C1633,32.0,Male,35704.0,Regular,10.0,9.0,12.0,2.0,3.0,6.0,102.0,0
C1634,33.0,Female,70575.0,New,4.0,3.0,11.0,13.0,5.0,3.0,3.0,0
C1635,44.0,Male,49902.0,Regular,3.0,2.0,5.0,16.0,3.0,5.0,148.0,0
C1636,25.0,Male,139641.0,Loyal,4.0,4.0,15.0,54.0,7.0,7.0,130.0,1
C1637,42.0,Male,121294.0,Loyal,6.0,16.0,4.0,59.0,6.0,6.0,42.0,0
C1638,34.0,Male,21195.0,Loyal,0.0,1.0,7.0,8.0,4.0,4.0,43.0,1
C1639,46.0,Male,139247.0,Regular,15.0,9.0,14.0,19.0,9.0,2.0,21.0,0
C1640,25.0,Female,73517.0,New,13.0,8.0,10.0,32.0,5.0,4.0,45.0,0
C1641,32.0,Male,54012.0,Loyal,14.0,6.0,7.0,3.0,10.0,0.0,20.0,1
C1642,44.0,Female,31415.0,Loyal,15.0,20.0,8.0,51.0,6.0,7.0,171.0,1
C1643,24.0,Female,59534.0,New,0.0,18.0,4.0,49.0,1.0,6.0,178.0,0
C1644,20.0,Male,41686.0,New,10.0,16.0,4.0,32.0,8.0,2.0,43.0,0
C1645,46.0,Female,97198.0,Loyal,12.0,8.0,10.0,41.0,6.0,0.0,24.0,0
C1646,41.0,Male,134514.0,Loyal,0.0,4.0,5.0,21.0,7.0,2.0,82.0,0
C1647,20.0,Female,48743.0,Loyal,1.0,3.0,5.0,25.0,4.0,5.0,84.0,0
C1648,37.0,Female,52161.0,Loyal,8.0,15.0,11.0,53.0,2.0,1.0,60.0,1
C1649,32.0,Female,81313.0,Regular,12.0,6.0,3.0,55.0,1.0,7.0,32.0,1
C1650,42.0,Male,135994.0,Regular,15.0,1.0,5.0,17.0,1.0,3.0,122.0,1
C1651,47.0,Female,128617.0,Regular,4.0,18.0,5.0,25.0,NaN,6.0,5.0,0
C1652,31.0,Male,22402.0,New,13.0,11.0,8.0,33.0,0.0,3.0,130.0,0
C1653,24.0,Female,83190.0,Regular,8.0,3.0,7.0,31.0,0.0,6.0,154.0,0
C1654,34.0,Female,135184.0,Regular,12.0,13.0,8.0,36.0,6.0,7.0,25.0,1
C1655,37.0,Female,72551.0,Regular,4.0,17.0,13.0,23.0,9.0,5.0,178.0,0
C1656,53.0,Female,33275.0,Regular,14.0,18.0,5.0,59.0,10.0,0.0,86.0,0
C1657,26.0,Male,48182.0,Regular,13.0,14.0,12.0,47.0,7.0,0.0,167.0,0
C1658,55.0,Male,34915.0,New,6.0,7.0,11.0,44.0,5.0,1.0,86.0,0
C1659,39.0,Female,20909.0,New,13.0,7.0,2.0,25.0,6.0,4.0,75.0,1
C1660,19.0,Female,134110.0,New,13.0,14.0,8.0,49.0,0.0,6.0,11.0,0
C1661,41.0,Male,85908.0,New,15.0,15.0,9.0,44.0,0.0,2.0,68.0,0
C1662,25.0,Male,147337.0,Loyal,14.0,12.0,2.0,48.0,8.0,5.0,97.0,0
C1663,28.0,Male,42620.0,New,5.0,12.0,14.0,30.0,4.0,1.0,146.0,0
C1664,30.0,Male,54112.0,New,1.0,8.0,1.0,13.0,6.0,5.0,108.0,0
C1665,34.0,Female,94051.0,Regular,15.0,16.0,12.0,43.0,5.0,1.0,122.0,1
C1666,25.0,Female,22431.0,Regular,2.0,9.0,6.0,47.0,3.0,0.0,156.0,0
C1667,38.0,Male,106590.0,New,4.0,2.0,3.0,29.0,0.0,0.0,42.0,0
C1668,35.0,Male,82175.0,Loyal,3.0,14.0,1.0,16.0,3.0,4.0,60.0,1
C1669,47.0,Male,137472.0,Loyal,13.0,16.0,13.0,38.0,9.0,6.0,150.0,1
C1670,35.0,Male,52624.0,New,10.0,5.0,6.0,27.0,9.0,7.0,168.0,1
C1671,48.0,Male,96121.0,New,5.0,5.0,12.0,26.0,7.0,6.0,62.0,1
C1672,55.0,Male,81264.0,Loyal,7.0,20.0,8.0,11.0,10.0,7.0,131.0,1
C1673,49.0,Female,133766.0,Loyal,7.0,18.0,9.0,47.0,0.0,5.0,71.0,1
C1674,28.0,Female,51958.0,Regular,2.0,18.0,13.0,37.0,1.0,5.0,121.0,1
C1675,42.0,Female,144095.0,New,3.0,5.0,6.0,3.0,7.0,4.0,20.0,0
C1676,50.0,Male,21695.0,Regular,15.0,11.0,12.0,26.0,1.0,0.0,71.0,0
C1677,55.0,Male,120211.0,Regular,0.0,13.0,6.0,34.0,10.0,7.0,154.0,0
C1678,58.0,Male,139502.0,New,1.0,3.0,1.0,33.0,9.0,3.0,169.0,1
C1679,25.0,Female,69932.0,Regular,12.0,17.0,5.0,15.0,8.0,4.0,131.0,0
C1680,28.0,Male,119323.0,Regular,8.0,18.0,3.0,2.0,2.0,1.0,171.0,0
C1681,39.0,Male,64225.0,Regular,14.0,14.0,7.0,28.0,2.0,0.0,145.0,0
C1682,41.0,Female,21403.0,Loyal,11.0,12.0,12.0,20.0,5.0,5.0,84.0,1
C1683,58.0,Male,103346.0,Loyal,9.0,14.0,9.0,38.0,2.0,5.0,98.0,0
C1684,34.0,Female,94391.0,Regular,9.0,18.0,13.0,44.0,8.0,2.0,180.0,0
C1685,29.0,Female,58636.0,Loyal,1.0,20.0,11.0,53.0,10.0,2.0,161.0,1
C1686,49.0,Male,30839.0,New,11.0,2.0,6.0,16.0,7.0,3.0,60.0,0
C1687,32.0,Female,85546.0,Loyal,5.0,7.0,5.0,46.0,3.0,5.0,68.0,0
C1688,33.0,Male,124634.0,New,13.0,15.0,7.0,4.0,5.0,0.0,105.0,0
C1689,39.0,Female,67829.0,New,15.0,10.0,11.0,8.0,7.0,5.0,136.0,0
C1690,45.0,Male,29230.0,Regular,6.0,15.0,9.0,44.0,3.0,7.0,161.0,0
C1691,37.0,Female,71977.0,Regular,5.0,17.0,5.0,55.0,4.0,5.0,153.0,1
C1692,50.0,Male,60232.0,Loyal,7.0,11.0,15.0,46.0,6.0,1.0,111.0,1
C1693,27.0,Female,133050.0,Regular,8.0,2.0,5.0,20.0,7.0,3.0,135.0,0
C1694,57.0,Female,121307.0,New,7.0,18.0,10.0,26.0,6.0,1.0,59.0,0
C1695,49.0,Female,114792.0,Regular,4.0,4.0,4.0,32.0,7.0,6.0,33.0,1
C1696,50.0,Male,45651.0,Regular,7.0,9.0,5.0,13.0,3.0,7.0,41.0,1
C1697,19.0,Male,117919.0,Regular,9.0,17.0,7.0,5.0,0.0,2.0,161.0,1
C1698,50.0,Female,59963.0,Regular,14.0,17.0,3.0,44.0,5.0,7.0,29.0,0
C1699,50.0,Male,75872.0,Loyal,14.0,17.0,4.0,42.0,4.0,1.0,167.0,0
C1700,58.0,Female,137776.0,Loyal,9.0,16.0,9.0,53.0,10.0,2.0,105.0,0
C1701,30.0,Male,99198.0,Loyal,8.0,,15.0,51.0,3.0,6.0,101.0,1
C1702,47.0,Female,33739.0,New,15.0,8.0,12.0,13.0,1.0,4.0,64.0,0
C1703,50.0,Male,83294.0,Regular,13.0,15.0,2.0,41.0,0.0,6.0,86.0,1
C1704,30.0,Female,68356.0,Regular,7.0,1.0,8.0,11.0,8.0,2.0,66.0,0
C1705,43.0,Female,21789.0,Regular,1.0,19.0,9.0,37.0,1.0,5.0,114.0,0
C1706,39.0,Female,39420.0,Regular,1.0,15.0,5.0,60.0,8.0,6.0,122.0,0
C1707,56.0,Female,109297.0,Loyal,11.0,9.0,7.0,32.0,5.0,2.0,9.0,0
C1708,19.0,Male,125902.0,Regular,2.0,5.0,6.0,45.0,5.0,6.0,29.0,1
C1709,55.0,Female,57606.0,Loyal,6.0,16.0,1.0,42.0,1.0,5.0,97.0,0
C1710,56.0,Male,58640.0,Loyal,8.0,13.0,15.0,18.0,5.0,3.0,74.0,1
C1711,43.0,Male,138341.0,Loyal,7.0,16.0,8.0,29.0,2.0,5.0,124.0,0
C1712,32.0,Female,64135.0,Loyal,8.0,11.0,9.0,15.0,6.0,6.0,156.0,0
C1713,51.0,Male,57067.0,Regular,5.0,13.0,10.0,20.0,9.0,7.0,110.0,1
C1714,59.0,Male,78420.0,New,0.0,6.0,11.0,44.0,3.0,5.0,53.0,0
C1715,57.0,Male,37357.0,Regular,13.0,20.0,1.0,36.0,8.0,5.0,174.0,1
C1716,28.0,Female,59851.0,New,15.0,17.0,15.0,5.0,4.0,3.0,167.0,1
C1717,20.0,Male,58262.0,Regular,11.0,5.0,8.0,40.0,9.0,0.0,76.0,0
C1718,23.0,Male,144745.0,Regular,15.0,17.0,3.0,37.0,2.0,6.0,58.0,1
C1719,26.0,Female,96853.0,Regular,3.0,1.0,12.0,33.0,0.0,0.0,134.0,0
C1720,23.0,Female,78643.0,Loyal,12.0,5.0,6.0,18.0,0.0,6.0,45.0,0
C1721,26.0,Male,138094.0,Loyal,5.0,5.0,10.0,19.0,3.0,2.0,168.0,0
C1722,56.0,Female,41534.0,New,14.0,7.0,8.0,51.0,9.0,4.0,151.0,1
C1723,48.0,Male,111270.0,Regular,11.0,16.0,5.0,32.0,9.0,0.0,117.0,0
C1724,49.0,Male,121433.0,Regular,15.0,18.0,8.0,42.0,3.0,2.0,122.0,0
C1725,58.0,Male,52872.0,Regular,5.0,6.0,7.0,22.0,8.0,3.0,170.0,0
C1726,29.0,Female,125737.0,Loyal,14.0,2.0,7.0,41.0,7.0,7.0,166.0,0
C1727,25.0,Male,27689.0,Regular,7.0,13.0,7.0,58.0,3.0,0.0,144.0,0
C1728,25.0,Female,89103.0,Regular,14.0,10.0,9.0,1.0,5.0,0.0,74.0,1
C1729,45.0,Female,106268.0,Loyal,15.0,20.0,6.0,54.0,6.0,5.0,175.0,0
C1730,37.0,Male,106310.0,Loyal,0.0,11.0,6.0,25.0,9.0,7.0,149.0,0
C1731,24.0,Female,108731.0,New,12.0,2.0,11.0,20.0,7.0,7.0,74.0,0
C1732,28.0,Female,135869.0,Regular,10.0,8.0,9.0,58.0,3.0,6.0,149.0,0
C1733,37.0,Female,57412.0,Regular,1.0,19.0,15.0,35.0,0.0,5.0,25.0,0
C1734,33.0,Female,67734.0,New,1.0,20.0,6.0,45.0,4.0,2.0,124.0,1
C1735,21.0,Female,129634.0,New,12.0,17.0,7.0,6.0,0.0,5.0,61.0,1
C1736,23.0,Male,107793.0,Regular,5.0,16.0,15.0,6.0,10.0,7.0,98.0,1
C1737,39.0,Female,89930.0,Regular,13.0,10.0,7.0,50.0,10.0,2.0,54.0,0
C1738,43.0,Male,121838.0,New,13.0,5.0,2.0,37.0,3.0,1.0,60.0,0
C1739,20.0,Male,42228.0,Regular,10.0,14.0,13.0,49.0,6.0,6.0,170.0,1
C1740,58.0,Male,140627.0,Loyal,6.0,19.0,12.0,57.0,6.0,1.0,32.0,0
C1741,59.0,Male,97924.0,New,1.0,4.0,8.0,57.0,0.0,4.0,53.0,0
C1742,31.0,Male,31319.0,New,4.0,20.0,12.0,3.0,8.0,6.0,172.0,1
C1743,28.0,Male,26475.0,Loyal,5.0,16.0,11.0,37.0,1.0,0.0,139.0,1
C1744,35.0,Female,117091.0,New,3.0,15.0,6.0,31.0,4.0,1.0,118.0,0
C1745,29.0,Female,103694.0,Loyal,0.0,9.0,4.0,35.0,5.0,2.0,47.0,0
C1746,40.0,Female,34728.0,Regular,2.0,3.0,11.0,55.0,0.0,5.0,90.0,0
C1747,29.0,Male,130310.0,Regular,15.0,9.0,13.0,45.0,1.0,5.0,60.0,0
C1748,30.0,Female,49545.0,New,13.0,18.0,7.0,15.0,6.0,0.0,36.0,0
C1749,42.0,Female,116636.0,New,9.0,4.0,8.0,17.0,5.0,6.0,161.0,0
C1750,36.0,Female,142971.0,New,8.0,19.0,1.0,15.0,5.0,7.0,42.0,0
C1751,53.0,Male,101686.0,New,12.0,4.0,10.0,5.0,5.0,1.0,13.0,1
C1752,25.0,Female,118750.0,Regular,5.0,9.0,13.0,22.0,6.0,4.0,142.0,0
C1753,46.0,Male,118412.0,New,1.0,1.0,13.0,46.0,9.0,7.0,115.0,0
C1754,49.0,Female,81756.0,Regular,8.0,1.0,4.0,11.0,8.0,4.0,101.0,1
C1755,35.0,Male,88775.0,Regular,3.0,20.0,4.0,28.0,8.0,4.0,122.0,1
C1756,23.0,Male,58699.0,New,10.0,19.0,10.0,14.0,1.0,4.0,168.0,1
C1757,35.0,Male,56821.0,New,12.0,3.0,9.0,39.0,1.0,5.0,65.0,1
C1758,36.0,Female,50615.0,New,7.0,10.0,13.0,3.0,4.0,7.0,133.0,1
C1759,39.0,Female,33746.0,New,9.0,12.0,6.0,55.0,9.0,5.0,158.0,1
C1760,54.0,Male,106457.0,Regular,6.0,18.0,4.0,52.0,6.0,5.0,117.0,1
C1761,49.0,Female,42745.0,Regular,11.0,14.0,13.0,42.0,2.0,6.0,173.0,1
C1762,58.0,Male,21245.0,Loyal,10.0,10.0,1.0,11.0,2.0,7.0,101.0,0
C1763,20.0,Male,137408.0,Regular,2.0,10.0,8.0,30.0,3.0,2.0,39.0,1
C1764,45.0,Female,132143.0,Regular,14.0,18.0,11.0,38.0,2.0,4.0,140.0,1
C1765,27.0,Female,44853.0,Regular,7.0,1.0,9.0,5.0,2.0,7.0,162.0,0
C1766,52.0,Female,47632.0,Regular,3.0,15.0,5.0,52.0,7.0,3.0,109.0,0
C1767,46.0,Male,32856.0,New,1.0,8.0,5.0,22.0,6.0,5.0,14.0,0
C1768,32.0,Male,76893.0,New,10.0,3.0,10.0,13.0,6.0,4.0,166.0,0
C1769,50.0,Female,90641.0,Regular,4.0,18.0,8.0,44.0,9.0,1.0,144.0,1
C1770,24.0,Male,121226.0,Regular,0.0,9.0,8.0,51.0,1.0,6.0,106.0,1
C1771,29.0,Female,88049.0,Regular,12.0,16.0,5.0,51.0,10.0,0.0,75.0,1
C1772,47.0,Male,78182.0,Regular,7.0,15.0,4.0,21.0,8.0,5.0,79.0,0
C1773,38.0,Female,22801.0,Regular,13.0,5.0,6.0,59.0,5.0,5.0,112.0,0
C1774,48.0,Female,117881.0,Regular,7.0,13.0,10.0,37.0,2.0,1.0,67.0,0
C1775,41.0,Male,99431.0,Regular,2.0,20.0,5.0,25.0,8.0,0.0,139.0,0
C1776,37.0,Female,59749.0,Regular,0.0,7.0,8.0,52.0,8.0,2.0,11.0,0
C1777,54.0,Female,93757.0,Regular,3.0,16.0,9.0,21.0,5.0,7.0,16.0,1
C1778,21.0,Male,75654.0,Regular,8.0,7.0,13.0,28.0,9.0,5.0,166.0,0
C1779,45.0,Female,91574.0,Regular,15.0,16.0,1.0,41.0,5.0,0.0,158.0,0
C1780,37.0,Male,117567.0,Loyal,8.0,13.0,9.0,4.0,7.0,3.0,169.0,0
C1781,41.0,Female,75381.0,Regular,14.0,17.0,13.0,29.0,7.0,5.0,1.0,1
C1782,49.0,Male,78601.0,Regular,0.0,9.0,9.0,47.0,5.0,4.0,124.0,0
C1783,58.0,Female,35082.0,Loyal,10.0,12.0,6.0,35.0,6.0,6.0,38.0,0
C1784,53.0,Female,34648.0,Regular,14.0,13.0,11.0,23.0,3.0,1.0,114.0,0
C1785,51.0,Female,20364.0,New,15.0,9.0,10.0,7.0,0.0,0.0,98.0,0
C1786,53.0,Female,54568.0,Loyal,15.0,5.0,5.0,56.0,3.0,1.0,60.0,0
C1787,19.0,Male,99646.0,New,15.0,7.0,7.0,52.0,7.0,4.0,19.0,0
C1788,32.0,Male,91494.0,Regular,6.0,1.0,11.0,52.0,7.0,2.0,124.0,0
C1789,51.0,Male,94632.0,Loyal,5.0,4.0,8.0,46.0,1.0,6.0,100.0,0
C1790,53.0,Male,27436.0,Loyal,13.0,4.0,9.0,46.0,6.0,4.0,68.0,0
C1791,23.0,Male,106713.0,New,6.0,16.0,9.0,9.0,0.0,7.0,138.0,1
C1792,56.0,Male,46754.0,Regular,6.0,5.0,10.0,58.0,1.0,2.0,17.0,1
C1793,59.0,Male,80194.0,Regular,7.0,4.0,11.0,23.0,7.0,1.0,80.0,0
C1794,29.0,Female,44544.0,Regular,15.0,6.0,3.0,3.0,10.0,2.0,85.0,1
C1795,20.0,Female,80180.0,New,7.0,3.0,13.0,9.0,9.0,5.0,92.0,0
C1796,35.0,Female,83295.0,Regular,9.0,8.0,8.0,53.0,3.0,2.0,29.0,0
C1797,57.0,Female,32638.0,Regular,13.0,17.0,1.0,4.0,2.0,2.0,134.0,0
C1798,38.0,Male,85715.0,New,10.0,18.0,7.0,49.0,1.0,5.0,119.0,0
C1799,32.0,Male,89409.0,Regular,1.0,18.0,12.0,25.0,10.0,2.0,122.0,1
C1800,50.0,Male,148479.0,Regular,11.0,12.0,15.0,6.0,5.0,5.0,111.0,0
C1801,52.0,Female,138648.0,Loyal,11.0,1.0,,48.0,3.0,5.0,159.0,0
C1802,43.0,Male,103106.0,Loyal,11.0,12.0,13.0,59.0,2.0,6.0,153.0,0
C1803,25.0,Female,148782.0,Regular,3.0,11.0,13.0,18.0,2.0,2.0,87.0,0
C1804,53.0,Male,146839.0,Loyal,3.0,13.0,2.0,45.0,9.0,5.0,149.0,0
C1805,47.0,Male,133759.0,Loyal,12.0,3.0,2.0,7.0,2.0,0.0,16.0,1
C1806,40.0,Male,37157.0,New,14.0,8.0,8.0,35.0,7.0,2.0,132.0,1
C1807,59.0,Male,65565.0,New,10.0,3.0,5.0,31.0,8.0,7.0,107.0,1
C1808,31.0,Female,89996.0,Regular,9.0,17.0,14.0,38.0,8.0,2.0,174.0,0
C1809,31.0,Female,133620.0,Regular,11.0,13.0,12.0,56.0,4.0,4.0,8.0,0
C1810,19.0,Male,85888.0,Regular,12.0,10.0,11.0,32.0,0.0,4.0,134.0,0
C1811,54.0,Female,76095.0,Regular,7.0,17.0,3.0,35.0,9.0,6.0,125.0,0
C1812,22.0,Male,84947.0,Regular,15.0,3.0,1.0,28.0,4.0,6.0,128.0,0
C1813,55.0,Male,107122.0,Regular,13.0,13.0,11.0,44.0,0.0,7.0,53.0,1
C1814,58.0,Male,90880.0,New,12.0,6.0,7.0,5.0,8.0,6.0,119.0,0
C1815,31.0,Male,24507.0,Loyal,12.0,14.0,11.0,30.0,9.0,4.0,91.0,1
C1816,56.0,Female,123134.0,Regular,2.0,10.0,12.0,22.0,7.0,7.0,179.0,1
C1817,42.0,Male,63988.0,Loyal,11.0,20.0,3.0,17.0,6.0,2.0,63.0,1
C1818,37.0,Male,118421.0,New,12.0,16.0,7.0,10.0,1.0,7.0,134.0,0
C1819,19.0,Female,36865.0,Loyal,14.0,18.0,12.0,7.0,1.0,7.0,107.0,0
C1820,56.0,Male,122591.0,New,12.0,13.0,2.0,4.0,3.0,4.0,161.0,0
C1821,23.0,Female,149614.0,New,11.0,10.0,4.0,42.0,8.0,0.0,2.0,1
C1822,34.0,Male,47213.0,New,2.0,6.0,2.0,27.0,8.0,1.0,169.0,1
C1823,42.0,Male,75954.0,Regular,12.0,10.0,4.0,7.0,7.0,4.0,16.0,0
C1824,45.0,Male,77450.0,Loyal,1.0,5.0,5.0,23.0,10.0,5.0,102.0,1
C1825,19.0,Male,24477.0,Regular,0.0,6.0,15.0,11.0,4.0,4.0,119.0,1
C1826,52.0,Male,82222.0,Loyal,7.0,7.0,14.0,53.0,6.0,0.0,59.0,1
C1827,54.0,Male,26533.0,Regular,13.0,11.0,8.0,8.0,8.0,5.0,9.0,1
C1828,22.0,Female,69395.0,Regular,8.0,16.0,2.0,8.0,2.0,5.0,117.0,0
C1829,18.0,Male,145512.0,Loyal,8.0,12.0,10.0,37.0,3.0,5.0,10.0,1
C1830,57.0,Female,43396.0,New,10.0,12.0,3.0,5.0,1.0,7.0,94.0,1
C1831,29.0,Female,32755.0,Regular,7.0,20.0,10.0,7.0,8.0,5.0,7.0,1
C1832,53.0,Male,20865.0,Loyal,4.0,5.0,12.0,22.0,6.0,3.0,93.0,1
C1833,40.0,Female,31173.0,Loyal,0.0,16.0,13.0,36.0,5.0,3.0,148.0,0
C1834,48.0,Male,78905.0,Loyal,8.0,6.0,5.0,2.0,4.0,5.0,123.0,0
C1835,28.0,Female,58097.0,Loyal,15.0,9.0,11.0,24.0,6.0,5.0,63.0,0
C1836,27.0,Male,53371.0,New,5.0,5.0,12.0,51.0,2.0,5.0,4.0,0
C1837,20.0,Female,124060.0,Loyal,11.0,16.0,12.0,2.0,4.0,0.0,28.0,0
C1838,31.0,Female,31254.0,Regular,14.0,18.0,9.0,48.0,1.0,4.0,72.0,0
C1839,33.0,Male,24018.0,Loyal,6.0,19.0,10.0,12.0,4.0,1.0,163.0,0
C1840,27.0,Female,25192.0,Regular,7.0,12.0,11.0,47.0,6.0,6.0,130.0,1
C1841,46.0,Male,22015.0,Regular,12.0,2.0,5.0,42.0,10.0,5.0,169.0,0
C1842,27.0,Male,128154.0,Regular,4.0,10.0,15.0,55.0,9.0,6.0,156.0,0
C1843,29.0,Male,88916.0,Regular,5.0,12.0,14.0,26.0,10.0,4.0,75.0,1
C1844,47.0,Male,48343.0,New,11.0,14.0,9.0,38.0,6.0,0.0,73.0,1
C1845,58.0,Male,89306.0,Loyal,15.0,18.0,4.0,56.0,8.0,6.0,102.0,1
C1846,18.0,Female,25829.0,Loyal,12.0,19.0,10.0,45.0,2.0,0.0,129.0,0
C1847,22.0,Female,54381.0,New,6.0,6.0,5.0,6.0,7.0,5.0,155.0,1
C1848,37.0,Female,131451.0,Loyal,6.0,5.0,15.0,23.0,4.0,6.0,67.0,1
C1849,25.0,Male,101081.0,Regular,1.0,16.0,9.0,2.0,6.0,2.0,167.0,1
C1850,60.0,Female,38263.0,Regular,13.0,14.0,4.0,26.0,0.0,7.0,168.0,0
C1851,29.0,Female,123676.0,New,10.0,13.0,5.0,14.0,0.0,NaN,28.0,0
C1852,18.0,Female,73260.0,Loyal,11.0,2.0,5.0,18.0,3.0,2.0,92.0,1
C1853,37.0,Female,63306.0,Regular,13.0,2.0,4.0,38.0,4.0,6.0,152.0,1
C1854,45.0,Female,111211.0,Regular,0.0,12.0,4.0,57.0,9.0,6.0,82.0,1
C1855,60.0,Male,78418.0,Regular,7.0,1.0,11.0,32.0,2.0,0.0,51.0,1
C1856,54.0,Male,110898.0,New,4.0,19.0,5.0,51.0,5.0,2.0,56.0,0
C1857,54.0,Female,20148.0,Regular,9.0,16.0,12.0,59.0,2.0,2.0,73.0,0
C1858,29.0,Male,21754.0,New,14.0,7.0,6.0,58.0,4.0,5.0,26.0,0
C1859,54.0,Male,46745.0,New,1.0,7.0,7.0,14.0,10.0,5.0,88.0,1
C1860,45.0,Female,92914.0,Regular,2.0,16.0,15.0,30.0,0.0,7.0,52.0,1
C1861,32.0,Female,131895.0,Loyal,15.0,6.0,6.0,13.0,2.0,6.0,125.0,0
C1862,23.0,Male,75833.0,Regular,5.0,18.0,15.0,40.0,6.0,4.0,6.0,0
C1863,37.0,Female,40140.0,New,9.0,1.0,1.0,31.0,2.0,7.0,117.0,0
C1864,31.0,Male,94907.0,Regular,5.0,1.0,15.0,37.0,4.0,7.0,12.0,1
C1865,19.0,Male,80653.0,Loyal,7.0,14.0,2.0,45.0,6.0,7.0,63.0,1
C1866,26.0,Female,112535.0,Regular,4.0,6.0,7.0,38.0,1.0,2.0,36.0,0
C1867,54.0,Male,81521.0,Loyal,4.0,6.0,14.0,22.0,2.0,3.0,9.0,0
C1868,37.0,Male,98315.0,Regular,6.0,4.0,3.0,59.0,3.0,0.0,74.0,0
C1869,43.0,Male,51075.0,Loyal,9.0,12.0,12.0,28.0,4.0,5.0,67.0,0
C1870,46.0,Female,50697.0,New,12.0,18.0,10.0,58.0,8.0,1.0,29.0,0
C1871,18.0,Female,143804.0,Regular,15.0,10.0,11.0,59.0,8.0,6.0,71.0,0
C1872,52.0,Female,74544.0,Regular,13.0,3.0,13.0,19.0,3.0,0.0,90.0,1
C1873,23.0,Female,29795.0,Regular,14.0,3.0,2.0,43.0,8.0,4.0,8.0,1
C1874,54.0,Male,84555.0,Loyal,4.0,8.0,6.0,59.0,3.0,4.0,43.0,0
C1875,22.0,Female,72204.0,Loyal,15.0,1.0,11.0,16.0,1.0,2.0,35.0,0
C1876,50.0,Female,123996.0,New,15.0,18.0,4.0,5.0,9.0,4.0,110.0,0
C1877,31.0,Female,89754.0,New,14.0,15.0,12.0,44.0,0.0,5.0,22.0,0
C1878,29.0,Female,84860.0,Regular,8.0,20.0,15.0,49.0,6.0,4.0,66.0,1
C1879,59.0,Male,123107.0,New,5.0,17.0,11.0,2.0,3.0,0.0,102.0,0
C1880,37.0,Male,71529.0,Regular,15.0,11.0,5.0,10.0,7.0,6.0,149.0,1
C1881,41.0,Male,31672.0,Loyal,6.0,13.0,15.0,47.0,7.0,3.0,94.0,1
C1882,60.0,Female,74238.0,Loyal,11.0,20.0,6.0,19.0,7.0,3.0,95.0,0
C1883,51.0,Female,116578.0,Regular,7.0,10.0,3.0,20.0,5.0,6.0,169.0,0
C1884,42.0,Male,55950.0,Loyal,12.0,13.0,1.0,29.0,8.0,6.0,41.0,0
C1885,46.0,Female,31009.0,Regular,4.0,17.0,3.0,25.0,3.0,2.0,177.0,1
C1886,56.0,Female,67096.0,New,13.0,1.0,3.0,17.0,4.0,6.0,4.0,1
C1887,48.0,Male,39544.0,Regular,15.0,20.0,6.0,51.0,3.0,4.0,98.0,1
C1888,60.0,Male,75728.0,Regular,10.0,16.0,4.0,51.0,4.0,4.0,10.0,0
C1889,40.0,Female,49381.0,Regular,3.0,16.0,7.0,13.0,1.0,3.0,94.0,1
C1890,55.0,Female,147769.0,New,14.0,3.0,13.0,45.0,4.0,6.0,67.0,1
C1891,37.0,Female,45287.0,Regular,11.0,2.0,15.0,16.0,9.0,2.0,138.0,0
C1892,40.0,Male,84610.0,Regular,14.0,6.0,11.0,54.0,7.0,4.0,73.0,1
C1893,33.0,Male,88122.0,Loyal,7.0,11.0,2.0,53.0,8.0,2.0,145.0,0
C1894,59.0,Male,88184.0,Regular,11.0,3.0,12.0,35.0,6.0,5.0,53.0,1
C1895,25.0,Male,60081.0,Loyal,9.0,1.0,4.0,36.0,6.0,0.0,163.0,1
C1896,38.0,Female,103637.0,Loyal,8.0,11.0,8.0,59.0,5.0,5.0,4.0,0
C1897,18.0,Male,65312.0,New,0.0,13.0,11.0,39.0,1.0,4.0,68.0,0
C1898,25.0,Male,107228.0,Regular,2.0,5.0,6.0,3.0,9.0,4.0,113.0,0
C1899,46.0,Female,92943.0,Loyal,11.0,18.0,10.0,9.0,10.0,4.0,96.0,1
C1900,49.0,Female,102790.0,Regular,3.0,15.0,3.0,40.0,9.0,3.0,102.0,1
C1901,55.0,Female,100770.0,Loyal,12.0,18.0,10.0,,8.0,3.0,139.0,1
C1902,22.0,Male,72726.0,New,6.0,15.0,12.0,53.0,4.0,4.0,44.0,0
C1903,39.0,Female,42211.0,New,5.0,20.0,2.0,46.0,5.0,4.0,119.0,0
C1904,51.0,Female,49480.0,Loyal,9.0,20.0,15.0,52.0,0.0,0.0,110.0,0
C1905,18.0,Male,67780.0,Loyal,9.0,20.0,3.0,60.0,4.0,0.0,160.0,0
C1906,43.0,Male,77138.0,Loyal,15.0,7.0,1.0,29.0,5.0,2.0,46.0,0
C1907,60.0,Female,110382.0,Regular,10.0,17.0,1.0,5.0,9.0,6.0,23.0,0
C1908,27.0,Male,62503.0,Loyal,0.0,8.0,2.0,3.0,10.0,2.0,106.0,0
C1909,47.0,Female,77893.0,Loyal,15.0,13.0,14.0,10.0,1.0,3.0,165.0,0
C1910,35.0,Female,66193.0,Loyal,3.0,16.0,3.0,31.0,6.0,1.0,126.0,0
C1911,34.0,Male,134002.0,Regular,5.0,10.0,13.0,11.0,3.0,0.0,90.0,1
C1912,43.0,Female,147543.0,Regular,2.0,14.0,9.0,17.0,4.0,2.0,98.0,0
C1913,25.0,Male,81358.0,Loyal,14.0,6.0,8.0,40.0,2.0,6.0,75.0,1
C1914,57.0,Male,100857.0,Regular,1.0,20.0,12.0,41.0,4.0,6.0,114.0,1
C1915,29.0,Male,98182.0,Regular,1.0,7.0,15.0,8.0,3.0,0.0,120.0,0
C1916,44.0,Female,140457.0,Regular,9.0,6.0,11.0,52.0,9.0,0.0,85.0,0
C1917,25.0,Male,42117.0,Regular,11.0,17.0,11.0,60.0,5.0,5.0,43.0,1
C1918,42.0,Male,148333.0,Regular,11.0,8.0,15.0,2.0,1.0,7.0,88.0,1
C1919,21.0,Female,79056.0,New,3.0,12.0,9.0,4.0,2.0,1.0,143.0,1
C1920,50.0,Female,137928.0,Loyal,12.0,4.0,7.0,16.0,9.0,0.0,130.0,0
C1921,18.0,Female,78706.0,Regular,0.0,10.0,7.0,41.0,0.0,5.0,133.0,0
C1922,36.0,Female,90429.0,Regular,14.0,6.0,5.0,58.0,6.0,6.0,173.0,0
C1923,48.0,Male,29476.0,New,9.0,7.0,7.0,41.0,8.0,1.0,104.0,0
C1924,33.0,Male,102806.0,New,1.0,8.0,4.0,21.0,1.0,6.0,93.0,1
C1925,31.0,Male,75006.0,New,15.0,3.0,5.0,5.0,6.0,5.0,41.0,1
C1926,22.0,Female,107238.0,Regular,12.0,8.0,12.0,58.0,2.0,6.0,32.0,1
C1927,58.0,Female,136946.0,New,9.0,15.0,1.0,35.0,4.0,5.0,106.0,1
C1928,43.0,Male,89918.0,Loyal,14.0,1.0,11.0,14.0,5.0,7.0,2.0,0
C1929,45.0,Female,83155.0,New,1.0,13.0,4.0,15.0,7.0,1.0,10.0,0
C1930,19.0,Female,87321.0,New,3.0,18.0,3.0,6.0,3.0,0.0,171.0,0
C1931,23.0,Male,65798.0,New,3.0,15.0,2.0,16.0,1.0,0.0,119.0,1
C1932,26.0,Male,97271.0,New,0.0,7.0,2.0,23.0,2.0,2.0,171.0,0
C1933,50.0,Female,50177.0,Loyal,6.0,15.0,8.0,60.0,7.0,0.0,101.0,0
C1934,58.0,Female,116248.0,Loyal,6.0,3.0,1.0,31.0,6.0,6.0,110.0,0
C1935,42.0,Female,148022.0,Regular,9.0,14.0,8.0,42.0,5.0,7.0,67.0,1
C1936,30.0,Male,142415.0,New,10.0,20.0,9.0,46.0,4.0,0.0,23.0,1
C1937,26.0,Male,102215.0,New,9.0,4.0,6.0,12.0,10.0,0.0,98.0,0
C1938,30.0,Male,63013.0,Regular,9.0,4.0,1.0,41.0,4.0,2.0,97.0,1
C1939,48.0,Male,120901.0,Loyal,0.0,3.0,10.0,55.0,0.0,7.0,6.0,1
C1940,58.0,Male,102600.0,New,10.0,5.0,12.0,19.0,5.0,7.0,13.0,1
C1941,28.0,Female,116099.0,Regular,7.0,11.0,7.0,12.0,8.0,1.0,21.0,1
C1942,21.0,Female,139578.0,Regular,9.0,8.0,15.0,45.0,7.0,2.0,58.0,0
C1943,51.0,Female,73450.0,New,13.0,2.0,15.0,55.0,9.0,6.0,120.0,1
C1944,55.0,Male,118628.0,Regular,13.0,16.0,5.0,13.0,0.0,7.0,156.0,1
C1945,21.0,Male,67928.0,New,6.0,10.0,15.0,49.0,10.0,6.0,120.0,0
C1946,55.0,Male,142640.0,Loyal,6.0,18.0,9.0,2.0,5.0,0.0,136.0,0
C1947,36.0,Female,112403.0,New,10.0,7.0,7.0,20.0,2.0,4.0,77.0,0
C1948,23.0,Male,65382.0,Regular,5.0,5.0,5.0,55.0,5.0,0.0,98.0,0
C1949,51.0,Male,119290.0,New,11.0,7.0,13.0,31.0,8.0,2.0,58.0,1
C1950,35.0,Female,105038.0,Loyal,3.0,6.0,2.0,9.0,5.0,5.0,168.0,0
C1951,30.0,Male,20760.0,New,10.0,1.0,14.0,21.0,7.0,5.0,86.0,0
C1952,58.0,Female,44142.0,Loyal,7.0,11.0,4.0,8.0,5.0,7.0,1.0,1
C1953,40.0,Male,130189.0,Loyal,1.0,13.0,2.0,39.0,5.0,2.0,77.0,1
C1954,36.0,Male,127532.0,Loyal,6.0,12.0,9.0,37.0,6.0,3.0,10.0,1
C1955,28.0,Female,37290.0,Regular,2.0,1.0,2.0,29.0,10.0,6.0,69.0,1
C1956,18.0,Female,91035.0,Regular,13.0,15.0,2.0,19.0,9.0,5.0,148.0,1
C1957,41.0,Female,20364.0,Regular,2.0,1.0,2.0,35.0,10.0,4.0,62.0,0
C1958,24.0,Female,76921.0,New,13.0,3.0,1.0,45.0,3.0,2.0,13.0,1
C1959,42.0,Female,39797.0,Regular,6.0,15.0,9.0,38.0,7.0,5.0,165.0,0
C1960,38.0,Female,126331.0,New,11.0,9.0,8.0,26.0,3.0,5.0,10.0,0
C1961,32.0,Male,52535.0,Loyal,2.0,14.0,2.0,11.0,6.0,1.0,3.0,1
C1962,18.0,Male,66300.0,New,14.0,8.0,2.0,36.0,0.0,0.0,162.0,1
C1963,29.0,Female,67176.0,Regular,14.0,4.0,5.0,35.0,8.0,5.0,34.0,1
C1964,24.0,Male,36105.0,Regular,4.0,20.0,12.0,4.0,9.0,7.0,158.0,0
C1965,32.0,Female,27939.0,Regular,7.0,20.0,13.0,3.0,8.0,5.0,165.0,1
C1966,38.0,Male,99472.0,Regular,13.0,6.0,14.0,45.0,6.0,1.0,34.0,0
C1967,36.0,Female,62029.0,New,12.0,1.0,12.0,47.0,7.0,6.0,160.0,0
C1968,46.0,Male,35863.0,Regular,3.0,18.0,14.0,12.0,1.0,2.0,85.0,0
C1969,42.0,Male,98097.0,New,6.0,6.0,4.0,32.0,9.0,2.0,58.0,1
C1970,50.0,Male,30447.0,Loyal,6.0,14.0,2.0,47.0,9.0,1.0,105.0,0
C1971,49.0,Male,116160.0,Loyal,1.0,11.0,8.0,26.0,6.0,1.0,152.0,0
C1972,52.0,Male,66940.0,Loyal,13.0,17.0,8.0,43.0,0.0,3.0,9.0,0
C1973,55.0,Female,130182.0,New,15.0,9.0,13.0,43.0,2.0,0.0,41.0,1
C1974,43.0,Female,97947.0,New,7.0,7.0,4.0,13.0,5.0,1.0,152.0,1
C1975,28.0,Female,105001.0,New,9.0,14.0,14.0,44.0,4.0,0.0,25.0,1
C1976,52.0,Male,123752.0,New,11.0,17.0,4.0,38.0,4.0,5.0,36.0,0
C1977,25.0,Female,39642.0,New,9.0,8.0,9.0,29.0,8.0,4.0,8.0,0
C1978,31.0,Male,116798.0,Regular,14.0,16.0,4.0,55.0,5.0,2.0,126.0,0
C1979,27.0,Male,115899.0,New,13.0,12.0,15.0,52.0,2.0,1.0,114.0,1
C1980,19.0,Male,87643.0,Regular,8.0,12.0,10.0,51.0,1.0,7.0,105.0,0
C1981,26.0,Female,27928.0,Loyal,5.0,5.0,11.0,19.0,8.0,4.0,93.0,1
C1982,20.0,Male,68002.0,Regular,13.0,5.0,9.0,59.0,9.0,2.0,89.0,1
C1983,38.0,Female,104853.0,Regular,4.0,14.0,3.0,35.0,3.0,3.0,163.0,0
C1984,43.0,Female,134614.0,Regular,0.0,6.0,2.0,48.0,10.0,2.0,38.0,1
C1985,25.0,Male,137517.0,Regular,0.0,7.0,15.0,41.0,4.0,1.0,92.0,1
C1986,19.0,Male,45017.0,New,8.0,17.0,11.0,59.0,8.0,7.0,119.0,0
C1987,23.0,Female,99064.0,Regular,13.0,9.0,8.0,27.0,4.0,4.0,160.0,0
C1988,45.0,Female,139694.0,Regular,3.0,13.0,12.0,46.0,6.0,4.0,101.0,0
C1989,46.0,Female,33313.0,Loyal,0.0,9.0,3.0,60.0,1.0,7.0,113.0,0
C1990,43.0,Female,21559.0,Loyal,10.0,16.0,13.0,31.0,1.0,4.0,179.0,0
C1991,42.0,Female,70893.0,Regular,9.0,4.0,2.0,3.0,3.0,2.0,28.0,0
C1992,29.0,Female,35167.0,Regular,11.0,2.0,13.0,35.0,7.0,7.0,99.0,1
C1993,22.0,Male,100879.0,New,2.0,13.0,11.0,24.0,1.0,0.0,136.0,0
C1994,51.0,Female,58598.0,Loyal,5.0,13.0,8.0,52.0,9.0,6.0,41.0,0
C1995,54.0,Female,27523.0,Regular,13.0,19.0,15.0,7.0,6.0,0.0,118.0,0
C1996,32.0,Female,69777.0,New,10.0,12.0,8.0,51.0,0.0,2.0,23.0,0
C1997,53.0,Female,48439.0,New,12.0,4.0,5.0,56.0,8.0,1.0,23.0,0
C1998,32.0,Male,136378.0,New,12.0,10.0,9.0,35.0,9.0,2.0,32.0,0
C1999,60.0,Male,101060.0,Loyal,10.0,16.0,11.0,21.0,5.0,0.0,138.0,1
C2000,40.0,Female,33285.0,New,7.0,19.0,6.0,1.0,10.0,2.0,81.0,0
C2001,23.0,Female,30973.0,Regular,12.0,8.0,5.0,44.0,,4.0,163.0,0
C2002,60.0,Female,142970.0,Regular,9.0,6.0,12.0,53.0,9.0,7.0,99.0,1
C2003,38.0,Male,42694.0,Regular,1.0,4.0,3.0,6.0,5.0,7.0,63.0,1
C2004,40.0,Male,55774.0,Loyal,7.0,7.0,7.0,39.0,4.0,1.0,36.0,1
C2005,60.0,Male,24302.0,Loyal,13.0,14.0,14.0,34.0,4.0,6.0,93.0,0
C2006,33.0,Male,135776.0,Regular,12.0,13.0,15.0,18.0,4.0,1.0,177.0,0
C2007,32.0,Male,42391.0,New,15.0,5.0,9.0,25.0,3.0,3.0,46.0,0
C2008,42.0,Male,24611.0,Regular,0.0,9.0,4.0,15.0,6.0,6.0,27.0,0
C2009,53.0,Female,29372.0,Regular,15.0,3.0,11.0,47.0,8.0,2.0,159.0,0
C2010,28.0,Male,44312.0,Regular,10.0,10.0,7.0,32.0,3.0,5.0,162.0,0
C2011,32.0,Male,34080.0,Regular,1.0,15.0,12.0,42.0,1.0,5.0,76.0,0
C2012,21.0,Female,100618.0,New,7.0,20.0,3.0,49.0,1.0,6.0,101.0,1
C2013,38.0,Male,132945.0,Regular,6.0,17.0,11.0,50.0,1.0,6.0,158.0,0
C2014,30.0,Female,128397.0,New,4.0,6.0,2.0,18.0,6.0,6.0,151.0,0
C2015,39.0,Male,116213.0,Loyal,14.0,3.0,13.0,31.0,3.0,5.0,9.0,0
C2016,36.0,Female,40874.0,Regular,12.0,18.0,11.0,29.0,3.0,4.0,129.0,1
C2017,51.0,Female,82537.0,Regular,15.0,5.0,1.0,15.0,0.0,7.0,56.0,1
C2018,31.0,Female,93914.0,New,15.0,13.0,6.0,58.0,3.0,7.0,167.0,0
C2019,21.0,Female,21597.0,Regular,9.0,1.0,5.0,23.0,5.0,5.0,87.0,1
C2020,44.0,Female,31600.0,Regular,1.0,17.0,2.0,38.0,1.0,2.0,18.0,1
C2021,46.0,Male,23747.0,New,15.0,3.0,13.0,41.0,3.0,7.0,42.0,1
C2022,45.0,Male,99415.0,Loyal,8.0,19.0,13.0,11.0,10.0,3.0,111.0,1
C2023,52.0,Female,137358.0,Regular,4.0,20.0,3.0,15.0,6.0,3.0,73.0,1
C2024,25.0,Female,98553.0,Regular,7.0,12.0,9.0,23.0,8.0,7.0,65.0,0
C2025,33.0,Female,44815.0,Regular,12.0,8.0,3.0,3.0,1.0,2.0,161.0,0
C2026,59.0,Male,104500.0,Regular,3.0,8.0,7.0,19.0,7.0,5.0,158.0,0
C2027,53.0,Female,114348.0,Regular,13.0,15.0,1.0,1.0,5.0,2.0,133.0,1
C2028,47.0,Female,125736.0,Regular,8.0,11.0,7.0,24.0,7.0,6.0,178.0,0
C2029,35.0,Female,44714.0,Regular,9.0,20.0,9.0,49.0,1.0,7.0,10.0,0
C2030,19.0,Female,38890.0,Regular,6.0,1.0,12.0,11.0,10.0,7.0,60.0,1
C2031,30.0,Male,81509.0,New,1.0,16.0,11.0,30.0,0.0,6.0,155.0,1
C2032,21.0,Female,81824.0,New,2.0,14.0,8.0,50.0,6.0,2.0,72.0,0
C2033,43.0,Female,24725.0,New,13.0,7.0,7.0,11.0,8.0,6.0,156.0,0
C2034,42.0,Male,63205.0,Regular,1.0,6.0,10.0,60.0,8.0,0.0,173.0,1
C2035,47.0,Female,40684.0,Regular,4.0,4.0,14.0,39.0,1.0,3.0,52.0,0
C2036,28.0,Female,111861.0,Loyal,1.0,8.0,8.0,1.0,3.0,1.0,62.0,0
C2037,24.0,Male,77911.0,New,15.0,19.0,13.0,12.0,0.0,5.0,117.0,0
C2038,48.0,Male,118078.0,Loyal,4.0,3.0,4.0,4.0,10.0,5.0,125.0,0
C2039,27.0,Male,131573.0,Regular,12.0,4.0,15.0,25.0,6.0,0.0,60.0,0
C2040,56.0,Female,33092.0,Loyal,8.0,13.0,2.0,8.0,1.0,4.0,86.0,0
C2041,30.0,Female,115918.0,Regular,1.0,2.0,14.0,15.0,3.0,1.0,168.0,0
C2042,48.0,Male,59770.0,Regular,8.0,11.0,14.0,43.0,1.0,1.0,143.0,1
C2043,24.0,Male,45457.0,New,6.0,16.0,11.0,30.0,0.0,1.0,95.0,1
C2044,59.0,Male,91667.0,New,6.0,10.0,9.0,40.0,6.0,6.0,7.0,1
C2045,59.0,Female,131565.0,New,13.0,15.0,15.0,32.0,5.0,3.0,39.0,1
C2046,53.0,Female,110751.0,Regular,4.0,10.0,3.0,44.0,1.0,4.0,179.0,0
C2047,37.0,Male,82894.0,Regular,7.0,2.0,14.0,35.0,3.0,0.0,7.0,1
C2048,21.0,Female,81305.0,Loyal,15.0,6.0,11.0,21.0,10.0,6.0,140.0,0
C2049,24.0,Male,32612.0,Regular,6.0,14.0,4.0,31.0,2.0,4.0,14.0,1
C2050,18.0,Female,122841.0,Loyal,5.0,2.0,7.0,36.0,2.0,5.0,34.0,1
C2051,59.0,Female,98627.0,New,1.0,10.0,2.0,27.0,2.0,0.0,NaN,0
C2052,30.0,Female,120639.0,New,5.0,17.0,14.0,44.0,10.0,6.0,167.0,1
C2053,39.0,Female,57089.0,Regular,13.0,8.0,15.0,8.0,3.0,3.0,73.0,1
C2054,38.0,Male,115295.0,Regular,1.0,16.0,8.0,59.0,0.0,5.0,64.0,0
C2055,39.0,Female,131558.0,Regular,0.0,14.0,12.0,23.0,0.0,4.0,97.0,0
C2056,45.0,Female,72137.0,Loyal,8.0,10.0,10.0,23.0,6.0,1.0,12.0,1
C2057,26.0,Male,20559.0,New,12.0,13.0,8.0,42.0,4.0,7.0,126.0,1
C2058,43.0,Female,86249.0,Regular,15.0,1.0,12.0,58.0,2.0,4.0,34.0,1
C2059,26.0,Male,57361.0,Loyal,4.0,10.0,5.0,55.0,8.0,5.0,27.0,1
C2060,32.0,Male,100720.0,New,9.0,12.0,9.0,33.0,4.0,6.0,150.0,1
C2061,27.0,Female,35261.0,Loyal,9.0,17.0,8.0,13.0,9.0,6.0,18.0,1
C2062,41.0,Female,40372.0,Loyal,3.0,14.0,1.0,39.0,2.0,3.0,174.0,0
C2063,59.0,Male,75355.0,New,11.0,5.0,9.0,52.0,8.0,3.0,172.0,0
C2064,25.0,Male,117676.0,New,10.0,19.0,13.0,60.0,0.0,3.0,146.0,1
C2065,41.0,Male,118560.0,Regular,7.0,5.0,14.0,35.0,8.0,0.0,37.0,0
C2066,33.0,Female,77920.0,Loyal,14.0,15.0,14.0,16.0,4.0,7.0,135.0,0
C2067,43.0,Male,132878.0,Regular,4.0,13.0,5.0,12.0,5.0,4.0,68.0,0
C2068,44.0,Male,52544.0,Regular,13.0,17.0,9.0,31.0,1.0,1.0,80.0,1
C2069,54.0,Male,20037.0,Loyal,6.0,1.0,9.0,5.0,7.0,6.0,86.0,1
C2070,21.0,Female,63032.0,New,2.0,14.0,10.0,50.0,2.0,1.0,60.0,0
C2071,41.0,Male,98233.0,Loyal,14.0,4.0,10.0,40.0,0.0,2.0,48.0,0
C2072,36.0,Female,61420.0,Regular,15.0,9.0,3.0,44.0,6.0,3.0,179.0,0
C2073,53.0,Female,134234.0,Regular,7.0,17.0,8.0,60.0,2.0,5.0,100.0,0
C2074,56.0,Male,117243.0,Loyal,7.0,3.0,7.0,25.0,3.0,1.0,84.0,0
C2075,27.0,Female,111552.0,Regular,2.0,13.0,15.0,21.0,4.0,3.0,95.0,0
C2076,42.0,Male,149380.0,New,8.0,12.0,7.0,3.0,0.0,1.0,52.0,0
C2077,35.0,Female,147358.0,Regular,13.0,16.0,12.0,48.0,10.0,4.0,77.0,0
C2078,36.0,Female,54600.0,Regular,7.0,4.0,10.0,10.0,10.0,2.0,180.0,0
C2079,53.0,Male,68285.0,New,0.0,18.0,2.0,23.0,8.0,3.0,84.0,0
C2080,27.0,Male,82008.0,Loyal,7.0,3.0,2.0,17.0,6.0,0.0,54.0,0
C2081,50.0,Male,109520.0,New,11.0,17.0,2.0,42.0,1.0,0.0,169.0,0
C2082,22.0,Female,25167.0,Regular,10.0,1.0,13.0,35.0,0.0,7.0,170.0,0
C2083,52.0,Female,146279.0,Regular,14.0,19.0,11.0,25.0,10.0,1.0,150.0,0
C2084,51.0,Male,20432.0,New,3.0,4.0,2.0,2.0,1.0,6.0,39.0,0
C2085,50.0,Male,89687.0,Loyal,5.0,17.0,14.0,27.0,2.0,4.0,23.0,1
C2086,38.0,Female,133216.0,Loyal,15.0,7.0,4.0,46.0,2.0,5.0,48.0,0
C2087,34.0,Female,91947.0,Regular,13.0,2.0,7.0,9.0,7.0,7.0,113.0,1
C2088,39.0,Female,116324.0,New,12.0,12.0,2.0,59.0,4.0,7.0,120.0,0
C2089,54.0,Male,70903.0,New,15.0,5.0,5.0,49.0,8.0,6.0,161.0,1
C2090,32.0,Female,112159.0,Regular,9.0,16.0,14.0,4.0,2.0,3.0,127.0,0
C2091,52.0,Male,74149.0,New,8.0,8.0,7.0,60.0,5.0,2.0,41.0,0
C2092,45.0,Female,107640.0,Regular,4.0,8.0,9.0,26.0,3.0,7.0,158.0,1
C2093,24.0,Female,76768.0,Loyal,6.0,13.0,8.0,32.0,7.0,7.0,47.0,1
C2094,49.0,Male,80184.0,Regular,12.0,14.0,9.0,29.0,0.0,4.0,72.0,1
C2095,28.0,Male,85792.0,Loyal,14.0,11.0,7.0,22.0,3.0,1.0,57.0,1
C2096,27.0,Male,53439.0,Regular,0.0,6.0,3.0,47.0,6.0,4.0,62.0,0
C2097,26.0,Female,53257.0,Regular,8.0,16.0,1.0,13.0,8.0,2.0,86.0,1
C2098,31.0,Female,125193.0,Loyal,13.0,15.0,10.0,23.0,0.0,4.0,57.0,0
C2099,30.0,Female,64674.0,Regular,5.0,16.0,7.0,31.0,7.0,3.0,72.0,1
C2100,42.0,Male,71248.0,Loyal,10.0,13.0,13.0,51.0,1.0,7.0,124.0,1
C2101,19.0,Female,103602.0,New,3.0,12.0,11.0,41.0,3.0,,153.0,0
C2102,52.0,Male,65371.0,New,5.0,18.0,6.0,36.0,3.0,2.0,168.0,0
C2103,24.0,Male,118282.0,Loyal,4.0,18.0,2.0,53.0,7.0,7.0,17.0,0
C2104,38.0,Male,87996.0,Regular,2.0,14.0,1.0,40.0,10.0,1.0,80.0,0
C2105,35.0,Female,57297.0,Loyal,6.0,2.0,12.0,31.0,1.0,5.0,176.0,0
C2106,20.0,Female,74273.0,Loyal,2.0,2.0,10.0,60.0,6.0,7.0,39.0,0
C2107,59.0,Male,81256.0,New,12.0,3.0,4.0,15.0,2.0,3.0,143.0,1
C2108,56.0,Female,54743.0,Regular,13.0,8.0,14.0,14.0,8.0,2.0,17.0,1
C2109,58.0,Male,88752.0,Regular,15.0,11.0,4.0,35.0,4.0,5.0,35.0,1
C2110,28.0,Male,99803.0,Regular,14.0,12.0,6.0,24.0,7.0,5.0,33.0,0
C2111,56.0,Female,95117.0,Loyal,12.0,4.0,11.0,30.0,4.0,5.0,146.0,0
C2112,41.0,Male,90051.0,New,1.0,9.0,5.0,30.0,0.0,2.0,158.0,0
C2113,36.0,Male,42076.0,Regular,13.0,17.0,9.0,27.0,8.0,1.0,165.0,0
C2114,21.0,Female,130352.0,Regular,3.0,16.0,8.0,49.0,9.0,4.0,111.0,1
C2115,43.0,Male,95312.0,New,6.0,17.0,9.0,40.0,10.0,4.0,135.0,1
C2116,55.0,Male,139627.0,Loyal,4.0,15.0,10.0,14.0,6.0,5.0,74.0,1
C2117,59.0,Male,107483.0,Regular,13.0,20.0,7.0,45.0,3.0,0.0,156.0,0
C2118,49.0,Male,22963.0,Loyal,8.0,7.0,9.0,47.0,6.0,0.0,98.0,1
C2119,56.0,Male,139217.0,Regular,9.0,10.0,3.0,11.0,4.0,2.0,18.0,0
C2120,53.0,Male,92322.0,New,14.0,4.0,9.0,59.0,9.0,1.0,175.0,0
C2121,57.0,Male,33866.0,Regular,6.0,14.0,2.0,47.0,8.0,2.0,23.0,0
C2122,54.0,Female,124504.0,New,11.0,14.0,9.0,44.0,1.0,1.0,148.0,0
C2123,50.0,Female,52305.0,Loyal,13.0,14.0,13.0,26.0,3.0,3.0,31.0,0
C2124,53.0,Male,82403.0,New,8.0,14.0,6.0,56.0,5.0,0.0,14.0,0
C2125,20.0,Male,102896.0,Loyal,13.0,20.0,4.0,54.0,10.0,2.0,23.0,1
C2126,26.0,Female,125649.0,Regular,8.0,18.0,12.0,21.0,4.0,6.0,2.0,0
C2127,25.0,Female,146244.0,Regular,11.0,15.0,14.0,9.0,0.0,7.0,157.0,0
C2128,50.0,Female,52813.0,New,1.0,19.0,12.0,54.0,8.0,3.0,178.0,1
C2129,23.0,Female,86729.0,Regular,14.0,13.0,13.0,47.0,8.0,4.0,73.0,0
C2130,58.0,Female,80686.0,Regular,0.0,12.0,11.0,1.0,2.0,0.0,59.0,0
C2131,56.0,Male,24512.0,New,10.0,19.0,2.0,44.0,3.0,1.0,33.0,1
C2132,21.0,Female,139631.0,Loyal,3.0,19.0,13.0,6.0,3.0,5.0,176.0,1
C2133,30.0,Female,42666.0,Regular,3.0,20.0,10.0,1.0,9.0,7.0,172.0,1
C2134,19.0,Female,36630.0,Regular,12.0,2.0,3.0,22.0,7.0,4.0,140.0,1
C2135,22.0,Male,137907.0,Regular,1.0,3.0,5.0,51.0,5.0,4.0,83.0,0
C2136,44.0,Male,147205.0,New,2.0,10.0,9.0,54.0,1.0,3.0,170.0,0
C2137,49.0,Male,94519.0,Loyal,2.0,5.0,7.0,13.0,3.0,7.0,35.0,0
C2138,38.0,Male,20636.0,Regular,4.0,12.0,11.0,38.0,0.0,6.0,41.0,0
C2139,25.0,Male,23775.0,New,0.0,7.0,12.0,49.0,2.0,7.0,110.0,0
C2140,55.0,Male,87957.0,Regular,8.0,9.0,13.0,45.0,3.0,2.0,141.0,0
C2141,25.0,Female,84591.0,Regular,7.0,2.0,11.0,41.0,7.0,5.0,39.0,0
C2142,20.0,Male,98561.0,Regular,7.0,10.0,3.0,40.0,2.0,7.0,163.0,0
C2143,20.0,Male,94816.0,Regular,2.0,6.0,13.0,31.0,4.0,7.0,116.0,1
C2144,39.0,Female,122487.0,New,1.0,12.0,4.0,15.0,0.0,7.0,72.0,1
C2145,23.0,Male,31351.0,New,0.0,6.0,14.0,50.0,3.0,2.0,161.0,0
C2146,19.0,Female,135400.0,Loyal,11.0,3.0,12.0,2.0,1.0,3.0,89.0,1
C2147,40.0,Female,140533.0,New,5.0,10.0,11.0,53.0,3.0,7.0,164.0,0
C2148,19.0,Male,123627.0,Loyal,12.0,9.0,2.0,31.0,4.0,4.0,141.0,1
C2149,55.0,Female,75184.0,New,9.0,20.0,14.0,26.0,2.0,0.0,56.0,0
C2150,34.0,Female,148381.0,Loyal,0.0,5.0,8.0,2.0,5.0,4.0,174.0,1
C2151,52.0,Female,131192.0,Regular,13.0,3.0,6.0,11.0,1.0,3.0,99.0,0
C2152,51.0,Female,115707.0,Regular,10.0,5.0,3.0,33.0,4.0,4.0,46.0,0
C2153,40.0,Male,89180.0,New,4.0,8.0,13.0,18.0,3.0,5.0,100.0,0
C2154,47.0,Female,101678.0,New,8.0,8.0,5.0,21.0,4.0,4.0,113.0,1
C2155,25.0,Male,93309.0,New,10.0,14.0,5.0,59.0,8.0,7.0,111.0,0
C2156,39.0,Female,114002.0,New,8.0,17.0,12.0,31.0,5.0,4.0,172.0,0
C2157,53.0,Female,30778.0,Regular,12.0,11.0,1.0,26.0,6.0,4.0,174.0,0
C2158,22.0,Female,32501.0,Regular,11.0,16.0,13.0,30.0,10.0,0.0,74.0,1
C2159,30.0,Male,132713.0,Regular,14.0,6.0,5.0,39.0,7.0,1.0,69.0,1
C2160,46.0,Male,22108.0,Loyal,3.0,11.0,6.0,21.0,8.0,1.0,31.0,0
C2161,48.0,Male,114905.0,Regular,6.0,10.0,10.0,49.0,4.0,2.0,125.0,1
C2162,33.0,Female,56382.0,Regular,13.0,9.0,10.0,16.0,7.0,7.0,24.0,1
C2163,59.0,Female,111354.0,Regular,10.0,15.0,11.0,7.0,1.0,1.0,32.0,1
C2164,47.0,Female,95787.0,Regular,6.0,7.0,11.0,22.0,9.0,1.0,113.0,1
C2165,33.0,Female,43341.0,Regular,3.0,18.0,11.0,7.0,8.0,1.0,16.0,0
C2166,29.0,Male,97214.0,Loyal,4.0,1.0,13.0,2.0,1.0,7.0,108.0,0
C2167,34.0,Female,34367.0,New,10.0,15.0,2.0,37.0,4.0,6.0,24.0,0
C2168,33.0,Male,139967.0,New,8.0,2.0,3.0,14.0,5.0,7.0,34.0,1
C2169,29.0,Female,115208.0,Regular,6.0,2.0,10.0,8.0,3.0,4.0,128.0,1
C2170,25.0,Male,89868.0,New,15.0,10.0,5.0,29.0,7.0,6.0,52.0,0
C2171,37.0,Male,32002.0,Loyal,6.0,20.0,14.0,44.0,9.0,4.0,48.0,1
C2172,20.0,Female,148180.0,Loyal,9.0,15.0,13.0,7.0,2.0,5.0,87.0,0
C2173,33.0,Female,105820.0,New,6.0,10.0,3.0,38.0,10.0,7.0,119.0,1
C2174,47.0,Male,79949.0,New,14.0,19.0,5.0,45.0,4.0,0.0,38.0,1
C2175,40.0,Female,35700.0,Regular,8.0,13.0,5.0,22.0,1.0,6.0,130.0,1
C2176,45.0,Female,99305.0,Regular,4.0,11.0,8.0,44.0,2.0,4.0,69.0,1
C2177,57.0,Male,82543.0,New,5.0,2.0,10.0,17.0,7.0,4.0,82.0,0
C2178,22.0,Male,49318.0,Regular,2.0,13.0,9.0,16.0,10.0,1.0,118.0,0
C2179,37.0,Male,109859.0,Regular,0.0,1.0,8.0,33.0,4.0,0.0,53.0,0
C2180,57.0,Male,47610.0,Regular,10.0,5.0,12.0,39.0,2.0,0.0,50.0,0
C2181,18.0,Female,92499.0,New,15.0,7.0,3.0,35.0,4.0,1.0,157.0,0
C2182,47.0,Male,139256.0,Loyal,11.0,13.0,15.0,38.0,8.0,6.0,74.0,0
C2183,38.0,Male,93374.0,New,1.0,13.0,1.0,60.0,2.0,1.0,106.0,0
C2184,37.0,Male,85226.0,Loyal,7.0,20.0,14.0,32.0,9.0,0.0,50.0,1
C2185,23.0,Female,65167.0,Regular,12.0,6.0,15.0,53.0,6.0,3.0,16.0,1
C2186,39.0,Male,97779.0,Regular,0.0,20.0,3.0,3.0,7.0,1.0,87.0,0
C2187,35.0,Female,47939.0,Loyal,9.0,12.0,1.0,54.0,4.0,1.0,94.0,0
C2188,25.0,Male,81365.0,Loyal,6.0,8.0,13.0,3.0,2.0,0.0,70.0,0
C2189,56.0,Male,87381.0,Regular,4.0,9.0,11.0,8.0,10.0,7.0,172.0,0
C2190,49.0,Female,66710.0,New,15.0,18.0,9.0,46.0,5.0,6.0,100.0,1
C2191,50.0,Male,36766.0,Loyal,12.0,11.0,12.0,31.0,2.0,3.0,144.0,0
C2192,33.0,Male,122416.0,Regular,5.0,20.0,13.0,55.0,8.0,5.0,28.0,1
C2193,29.0,Female,32780.0,New,15.0,11.0,3.0,9.0,1.0,3.0,154.0,1
C2194,55.0,Male,68458.0,Loyal,7.0,15.0,14.0,5.0,2.0,2.0,86.0,1
C2195,51.0,Male,76221.0,New,3.0,9.0,8.0,28.0,6.0,7.0,118.0,0
C2196,31.0,Male,138498.0,New,5.0,3.0,6.0,15.0,9.0,3.0,11.0,0
C2197,53.0,Male,128392.0,New,13.0,17.0,3.0,49.0,7.0,7.0,129.0,0
C2198,50.0,Female,21509.0,Regular,10.0,17.0,9.0,27.0,4.0,1.0,69.0,0
C2199,40.0,Male,109493.0,Regular,2.0,3.0,8.0,42.0,4.0,4.0,171.0,0
C2200,19.0,Female,130708.0,Regular,6.0,19.0,3.0,31.0,4.0,0.0,174.0,0
C2201,58.0,Male,54346.0,Regular,1.0,9.0,7.0,59.0,3.0,7.0,,1
C2202,38.0,Female,102799.0,Regular,11.0,17.0,5.0,40.0,8.0,5.0,36.0,0
C2203,19.0,Male,136850.0,Regular,7.0,18.0,2.0,18.0,5.0,1.0,66.0,0
C2204,44.0,Female,66874.0,New,12.0,15.0,14.0,38.0,7.0,5.0,134.0,1
C2205,26.0,Male,46148.0,Loyal,6.0,1.0,8.0,49.0,7.0,0.0,155.0,0
C2206,18.0,Female,51533.0,New,11.0,10.0,1.0,54.0,4.0,5.0,125.0,1
C2207,28.0,Female,128144.0,Loyal,11.0,8.0,4.0,4.0,8.0,3.0,154.0,1
C2208,20.0,Male,142402.0,New,7.0,10.0,11.0,21.0,1.0,0.0,141.0,0
C2209,40.0,Female,98467.0,Loyal,15.0,2.0,13.0,47.0,7.0,1.0,76.0,1
C2210,43.0,Male,21359.0,New,1.0,19.0,11.0,42.0,2.0,7.0,146.0,0
C2211,21.0,Male,139119.0,New,2.0,14.0,12.0,23.0,6.0,4.0,38.0,1
C2212,35.0,Male,110068.0,Loyal,15.0,8.0,13.0,45.0,8.0,1.0,6.0,1
C2213,23.0,Male,80313.0,Loyal,11.0,19.0,4.0,22.0,10.0,6.0,126.0,1
C2214,52.0,Male,40344.0,Regular,3.0,1.0,13.0,1.0,4.0,7.0,92.0,1
C2215,39.0,Female,138499.0,Regular,11.0,16.0,10.0,25.0,10.0,2.0,28.0,0
C2216,60.0,Male,89778.0,Regular,8.0,15.0,14.0,54.0,7.0,0.0,89.0,1
C2217,32.0,Male,40601.0,Loyal,11.0,20.0,5.0,54.0,3.0,1.0,5.0,1
C2218,39.0,Male,134768.0,Regular,11.0,5.0,4.0,41.0,0.0,3.0,111.0,0
C2219,54.0,Male,39116.0,Regular,15.0,3.0,1.0,28.0,0.0,3.0,108.0,0
C2220,59.0,Male,76985.0,Regular,4.0,17.0,14.0,58.0,5.0,7.0,45.0,1
C2221,29.0,Male,121013.0,Regular,5.0,10.0,7.0,37.0,7.0,6.0,112.0,1
C2222,59.0,Female,137110.0,Loyal,0.0,5.0,10.0,11.0,9.0,5.0,2.0,1
C2223,55.0,Female,138329.0,New,3.0,11.0,11.0,22.0,1.0,1.0,177.0,0
C2224,35.0,Male,50782.0,New,13.0,6.0,2.0,54.0,10.0,5.0,90.0,0
C2225,52.0,Female,131095.0,Regular,3.0,4.0,10.0,55.0,3.0,2.0,115.0,0
C2226,47.0,Male,69819.0,Regular,9.0,7.0,3.0,25.0,2.0,0.0,63.0,0
C2227,41.0,Male,104416.0,New,7.0,19.0,5.0,53.0,8.0,2.0,92.0,0
C2228,59.0,Male,89035.0,Regular,7.0,7.0,8.0,21.0,2.0,4.0,70.0,0
C2229,47.0,Male,117123.0,Loyal,9.0,14.0,10.0,36.0,10.0,6.0,4.0,0
C2230,31.0,Male,64458.0,New,5.0,17.0,8.0,58.0,7.0,5.0,158.0,1
C2231,23.0,Female,111556.0,Regular,7.0,17.0,14.0,20.0,6.0,1.0,57.0,0
C2232,20.0,Female,144225.0,Regular,8.0,13.0,2.0,16.0,0.0,5.0,47.0,1
C2233,33.0,Female,28080.0,Regular,4.0,1.0,9.0,28.0,7.0,2.0,146.0,0
C2234,24.0,Female,108743.0,Loyal,0.0,2.0,6.0,56.0,8.0,7.0,108.0,1
C2235,31.0,Male,53957.0,Regular,0.0,18.0,9.0,29.0,7.0,6.0,95.0,1
C2236,26.0,Female,33908.0,Regular,1.0,4.0,14.0,50.0,9.0,4.0,44.0,0
C2237,32.0,Male,116188.0,Regular,1.0,13.0,4.0,26.0,9.0,2.0,180.0,1
C2238,38.0,Female,115880.0,Regular,4.0,1.0,3.0,40.0,0.0,4.0,177.0,0
C2239,52.0,Female,141292.0,Regular,6.0,4.0,14.0,2.0,10.0,6.0,158.0,1
C2240,19.0,Female,110570.0,Loyal,6.0,2.0,14.0,49.0,10.0,3.0,180.0,1
C2241,44.0,Female,111324.0,Regular,14.0,4.0,5.0,10.0,6.0,3.0,37.0,1
C2242,19.0,Male,98287.0,New,3.0,16.0,5.0,13.0,8.0,1.0,63.0,1
C2243,52.0,Female,143791.0,New,12.0,4.0,4.0,15.0,4.0,7.0,12.0,1
C2244,35.0,Female,67482.0,New,3.0,9.0,13.0,9.0,1.0,2.0,17.0,1
C2245,31.0,Male,119329.0,New,13.0,17.0,7.0,27.0,7.0,3.0,34.0,0
C2246,37.0,Male,142473.0,Loyal,13.0,20.0,8.0,8.0,8.0,5.0,156.0,0
C2247,35.0,Female,145291.0,Regular,10.0,2.0,15.0,6.0,6.0,6.0,132.0,1
C2248,27.0,Male,118375.0,Regular,14.0,3.0,5.0,36.0,4.0,0.0,98.0,0
C2249,42.0,Male,58314.0,Regular,9.0,15.0,15.0,50.0,7.0,6.0,46.0,1
C2250,19.0,Male,120989.0,Loyal,2.0,7.0,9.0,24.0,5.0,5.0,14.0,1
C2251,NaN,Female,94921.0,Regular,10.0,4.0,7.0,3.0,3.0,3.0,13.0,1
C2252,50.0,Male,142060.0,Loyal,1.0,12.0,13.0,26.0,0.0,3.0,49.0,0
C2253,53.0,Female,103768.0,Regular,15.0,1.0,13.0,36.0,5.0,2.0,178.0,1
C2254,48.0,Female,128880.0,Loyal,2.0,17.0,7.0,21.0,7.0,4.0,67.0,0
C2255,31.0,Female,120326.0,Regular,7.0,4.0,8.0,13.0,2.0,0.0,21.0,0
C2256,18.0,Female,35831.0,New,14.0,4.0,12.0,52.0,6.0,0.0,51.0,0
C2257,33.0,Male,141026.0,Regular,0.0,9.0,4.0,11.0,6.0,4.0,38.0,0
C2258,20.0,Female,40125.0,Regular,15.0,10.0,10.0,8.0,8.0,2.0,119.0,0
C2259,52.0,Male,82451.0,New,3.0,19.0,13.0,57.0,0.0,3.0,26.0,1
C2260,58.0,Female,65708.0,Regular,6.0,19.0,13.0,46.0,4.0,4.0,6.0,1
C2261,23.0,Male,37682.0,Regular,15.0,15.0,6.0,46.0,7.0,6.0,18.0,1
C2262,42.0,Female,122406.0,New,4.0,17.0,5.0,48.0,2.0,6.0,114.0,1
C2263,30.0,Male,102824.0,Loyal,1.0,7.0,1.0,14.0,4.0,6.0,134.0,0
C2264,51.0,Female,55794.0,Regular,0.0,3.0,15.0,33.0,0.0,0.0,169.0,0
C2265,25.0,Female,79372.0,Loyal,5.0,5.0,14.0,2.0,8.0,0.0,57.0,1
C2266,38.0,Male,59477.0,Regular,12.0,16.0,13.0,60.0,3.0,6.0,178.0,0
C2267,51.0,Female,73863.0,Regular,12.0,7.0,9.0,52.0,4.0,6.0,25.0,0
C2268,21.0,Female,109941.0,Regular,15.0,16.0,2.0,1.0,2.0,6.0,48.0,0
C2269,42.0,Female,58737.0,Regular,4.0,9.0,6.0,11.0,1.0,3.0,24.0,1
C2270,32.0,Male,22620.0,Loyal,2.0,1.0,15.0,6.0,6.0,3.0,158.0,0
C2271,21.0,Female,120950.0,New,10.0,3.0,15.0,32.0,10.0,1.0,87.0,0
C2272,29.0,Female,123169.0,Loyal,10.0,8.0,8.0,15.0,4.0,5.0,45.0,0
C2273,49.0,Male,142033.0,Loyal,14.0,18.0,3.0,12.0,10.0,4.0,43.0,0
C2274,49.0,Male,55057.0,Regular,15.0,18.0,5.0,37.0,9.0,3.0,72.0,0
C2275,45.0,Male,60138.0,Loyal,10.0,19.0,14.0,29.0,2.0,1.0,70.0,1
C2276,30.0,Male,99390.0,Regular,8.0,7.0,7.0,55.0,1.0,2.0,33.0,0
C2277,48.0,Male,73024.0,Loyal,2.0,20.0,4.0,44.0,9.0,6.0,97.0,1
C2278,31.0,Female,29677.0,Regular,15.0,6.0,14.0,22.0,5.0,0.0,45.0,0
C2279,37.0,Female,64111.0,New,1.0,11.0,12.0,46.0,9.0,4.0,7.0,1
C2280,35.0,Female,44074.0,Loyal,4.0,5.0,5.0,14.0,5.0,5.0,106.0,1
C2281,46.0,Male,37824.0,Regular,8.0,12.0,1.0,19.0,2.0,2.0,146.0,0
C2282,23.0,Female,20765.0,Regular,7.0,1.0,4.0,5.0,8.0,4.0,70.0,0
C2283,49.0,Male,65439.0,Regular,5.0,19.0,14.0,35.0,0.0,4.0,45.0,0
C2284,46.0,Male,145318.0,New,2.0,11.0,14.0,25.0,2.0,3.0,37.0,0
C2285,60.0,Female,117151.0,Regular,5.0,15.0,7.0,50.0,0.0,1.0,149.0,1
C2286,19.0,Male,68926.0,Loyal,4.0,16.0,12.0,38.0,6.0,4.0,172.0,0
C2287,40.0,Male,56860.0,New,0.0,3.0,10.0,9.0,1.0,5.0,158.0,1
C2288,36.0,Female,32975.0,New,4.0,11.0,7.0,58.0,10.0,2.0,139.0,0
C2289,48.0,Male,94877.0,New,13.0,11.0,10.0,7.0,10.0,5.0,8.0,1
C2290,22.0,Male,113677.0,Regular,6.0,10.0,10.0,53.0,3.0,4.0,133.0,1
C2291,36.0,Female,97870.0,Regular,8.0,2.0,4.0,18.0,3.0,7.0,8.0,1
C2292,51.0,Male,134381.0,Loyal,11.0,20.0,12.0,2.0,7.0,5.0,5.0,1
C2293,27.0,Male,101371.0,Loyal,14.0,5.0,6.0,52.0,10.0,5.0,10.0,0
C2294,42.0,Female,46548.0,Regular,0.0,8.0,13.0,10.0,3.0,6.0,15.0,1
C2295,19.0,Female,120970.0,New,2.0,13.0,5.0,44.0,2.0,7.0,56.0,0
C2296,28.0,Female,110575.0,Loyal,7.0,15.0,1.0,2.0,9.0,1.0,114.0,1
C2297,48.0,Female,118066.0,Loyal,5.0,2.0,8.0,60.0,2.0,7.0,55.0,0
C2298,32.0,Male,58736.0,Regular,12.0,12.0,12.0,45.0,4.0,0.0,131.0,0
C2299,26.0,Male,81562.0,Regular,15.0,8.0,7.0,8.0,5.0,7.0,41.0,1
C2300,40.0,Female,60409.0,Loyal,4.0,19.0,15.0,58.0,6.0,4.0,138.0,1
C2301,,Male,104101.0,Regular,12.0,1.0,5.0,55.0,4.0,2.0,135.0,0
C2302,26.0,Male,29834.0,Regular,9.0,8.0,13.0,7.0,6.0,6.0,115.0,0
C2303,52.0,Female,122192.0,Regular,1.0,10.0,10.0,35.0,3.0,6.0,63.0,0
C2304,38.0,Female,20840.0,New,2.0,13.0,10.0,23.0,4.0,0.0,88.0,0
C2305,26.0,Male,99409.0,Regular,11.0,5.0,7.0,8.0,5.0,5.0,154.0,1
C2306,45.0,Female,51568.0,Regular,15.0,9.0,15.0,21.0,8.0,0.0,34.0,1
C2307,24.0,Female,30846.0,New,1.0,10.0,10.0,33.0,5.0,3.0,122.0,0
C2308,33.0,Female,25899.0,New,0.0,14.0,3.0,47.0,9.0,3.0,167.0,1
C2309,33.0,Male,106038.0,New,6.0,11.0,8.0,1.0,10.0,4.0,100.0,0
C2310,50.0,Female,86101.0,Regular,13.0,14.0,5.0,12.0,0.0,6.0,107.0,0
C2311,21.0,Male,58773.0,Loyal,2.0,3.0,2.0,11.0,10.0,2.0,154.0,0
C2312,21.0,Male,149789.0,Loyal,6.0,16.0,2.0,48.0,6.0,7.0,62.0,0
C2313,56.0,Male,127460.0,Regular,11.0,20.0,4.0,30.0,10.0,3.0,138.0,1
C2314,57.0,Female,128778.0,Regular,6.0,17.0,7.0,4.0,10.0,5.0,100.0,1
C2315,34.0,Female,94723.0,Loyal,7.0,5.0,14.0,34.0,2.0,1.0,54.0,1
C2316,54.0,Female,92762.0,New,0.0,7.0,10.0,23.0,5.0,1.0,159.0,0
C2317,56.0,Female,127683.0,Regular,4.0,17.0,4.0,32.0,1.0,7.0,38.0,1
C2318,46.0,Female,124194.0,Loyal,9.0,20.0,9.0,3.0,6.0,5.0,114.0,0
C2319,53.0,Male,131417.0,New,8.0,11.0,2.0,28.0,0.0,7.0,25.0,0
C2320,55.0,Male,24311.0,Loyal,11.0,12.0,6.0,4.0,1.0,7.0,65.0,1
C2321,56.0,Male,129750.0,Loyal,10.0,2.0,4.0,57.0,8.0,0.0,100.0,0
C2322,54.0,Female,76888.0,New,6.0,19.0,6.0,50.0,8.0,5.0,178.0,0
C2323,52.0,Male,61616.0,New,0.0,5.0,10.0,12.0,6.0,0.0,152.0,0
C2324,24.0,Male,72134.0,New,7.0,11.0,9.0,24.0,1.0,0.0,155.0,0
C2325,44.0,Female,111225.0,Regular,2.0,19.0,10.0,33.0,4.0,1.0,178.0,0
C2326,45.0,Female,26083.0,Regular,12.0,7.0,12.0,3.0,3.0,7.0,178.0,1
C2327,39.0,Male,32598.0,Regular,3.0,6.0,9.0,4.0,1.0,7.0,143.0,1
C2328,31.0,Male,102476.0,New,3.0,11.0,9.0,30.0,1.0,3.0,17.0,1
C2329,24.0,Female,137707.0,Loyal,14.0,14.0,9.0,6.0,9.0,5.0,29.0,1
C2330,54.0,Female,112416.0,Regular,9.0,4.0,3.0,49.0,7.0,3.0,5.0,0
C2331,39.0,Female,22580.0,New,13.0,8.0,12.0,30.0,4.0,4.0,11.0,1
C2332,22.0,Female,142834.0,Regular,11.0,9.0,11.0,8.0,7.0,2.0,180.0,0
C2333,19.0,Male,132148.0,Regular,7.0,2.0,14.0,18.0,1.0,1.0,162.0,1
C2334,44.0,Male,77395.0,Regular,0.0,11.0,9.0,16.0,1.0,6.0,81.0,1
C2335,38.0,Female,62321.0,New,7.0,20.0,3.0,53.0,10.0,0.0,33.0,0
C2336,55.0,Male,29386.0,New,8.0,7.0,10.0,6.0,10.0,2.0,49.0,0
C2337,32.0,Male,73171.0,Loyal,8.0,4.0,3.0,24.0,2.0,0.0,121.0,1
C2338,38.0,Female,39522.0,Loyal,4.0,14.0,5.0,51.0,10.0,2.0,159.0,1
C2339,27.0,Male,85532.0,Regular,3.0,1.0,6.0,28.0,9.0,2.0,18.0,0
C2340,40.0,Male,111760.0,Regular,3.0,12.0,9.0,32.0,7.0,3.0,115.0,0
C2341,56.0,Male,34635.0,Regular,8.0,19.0,1.0,25.0,7.0,6.0,5.0,1
C2342,22.0,Female,20671.0,Regular,14.0,5.0,15.0,28.0,2.0,4.0,158.0,1
C2343,18.0,Female,53545.0,Regular,7.0,8.0,8.0,21.0,0.0,4.0,45.0,0
C2344,30.0,Male,74079.0,Loyal,9.0,11.0,14.0,8.0,6.0,0.0,120.0,1
C2345,38.0,Female,46855.0,Regular,14.0,4.0,14.0,36.0,3.0,1.0,128.0,0
C2346,43.0,Female,55790.0,Regular,9.0,15.0,4.0,60.0,2.0,4.0,38.0,1
C2347,38.0,Female,71012.0,Regular,11.0,20.0,10.0,9.0,4.0,1.0,109.0,0
C2348,35.0,Male,137827.0,Loyal,6.0,12.0,7.0,40.0,5.0,0.0,96.0,0
C2349,54.0,Male,132121.0,Loyal,15.0,20.0,6.0,21.0,0.0,1.0,94.0,0
C2350,49.0,Female,149051.0,New,11.0,10.0,15.0,51.0,8.0,2.0,29.0,1
C2351,53.0,Male,34260.0,Regular,2.0,16.0,6.0,1.0,5.0,2.0,164.0,0
C2352,34.0,Male,85139.0,Regular,3.0,8.0,7.0,53.0,2.0,0.0,137.0,0
C2353,52.0,Male,21074.0,Regular,14.0,20.0,4.0,53.0,0.0,1.0,23.0,0
C2354,28.0,Male,62676.0,Regular,15.0,8.0,6.0,4.0,8.0,7.0,131.0,1
C2355,38.0,Male,29475.0,Loyal,8.0,6.0,3.0,10.0,1.0,7.0,86.0,0
C2356,43.0,Female,98414.0,Regular,13.0,3.0,5.0,26.0,9.0,7.0,168.0,1
C2357,21.0,Male,35120.0,Loyal,12.0,8.0,13.0,40.0,5.0,6.0,58.0,1
C2358,51.0,Male,43147.0,New,7.0,10.0,13.0,3.0,5.0,6.0,159.0,0
C2359,35.0,Male,21986.0,Loyal,11.0,5.0,14.0,44.0,2.0,1.0,11.0,0
C2360,57.0,Female,129129.0,Loyal,11.0,11.0,15.0,58.0,10.0,0.0,42.0,1
C2361,52.0,Female,52430.0,Regular,0.0,4.0,13.0,9.0,5.0,6.0,131.0,0
C2362,58.0,Female,127497.0,Regular,15.0,17.0,2.0,32.0,1.0,4.0,14.0,1
C2363,46.0,Male,75479.0,New,2.0,3.0,3.0,3.0,7.0,3.0,46.0,0
C2364,46.0,Female,102966.0,Loyal,13.0,18.0,13.0,4.0,0.0,7.0,147.0,0
C2365,55.0,Female,22176.0,Regular,15.0,8.0,9.0,6.0,5.0,4.0,124.0,0
C2366,59.0,Female,104258.0,New,11.0,12.0,6.0,9.0,0.0,5.0,60.0,0
C2367,38.0,Female,128351.0,Regular,9.0,16.0,3.0,26.0,8.0,3.0,159.0,1
C2368,59.0,Male,135188.0,Regular,1.0,14.0,2.0,2.0,8.0,1.0,36.0,0
C2369,30.0,Female,104153.0,New,1.0,16.0,5.0,2.0,5.0,3.0,160.0,0
C2370,58.0,Female,81918.0,New,12.0,4.0,10.0,50.0,5.0,6.0,26.0,1
C2371,34.0,Male,148570.0,Regular,12.0,1.0,14.0,21.0,8.0,3.0,65.0,1
C2372,26.0,Male,47115.0,Regular,7.0,1.0,5.0,22.0,4.0,1.0,130.0,0
C2373,58.0,Female,122912.0,Loyal,5.0,15.0,1.0,3.0,8.0,2.0,70.0,1
C2374,18.0,Male,97442.0,Loyal,11.0,20.0,3.0,35.0,4.0,3.0,126.0,1
C2375,19.0,Female,60002.0,Regular,11.0,20.0,7.0,50.0,3.0,6.0,173.0,1
C2376,46.0,Male,77124.0,Loyal,11.0,3.0,9.0,59.0,1.0,6.0,153.0,1
C2377,50.0,Male,26610.0,Regular,12.0,14.0,5.0,38.0,1.0,7.0,40.0,1
C2378,27.0,Female,128828.0,Regular,5.0,9.0,4.0,33.0,0.0,0.0,146.0,0
C2379,57.0,Male,69752.0,New,3.0,19.0,3.0,57.0,9.0,4.0,110.0,1
C2380,38.0,Female,148416.0,Regular,0.0,8.0,10.0,15.0,2.0,1.0,98.0,1
C2381,45.0,Male,98947.0,Regular,10.0,2.0,13.0,11.0,0.0,1.0,12.0,0
C2382,28.0,Female,138972.0,New,6.0,4.0,9.0,10.0,5.0,3.0,24.0,0
C2383,51.0,Male,94716.0,Regular,7.0,1.0,14.0,36.0,10.0,2.0,171.0,1
C2384,25.0,Male,67993.0,Loyal,15.0,11.0,7.0,14.0,6.0,2.0,32.0,0
C2385,39.0,Male,30073.0,Regular,1.0,5.0,12.0,2.0,8.0,4.0,114.0,0
C2386,25.0,Male,57251.0,Regular,1.0,2.0,7.0,45.0,6.0,4.0,47.0,0
C2387,32.0,Male,116496.0,Loyal,15.0,13.0,14.0,48.0,3.0,6.0,173.0,1
C2388,34.0,Female,91437.0,Loyal,0.0,17.0,13.0,44.0,3.0,2.0,35.0,0
C2389,40.0,Male,58897.0,New,3.0,17.0,8.0,54.0,7.0,5.0,122.0,1
C2390,41.0,Female,70906.0,Regular,5.0,18.0,10.0,37.0,3.0,2.0,128.0,0
C2391,36.0,Female,71616.0,Regular,13.0,9.0,1.0,51.0,0.0,2.0,137.0,1
C2392,22.0,Female,128719.0,Regular,4.0,6.0,11.0,29.0,8.0,3.0,10.0,1
C2393,49.0,Male,24482.0,New,3.0,20.0,4.0,35.0,2.0,6.0,65.0,1
C2394,18.0,Female,127990.0,Regular,13.0,3.0,13.0,53.0,0.0,0.0,98.0,1
C2395,40.0,Male,110964.0,Loyal,3.0,8.0,13.0,20.0,8.0,4.0,10.0,1
C2396,54.0,Female,92936.0,Regular,9.0,3.0,5.0,21.0,10.0,5.0,147.0,0
C2397,25.0,Female,59574.0,Loyal,14.0,1.0,5.0,34.0,10.0,5.0,109.0,1
C2398,30.0,Female,143331.0,Loyal,6.0,20.0,1.0,59.0,9.0,7.0,178.0,1
C2399,25.0,Female,63284.0,Loyal,6.0,13.0,3.0,49.0,9.0,1.0,68.0,0
C2400,40.0,Female,92932.0,New,1.0,5.0,2.0,53.0,4.0,2.0,104.0,0
C2401,60.0,,27338.0,Loyal,12.0,16.0,12.0,43.0,8.0,2.0,5.0,0
C2402,18.0,Female,62718.0,New,6.0,16.0,7.0,33.0,2.0,7.0,157.0,1
C2403,41.0,Female,32500.0,Regular,1.0,12.0,13.0,19.0,5.0,0.0,116.0,0
C2404,52.0,Male,31545.0,Regular,3.0,13.0,14.0,8.0,10.0,6.0,5.0,0
C2405,41.0,Male,81480.0,Regular,14.0,4.0,5.0,31.0,10.0,2.0,60.0,1
C2406,34.0,Male,25241.0,Loyal,0.0,9.0,3.0,11.0,6.0,7.0,65.0,0
C2407,22.0,Female,109314.0,Loyal,4.0,16.0,11.0,8.0,4.0,4.0,127.0,0
C2408,37.0,Female,42821.0,New,0.0,1.0,8.0,25.0,7.0,5.0,28.0,1
C2409,38.0,Female,24695.0,Regular,15.0,5.0,1.0,49.0,9.0,2.0,83.0,0
C2410,57.0,Female,97066.0,Regular,3.0,5.0,1.0,20.0,5.0,0.0,129.0,1
C2411,48.0,Female,132616.0,Regular,12.0,19.0,14.0,38.0,5.0,7.0,29.0,0
C2412,53.0,Female,137276.0,Loyal,8.0,9.0,6.0,7.0,6.0,3.0,179.0,1
C2413,28.0,Male,34318.0,Regular,12.0,8.0,1.0,53.0,7.0,4.0,164.0,1
C2414,32.0,Male,70934.0,Loyal,11.0,19.0,4.0,13.0,1.0,3.0,160.0,0
C2415,36.0,Female,42331.0,New,7.0,18.0,6.0,39.0,6.0,1.0,64.0,0
C2416,24.0,Female,141282.0,Regular,5.0,15.0,1.0,43.0,8.0,0.0,142.0,0
C2417,45.0,Female,72672.0,Regular,14.0,4.0,13.0,10.0,0.0,1.0,32.0,0
C2418,60.0,Female,111891.0,New,7.0,15.0,9.0,8.0,0.0,7.0,9.0,1
C2419,22.0,Female,96860.0,Regular,4.0,13.0,15.0,42.0,6.0,1.0,139.0,0
C2420,22.0,Male,113685.0,Loyal,6.0,18.0,4.0,54.0,4.0,5.0,176.0,1
C2421,47.0,Male,88754.0,Loyal,7.0,20.0,9.0,43.0,0.0,1.0,179.0,0
C2422,49.0,Female,105677.0,Regular,6.0,5.0,9.0,20.0,0.0,1.0,132.0,0
C2423,25.0,Male,122320.0,Regular,13.0,18.0,13.0,17.0,1.0,0.0,41.0,0
C2424,27.0,Female,22837.0,New,3.0,8.0,6.0,11.0,10.0,7.0,25.0,0
C2425,55.0,Female,145261.0,New,4.0,1.0,13.0,16.0,9.0,3.0,145.0,0
C2426,49.0,Female,140688.0,Regular,12.0,19.0,7.0,37.0,8.0,2.0,175.0,0
C2427,45.0,Male,134616.0,New,13.0,17.0,15.0,42.0,2.0,1.0,8.0,0
C2428,34.0,Male,125338.0,Loyal,9.0,2.0,13.0,32.0,8.0,5.0,58.0,1
C2429,48.0,Female,60077.0,Regular,5.0,19.0,1.0,26.0,5.0,6.0,109.0,0
C2430,25.0,Male,99915.0,Loyal,13.0,16.0,5.0,58.0,9.0,2.0,129.0,0
C2431,57.0,Male,24239.0,Regular,13.0,18.0,3.0,52.0,5.0,5.0,2.0,0
C2432,42.0,Female,130432.0,Loyal,11.0,2.0,10.0,37.0,6.0,7.0,10.0,0
C2433,26.0,Male,106348.0,Regular,15.0,6.0,10.0,52.0,9.0,2.0,91.0,1
C2434,19.0,Male,49669.0,Regular,10.0,7.0,13.0,9.0,10.0,1.0,117.0,1
C2435,32.0,Female,68624.0,Loyal,5.0,6.0,6.0,35.0,7.0,7.0,155.0,0
C2436,20.0,Female,95147.0,Regular,12.0,6.0,4.0,3.0,10.0,4.0,141.0,0
C2437,53.0,Male,24150.0,New,8.0,9.0,15.0,31.0,2.0,6.0,63.0,0
C2438,21.0,Female,144210.0,Regular,9.0,8.0,13.0,42.0,7.0,2.0,11.0,0
C2439,31.0,Male,31109.0,Loyal,13.0,9.0,14.0,7.0,5.0,7.0,142.0,1
C2440,58.0,Female,119750.0,Loyal,13.0,12.0,13.0,2.0,5.0,4.0,96.0,0
C2441,58.0,Female,46016.0,Regular,1.0,18.0,9.0,25.0,10.0,3.0,124.0,0
C2442,42.0,Female,31936.0,Regular,5.0,6.0,7.0,40.0,2.0,2.0,93.0,0
C2443,27.0,Female,31036.0,Loyal,12.0,4.0,15.0,12.0,5.0,0.0,102.0,0
C2444,38.0,Male,59236.0,New,2.0,7.0,14.0,30.0,10.0,5.0,98.0,1
C2445,53.0,Female,34021.0,Regular,13.0,18.0,15.0,54.0,7.0,6.0,26.0,1
C2446,29.0,Female,140478.0,New,1.0,20.0,4.0,30.0,6.0,7.0,39.0,1
C2447,44.0,Female,56943.0,Regular,5.0,5.0,13.0,29.0,9.0,7.0,92.0,1
C2448,57.0,Male,133694.0,Regular,3.0,18.0,11.0,41.0,9.0,3.0,156.0,1
C2449,19.0,Male,123384.0,New,4.0,10.0,6.0,11.0,6.0,3.0,145.0,0
C2450,30.0,Female,101007.0,New,4.0,8.0,2.0,51.0,2.0,7.0,165.0,0
C2451,49.0,NaN,133197.0,Regular,2.0,1.0,14.0,52.0,9.0,6.0,108.0,0
C2452,48.0,Female,70016.0,New,15.0,15.0,3.0,23.0,2.0,4.0,155.0,0
C2453,33.0,Female,43244.0,New,11.0,3.0,15.0,17.0,4.0,7.0,76.0,1
C2454,49.0,Female,83027.0,Loyal,3.0,15.0,11.0,13.0,4.0,7.0,67.0,0
C2455,49.0,Female,134313.0,Regular,2.0,14.0,7.0,33.0,8.0,1.0,122.0,0
C2456,51.0,Male,143351.0,Regular,6.0,1.0,11.0,1.0,8.0,5.0,175.0,0
C2457,28.0,Female,58985.0,Loyal,14.0,8.0,12.0,60.0,9.0,0.0,111.0,0
C2458,27.0,Female,123976.0,New,15.0,7.0,4.0,40.0,4.0,6.0,162.0,1
C2459,32.0,Female,21502.0,Regular,0.0,9.0,14.0,13.0,4.0,6.0,18.0,0
C2460,34.0,Female,73836.0,Regular,15.0,18.0,12.0,38.0,5.0,0.0,35.0,0
C2461,57.0,Female,119714.0,Loyal,14.0,12.0,10.0,3.0,7.0,4.0,18.0,0
C2462,35.0,Female,23770.0,Loyal,15.0,8.0,7.0,16.0,5.0,4.0,162.0,0
C2463,26.0,Male,62865.0,Loyal,5.0,8.0,9.0,42.0,10.0,3.0,161.0,0
C2464,42.0,Male,73811.0,Loyal,3.0,6.0,14.0,7.0,5.0,6.0,128.0,0
C2465,57.0,Male,24001.0,New,15.0,3.0,13.0,54.0,8.0,4.0,127.0,0
C2466,31.0,Male,80848.0,New,0.0,2.0,5.0,53.0,0.0,1.0,84.0,1
C2467,42.0,Male,72635.0,Regular,0.0,14.0,14.0,3.0,3.0,3.0,43.0,0
C2468,39.0,Male,40946.0,New,4.0,8.0,1.0,14.0,9.0,3.0,82.0,0
C2469,47.0,Female,86134.0,Regular,13.0,6.0,5.0,16.0,9.0,7.0,27.0,0
C2470,37.0,Female,115852.0,Regular,4.0,4.0,6.0,4.0,1.0,3.0,48.0,1
C2471,38.0,Female,111103.0,New,9.0,5.0,14.0,31.0,8.0,0.0,69.0,0
C2472,49.0,Female,112044.0,Loyal,6.0,13.0,11.0,13.0,2.0,7.0,150.0,1
C2473,38.0,Female,63744.0,New,12.0,9.0,2.0,27.0,9.0,5.0,162.0,1
C2474,52.0,Female,137729.0,Regular,11.0,13.0,8.0,59.0,10.0,5.0,171.0,0
C2475,49.0,Male,142848.0,Regular,3.0,9.0,13.0,1.0,1.0,0.0,116.0,0
C2476,47.0,Female,59159.0,Regular,13.0,16.0,2.0,25.0,7.0,3.0,124.0,0
C2477,56.0,Male,115812.0,Regular,8.0,12.0,15.0,37.0,3.0,1.0,16.0,0
C2478,29.0,Male,43671.0,New,3.0,2.0,14.0,50.0,10.0,2.0,126.0,0
C2479,58.0,Female,36450.0,Regular,6.0,19.0,9.0,44.0,1.0,3.0,14.0,0
C2480,35.0,Female,34908.0,Loyal,4.0,16.0,14.0,11.0,3.0,4.0,39.0,0
C2481,38.0,Female,77275.0,Loyal,14.0,13.0,13.0,9.0,6.0,6.0,108.0,1
C2482,30.0,Female,64358.0,Regular,15.0,5.0,2.0,60.0,6.0,7.0,12.0,1
C2483,38.0,Female,69047.0,Regular,4.0,6.0,3.0,7.0,0.0,6.0,97.0,0
C2484,25.0,Female,55518.0,Regular,5.0,17.0,8.0,14.0,0.0,7.0,55.0,0
C2485,57.0,Female,77813.0,Loyal,7.0,17.0,11.0,30.0,2.0,7.0,134.0,0
C2486,24.0,Male,116748.0,New,14.0,17.0,6.0,24.0,1.0,5.0,40.0,0
C2487,40.0,Female,128220.0,Regular,4.0,3.0,1.0,3.0,2.0,6.0,91.0,1
C2488,49.0,Female,26806.0,Loyal,14.0,13.0,15.0,48.0,3.0,2.0,13.0,0
C2489,28.0,Male,124733.0,Regular,2.0,12.0,4.0,39.0,6.0,0.0,69.0,1
C2490,39.0,Female,60891.0,New,5.0,6.0,5.0,27.0,1.0,0.0,152.0,1
C2491,39.0,Female,146865.0,Regular,13.0,13.0,14.0,1.0,6.0,2.0,174.0,1
C2492,60.0,Male,103551.0,New,11.0,14.0,11.0,38.0,4.0,5.0,96.0,0
C2493,42.0,Female,149335.0,Regular,13.0,7.0,3.0,26.0,7.0,5.0,172.0,0
C2494,39.0,Female,59220.0,Regular,1.0,5.0,1.0,6.0,7.0,7.0,11.0,0
C2495,45.0,Female,37158.0,Loyal,11.0,14.0,3.0,59.0,4.0,4.0,118.0,1
C2496,46.0,Female,100992.0,Regular,11.0,18.0,13.0,42.0,9.0,0.0,61.0,0
C2497,30.0,Female,47588.0,New,7.0,4.0,9.0,12.0,7.0,0.0,36.0,1
C2498,35.0,Female,82576.0,New,7.0,1.0,2.0,54.0,8.0,3.0,138.0,0
C2499,19.0,Male,108027.0,Loyal,14.0,7.0,1.0,51.0,6.0,1.0,129.0,0
C2500,46.0,Female,44188.0,New,2.0,20.0,7.0,38.0,5.0,4.0,63.0,0
C2501,38.0,Female,,Regular,11.0,13.0,13.0,46.0,6.0,3.0,140.0,1
C2502,32.0,Male,78830.0,New,7.0,4.0,7.0,35.0,6.0,6.0,5.0,1
C2503,44.0,Male,24019.0,Loyal,8.0,13.0,5.0,10.0,2.0,1.0,78.0,0
C2504,48.0,Female,32419.0,Regular,4.0,4.0,2.0,9.0,5.0,6.0,36.0,1
C2505,32.0,Male,53697.0,Regular,4.0,3.0,14.0,23.0,5.0,0.0,145.0,0
C2506,40.0,Female,104932.0,Regular,5.0,8.0,1.0,30.0,10.0,7.0,150.0,0
C2507,41.0,Female,139712.0,Loyal,6.0,20.0,13.0,52.0,8.0,1.0,159.0,0
C2508,30.0,Male,124568.0,Regular,2.0,8.0,5.0,51.0,0.0,0.0,154.0,0
C2509,39.0,Female,115428.0,Regular,4.0,17.0,10.0,22.0,6.0,5.0,13.0,0
C2510,60.0,Female,27973.0,Loyal,0.0,15.0,4.0,47.0,0.0,3.0,63.0,0
C2511,54.0,Male,128001.0,Loyal,10.0,4.0,9.0,9.0,9.0,7.0,11.0,1
C2512,50.0,Male,106649.0,Regular,9.0,6.0,5.0,19.0,3.0,0.0,69.0,0
C2513,20.0,Male,142649.0,Loyal,4.0,6.0,11.0,8.0,6.0,1.0,102.0,0
C2514,36.0,Male,31136.0,New,3.0,10.0,10.0,54.0,5.0,3.0,32.0,1
C2515,40.0,Female,104739.0,Regular,0.0,4.0,12.0,4.0,5.0,1.0,10.0,1
C2516,46.0,Male,82502.0,Loyal,6.0,9.0,12.0,5.0,4.0,1.0,108.0,0
C2517,47.0,Male,51285.0,New,14.0,16.0,2.0,19.0,10.0,2.0,54.0,0
C2518,56.0,Male,43039.0,New,0.0,7.0,4.0,46.0,6.0,0.0,82.0,0
C2519,42.0,Male,86720.0,Regular,12.0,14.0,13.0,18.0,8.0,0.0,87.0,0
C2520,54.0,Male,143168.0,Regular,7.0,6.0,12.0,57.0,5.0,1.0,82.0,1
C2521,25.0,Female,108263.0,Regular,15.0,1.0,9.0,29.0,9.0,6.0,35.0,1
C2522,59.0,Male,79155.0,Regular,13.0,18.0,8.0,19.0,6.0,5.0,67.0,0
C2523,33.0,Female,36911.0,Loyal,9.0,12.0,3.0,6.0,8.0,0.0,65.0,0
C2524,25.0,Male,20916.0,Regular,11.0,15.0,8.0,5.0,6.0,4.0,17.0,0
C2525,18.0,Male,79052.0,New,1.0,1.0,13.0,58.0,5.0,5.0,42.0,0
C2526,22.0,Male,89110.0,Loyal,9.0,15.0,2.0,43.0,2.0,5.0,121.0,1
C2527,20.0,Male,121623.0,New,12.0,15.0,3.0,56.0,0.0,5.0,121.0,1
C2528,18.0,Male,37790.0,New,11.0,16.0,14.0,5.0,9.0,0.0,139.0,0
C2529,21.0,Male,103161.0,New,4.0,1.0,5.0,59.0,8.0,5.0,78.0,0
C2530,57.0,Male,25206.0,Regular,12.0,3.0,11.0,8.0,6.0,5.0,28.0,1
C2531,52.0,Male,141937.0,New,5.0,12.0,12.0,27.0,2.0,3.0,39.0,0
C2532,49.0,Female,105053.0,New,8.0,7.0,14.0,37.0,9.0,0.0,100.0,0
C2533,59.0,Male,69950.0,Regular,14.0,5.0,10.0,43.0,8.0,5.0,11.0,0
C2534,51.0,Female,136211.0,New,13.0,1.0,10.0,58.0,2.0,6.0,115.0,0
C2535,60.0,Male,76361.0,Regular,6.0,1.0,8.0,45.0,2.0,4.0,117.0,0
C2536,42.0,Female,81451.0,Loyal,5.0,15.0,1.0,38.0,6.0,5.0,168.0,1
C2537,27.0,Male,57696.0,Loyal,4.0,8.0,4.0,37.0,1.0,1.0,132.0,0
C2538,38.0,Male,101641.0,New,5.0,11.0,1.0,18.0,9.0,7.0,64.0,1
C2539,56.0,Male,121192.0,New,14.0,14.0,1.0,26.0,6.0,7.0,176.0,1
C2540,44.0,Female,88226.0,Loyal,13.0,13.0,12.0,42.0,6.0,0.0,83.0,1
C2541,44.0,Female,122395.0,New,10.0,19.0,5.0,16.0,0.0,7.0,159.0,1
C2542,19.0,Female,141970.0,Loyal,3.0,12.0,6.0,22.0,9.0,3.0,2.0,0
C2543,58.0,Female,144121.0,New,0.0,19.0,15.0,46.0,10.0,4.0,43.0,1
C2544,30.0,Male,66728.0,Loyal,14.0,4.0,1.0,23.0,1.0,2.0,41.0,1
C2545,26.0,Male,75401.0,Regular,11.0,4.0,11.0,47.0,4.0,1.0,60.0,0
C2546,53.0,Male,86226.0,Regular,8.0,3.0,6.0,3.0,3.0,1.0,112.0,1
C2547,39.0,Female,45103.0,Regular,15.0,6.0,5.0,3.0,2.0,7.0,174.0,0
C2548,59.0,Male,54263.0,Regular,10.0,5.0,4.0,12.0,9.0,1.0,40.0,0
C2549,43.0,Female,146705.0,Regular,4.0,11.0,10.0,23.0,10.0,7.0,59.0,1
C2550,29.0,Female,96621.0,Regular,7.0,9.0,5.0,47.0,7.0,4.0,45.0,1
C2551,34.0,Female,70044.0,Regular,6.0,3.0,8.0,11.0,6.0,0.0,42.0,0
C2552,31.0,Female,77730.0,New,7.0,9.0,9.0,42.0,8.0,0.0,119.0,1
C2553,31.0,Female,45825.0,New,0.0,12.0,11.0,52.0,2.0,5.0,149.0,1
C2554,51.0,Male,96256.0,Regular,8.0,3.0,14.0,47.0,9.0,7.0,131.0,1
C2555,37.0,Female,124177.0,New,0.0,20.0,12.0,50.0,0.0,7.0,139.0,1
C2556,28.0,Female,57271.0,Regular,2.0,17.0,2.0,57.0,8.0,5.0,24.0,0
C2557,33.0,Male,97256.0,New,7.0,12.0,6.0,46.0,8.0,0.0,50.0,0
C2558,48.0,Female,66732.0,Regular,11.0,18.0,3.0,29.0,0.0,6.0,88.0,0
C2559,23.0,Female,86433.0,New,10.0,4.0,15.0,57.0,7.0,7.0,21.0,1
C2560,36.0,Male,102630.0,Regular,0.0,10.0,2.0,6.0,9.0,7.0,153.0,0
C2561,54.0,Male,121999.0,New,13.0,18.0,12.0,46.0,0.0,5.0,132.0,1
C2562,21.0,Male,120990.0,New,0.0,8.0,14.0,16.0,5.0,6.0,125.0,1
C2563,21.0,Female,43572.0,New,5.0,9.0,13.0,34.0,8.0,0.0,43.0,0
C2564,37.0,Male,58546.0,Loyal,4.0,19.0,1.0,51.0,2.0,7.0,175.0,1
C2565,27.0,Male,142456.0,New,10.0,13.0,4.0,37.0,5.0,1.0,23.0,0
C2566,41.0,Male,35150.0,Regular,5.0,6.0,8.0,11.0,2.0,2.0,21.0,0
C2567,52.0,Female,74165.0,New,2.0,7.0,3.0,11.0,10.0,1.0,179.0,0
C2568,43.0,Male,83690.0,New,9.0,6.0,5.0,53.0,4.0,6.0,143.0,1
C2569,54.0,Female,73664.0,Regular,11.0,11.0,14.0,25.0,10.0,5.0,58.0,1
C2570,55.0,Female,102335.0,Regular,9.0,17.0,10.0,58.0,6.0,2.0,26.0,1
C2571,38.0,Male,95199.0,Loyal,5.0,19.0,5.0,19.0,10.0,7.0,59.0,1
C2572,57.0,Female,148511.0,Loyal,1.0,12.0,5.0,32.0,9.0,2.0,90.0,0
C2573,56.0,Female,56948.0,Loyal,7.0,13.0,11.0,50.0,3.0,0.0,45.0,0
C2574,38.0,Male,57030.0,Regular,14.0,18.0,9.0,58.0,3.0,3.0,163.0,0
C2575,27.0,Female,47007.0,Regular,11.0,7.0,15.0,8.0,6.0,4.0,94.0,0
C2576,55.0,Male,120819.0,Regular,5.0,5.0,8.0,55.0,4.0,3.0,110.0,1
C2577,21.0,Female,111207.0,Loyal,12.0,16.0,8.0,12.0,0.0,2.0,64.0,0
C2578,37.0,Female,110921.0,Regular,15.0,4.0,13.0,41.0,10.0,3.0,84.0,0
C2579,34.0,Male,96772.0,Regular,12.0,1.0,13.0,35.0,9.0,5.0,77.0,1
C2580,24.0,Male,42024.0,New,3.0,4.0,1.0,6.0,1.0,2.0,27.0,0
C2581,21.0,Female,132408.0,New,3.0,3.0,1.0,21.0,5.0,1.0,87.0,1
C2582,46.0,Female,59384.0,Loyal,13.0,4.0,2.0,53.0,8.0,5.0,159.0,1
C2583,31.0,Male,102912.0,Regular,10.0,1.0,14.0,26.0,6.0,1.0,12.0,1
C2584,20.0,Female,144161.0,Regular,6.0,12.0,8.0,56.0,3.0,5.0,102.0,1
C2585,41.0,Female,122674.0,New,13.0,13.0,10.0,1.0,1.0,0.0,45.0,1
C2586,54.0,Female,38157.0,Loyal,15.0,2.0,1.0,17.0,3.0,6.0,128.0,0
C2587,33.0,Female,105481.0,New,2.0,9.0,15.0,35.0,4.0,5.0,32.0,1
C2588,21.0,Male,122120.0,Loyal,10.0,7.0,4.0,27.0,1.0,4.0,54.0,0
C2589,41.0,Male,108553.0,New,2.0,13.0,9.0,50.0,0.0,7.0,113.0,1
C2590,51.0,Male,21756.0,Loyal,5.0,2.0,2.0,50.0,3.0,1.0,115.0,0
C2591,47.0,Male,120677.0,Regular,8.0,1.0,3.0,2.0,10.0,5.0,32.0,1
C2592,35.0,Male,88112.0,New,0.0,18.0,11.0,36.0,5.0,4.0,143.0,0
C2593,36.0,Male,111003.0,Regular,4.0,7.0,6.0,1.0,0.0,7.0,104.0,1
C2594,48.0,Female,122488.0,Regular,0.0,18.0,13.0,10.0,0.0,7.0,55.0,1
C2595,36.0,Male,116741.0,New,0.0,19.0,15.0,31.0,8.0,0.0,41.0,0
C2596,36.0,Female,78051.0,Loyal,2.0,8.0,11.0,57.0,4.0,5.0,127.0,0
C2597,39.0,Female,120701.0,Regular,2.0,12.0,10.0,37.0,1.0,6.0,40.0,1
C2598,41.0,Female,84595.0,Regular,3.0,11.0,3.0,5.0,10.0,4.0,72.0,0
C2599,29.0,Male,98210.0,New,2.0,9.0,15.0,41.0,1.0,6.0,114.0,1
C2600,47.0,Female,63094.0,Regular,5.0,4.0,15.0,46.0,3.0,5.0,177.0,1
C2601,55.0,Male,128850.0,,11.0,7.0,4.0,53.0,10.0,1.0,38.0,1
C2602,48.0,Female,107889.0,Regular,14.0,17.0,9.0,13.0,1.0,7.0,56.0,1
C2603,53.0,Female,115385.0,Loyal,3.0,11.0,9.0,45.0,3.0,1.0,34.0,1
C2604,36.0,Male,24535.0,Loyal,7.0,2.0,10.0,59.0,10.0,3.0,129.0,1
C2605,53.0,Female,76035.0,New,0.0,18.0,5.0,24.0,5.0,3.0,10.0,0
C2606,47.0,Female,142815.0,New,7.0,12.0,7.0,27.0,6.0,5.0,168.0,0
C2607,50.0,Female,67367.0,Loyal,10.0,9.0,9.0,1.0,5.0,3.0,16.0,0
C2608,35.0,Female,127472.0,Regular,0.0,11.0,8.0,49.0,3.0,5.0,174.0,0
C2609,45.0,Male,37118.0,New,10.0,5.0,11.0,20.0,9.0,7.0,152.0,1
C2610,28.0,Female,79812.0,New,0.0,7.0,7.0,8.0,2.0,7.0,14.0,0
C2611,50.0,Female,79884.0,Regular,6.0,1.0,12.0,3.0,3.0,5.0,90.0,1
C2612,34.0,Male,86168.0,Loyal,0.0,5.0,8.0,49.0,4.0,6.0,167.0,1
C2613,23.0,Female,33280.0,New,8.0,6.0,5.0,32.0,3.0,4.0,18.0,1
C2614,21.0,Female,34746.0,New,13.0,13.0,5.0,59.0,2.0,1.0,84.0,1
C2615,37.0,Female,122572.0,Loyal,14.0,11.0,5.0,44.0,0.0,7.0,169.0,1
C2616,44.0,Female,73251.0,Loyal,7.0,8.0,1.0,57.0,2.0,0.0,56.0,0
C2617,32.0,Male,104821.0,Regular,12.0,20.0,6.0,57.0,10.0,2.0,164.0,1
C2618,23.0,Female,103583.0,Loyal,14.0,2.0,5.0,25.0,4.0,1.0,152.0,1
C2619,31.0,Male,133625.0,Regular,0.0,15.0,8.0,25.0,5.0,7.0,90.0,1
C2620,28.0,Female,30207.0,Loyal,1.0,10.0,8.0,50.0,3.0,3.0,29.0,1
C2621,56.0,Female,91127.0,Regular,1.0,8.0,2.0,14.0,0.0,5.0,22.0,0
C2622,26.0,Female,47757.0,New,1.0,2.0,11.0,43.0,9.0,3.0,11.0,0
C2623,43.0,Male,36226.0,Regular,5.0,15.0,6.0,27.0,6.0,4.0,41.0,1
C2624,33.0,Female,115268.0,Regular,3.0,6.0,12.0,48.0,8.0,3.0,177.0,1
C2625,22.0,Female,81407.0,Loyal,7.0,5.0,11.0,32.0,5.0,4.0,139.0,1
C2626,27.0,Male,47206.0,Regular,0.0,3.0,10.0,27.0,5.0,0.0,52.0,0
C2627,20.0,Male,40256.0,Loyal,14.0,11.0,10.0,4.0,8.0,5.0,67.0,0
C2628,30.0,Male,53822.0,Loyal,9.0,11.0,15.0,50.0,3.0,3.0,85.0,1
C2629,60.0,Male,61340.0,New,13.0,16.0,6.0,39.0,4.0,4.0,75.0,0
C2630,47.0,Female,131883.0,Loyal,3.0,3.0,3.0,11.0,4.0,3.0,136.0,0
C2631,23.0,Female,72234.0,Regular,15.0,9.0,1.0,48.0,4.0,4.0,159.0,1
C2632,34.0,Female,63351.0,Loyal,9.0,3.0,7.0,48.0,7.0,6.0,123.0,0
C2633,36.0,Female,126311.0,Regular,10.0,19.0,10.0,3.0,10.0,5.0,6.0,1
C2634,59.0,Male,68671.0,Regular,4.0,11.0,5.0,25.0,0.0,5.0,81.0,0
C2635,52.0,Female,95320.0,Regular,8.0,14.0,12.0,55.0,9.0,1.0,13.0,0
C2636,43.0,Female,122565.0,New,4.0,2.0,12.0,24.0,10.0,4.0,6.0,1
C2637,22.0,Female,145627.0,New,12.0,7.0,10.0,9.0,9.0,2.0,155.0,0
C2638,46.0,Female,55157.0,Regular,10.0,10.0,5.0,8.0,10.0,0.0,121.0,0
C2639,54.0,Male,39937.0,Loyal,2.0,10.0,11.0,39.0,2.0,1.0,45.0,0
C2640,37.0,Female,74290.0,Regular,10.0,20.0,8.0,31.0,7.0,0.0,106.0,0
C2641,38.0,Female,66707.0,Regular,3.0,1.0,12.0,57.0,10.0,1.0,26.0,0
C2642,27.0,Female,31219.0,New,9.0,6.0,5.0,59.0,8.0,3.0,4.0,0
C2643,22.0,Male,29399.0,Regular,6.0,14.0,5.0,17.0,1.0,4.0,37.0,0
C2644,53.0,Male,146733.0,New,0.0,2.0,1.0,43.0,3.0,3.0,21.0,1
C2645,23.0,Female,118848.0,Loyal,10.0,6.0,2.0,31.0,7.0,0.0,28.0,0
C2646,43.0,Female,47657.0,Loyal,5.0,1.0,5.0,4.0,4.0,5.0,32.0,1
C2647,21.0,Female,40047.0,Regular,7.0,3.0,7.0,4.0,0.0,7.0,103.0,1
C2648,56.0,Male,120543.0,New,0.0,4.0,3.0,37.0,5.0,0.0,161.0,0
C2649,56.0,Female,96095.0,New,7.0,13.0,12.0,8.0,8.0,1.0,26.0,1
C2650,52.0,Female,105693.0,Regular,6.0,3.0,15.0,42.0,8.0,0.0,145.0,1
C2651,18.0,Female,NaN,Regular,0.0,15.0,1.0,49.0,10.0,7.0,116.0,1
C2652,41.0,Male,92154.0,Loyal,8.0,13.0,11.0,6.0,0.0,4.0,93.0,0
C2653,53.0,Female,64891.0,New,10.0,11.0,12.0,9.0,3.0,0.0,30.0,0
C2654,23.0,Female,26780.0,Loyal,2.0,4.0,2.0,42.0,0.0,3.0,121.0,0
C2655,58.0,Male,47050.0,Regular,1.0,17.0,3.0,8.0,6.0,5.0,5.0,1
C2656,48.0,Male,93551.0,Regular,6.0,5.0,12.0,32.0,2.0,4.0,118.0,1
C2657,37.0,Female,88666.0,Regular,10.0,8.0,9.0,15.0,1.0,0.0,6.0,0
C2658,41.0,Male,113619.0,New,2.0,10.0,8.0,18.0,7.0,2.0,106.0,0
C2659,42.0,Female,102016.0,Regular,0.0,7.0,15.0,23.0,8.0,2.0,124.0,0
C2660,53.0,Male,133135.0,Loyal,9.0,17.0,4.0,5.0,6.0,5.0,138.0,1
C2661,38.0,Male,73010.0,Regular,12.0,7.0,8.0,50.0,5.0,3.0,70.0,0
C2662,47.0,Female,121012.0,Loyal,2.0,19.0,13.0,27.0,9.0,1.0,138.0,1
C2663,41.0,Female,58165.0,Regular,5.0,9.0,9.0,33.0,10.0,1.0,106.0,0
C2664,59.0,Female,31528.0,New,2.0,2.0,3.0,2.0,5.0,5.0,44.0,1
C2665,47.0,Male,140840.0,Regular,4.0,20.0,6.0,59.0,8.0,0.0,56.0,0
C2666,39.0,Female,69608.0,Regular,8.0,19.0,8.0,42.0,4.0,4.0,132.0,1
C2667,45.0,Female,25914.0,Regular,6.0,6.0,10.0,38.0,4.0,5.0,13.0,0
C2668,24.0,Female,57136.0,New,1.0,10.0,7.0,59.0,1.0,1.0,122.0,1
C2669,52.0,Female,31179.0,Regular,0.0,13.0,9.0,28.0,5.0,2.0,19.0,0
C2670,45.0,Female,106008.0,New,6.0,2.0,7.0,24.0,5.0,7.0,90.0,1
C2671,31.0,Male,32076.0,New,3.0,10.0,1.0,51.0,5.0,1.0,9.0,0
C2672,27.0,Female,143911.0,Regular,10.0,10.0,9.0,21.0,3.0,2.0,46.0,0
C2673,33.0,Female,44783.0,Regular,6.0,5.0,12.0,31.0,10.0,1.0,56.0,0
C2674,33.0,Male,136625.0,Loyal,5.0,4.0,5.0,11.0,6.0,3.0,74.0,0
C2675,48.0,Female,66716.0,Regular,6.0,2.0,6.0,50.0,8.0,5.0,40.0,0
C2676,59.0,Female,70298.0,Loyal,3.0,7.0,2.0,28.0,0.0,7.0,67.0,0
C2677,42.0,Female,74304.0,Regular,2.0,18.0,15.0,48.0,2.0,4.0,113.0,0
C2678,30.0,Female,99360.0,Regular,11.0,17.0,2.0,40.0,9.0,7.0,83.0,1
C2679,23.0,Female,89835.0,New,4.0,11.0,13.0,4.0,8.0,5.0,62.0,1
C2680,26.0,Male,149541.0,Loyal,2.0,18.0,4.0,43.0,4.0,6.0,174.0,0
C2681,53.0,Male,132424.0,Regular,13.0,8.0,4.0,42.0,5.0,0.0,134.0,0
C2682,60.0,Male,28118.0,Loyal,2.0,12.0,5.0,16.0,7.0,2.0,29.0,0
C2683,37.0,Female,96292.0,Regular,3.0,1.0,7.0,12.0,8.0,1.0,19.0,1
C2684,35.0,Male,143322.0,New,7.0,20.0,13.0,22.0,7.0,0.0,114.0,0
C2685,60.0,Female,76911.0,Regular,1.0,12.0,11.0,35.0,2.0,2.0,108.0,0
C2686,38.0,Female,93489.0,New,3.0,6.0,12.0,43.0,9.0,5.0,143.0,0
C2687,21.0,Female,123088.0,Regular,10.0,3.0,15.0,56.0,0.0,2.0,57.0,1
C2688,50.0,Male,35185.0,New,15.0,5.0,1.0,16.0,10.0,3.0,38.0,0
C2689,44.0,Male,61792.0,Regular,2.0,14.0,10.0,24.0,4.0,7.0,21.0,0
C2690,24.0,Male,100210.0,Loyal,6.0,12.0,4.0,35.0,6.0,1.0,51.0,0
C2691,23.0,Female,70613.0,Regular,15.0,13.0,13.0,28.0,1.0,6.0,167.0,0
C2692,32.0,Male,130012.0,Loyal,1.0,13.0,9.0,57.0,0.0,5.0,20.0,0
C2693,35.0,Female,53927.0,Regular,0.0,17.0,8.0,42.0,3.0,6.0,2.0,1
C2694,49.0,Male,20386.0,Regular,9.0,15.0,3.0,29.0,2.0,0.0,32.0,0
C2695,28.0,Male,112153.0,Loyal,0.0,6.0,6.0,21.0,3.0,1.0,111.0,0
C2696,37.0,Female,92728.0,Loyal,5.0,12.0,11.0,48.0,0.0,5.0,92.0,1
C2697,41.0,Female,96281.0,Loyal,2.0,2.0,9.0,58.0,1.0,6.0,132.0,0
C2698,32.0,Male,50020.0,New,6.0,4.0,8.0,25.0,0.0,1.0,7.0,0
C2699,24.0,Male,62678.0,Regular,7.0,20.0,7.0,39.0,2.0,4.0,3.0,0
C2700,38.0,Male,106695.0,New,4.0,12.0,7.0,31.0,3.0,2.0,25.0,1
C2701,59.0,Female,81394.0,Regular,,3.0,1.0,15.0,0.0,6.0,112.0,0
C2702,43.0,Female,88945.0,Regular,11.0,17.0,15.0,47.0,5.0,2.0,9.0,0
C2703,31.0,Male,135377.0,Loyal,1.0,6.0,5.0,42.0,1.0,4.0,26.0,0
C2704,54.0,Male,141716.0,Loyal,7.0,17.0,7.0,35.0,9.0,4.0,64.0,1
C2705,38.0,Female,76414.0,Regular,9.0,17.0,14.0,38.0,10.0,1.0,18.0,1
C2706,35.0,Male,74816.0,New,15.0,11.0,13.0,58.0,4.0,2.0,91.0,0
C2707,22.0,Female,75918.0,Loyal,12.0,7.0,2.0,50.0,7.0,0.0,2.0,0
C2708,20.0,Female,111281.0,New,0.0,2.0,15.0,22.0,3.0,3.0,1.0,0
C2709,40.0,Female,131484.0,Regular,9.0,19.0,6.0,60.0,4.0,5.0,48.0,1
C2710,43.0,Female,135640.0,New,8.0,2.0,14.0,5.0,8.0,4.0,107.0,1
C2711,54.0,Female,82694.0,Regular,0.0,13.0,2.0,48.0,1.0,0.0,164.0,0
C2712,41.0,Female,49455.0,Loyal,0.0,16.0,3.0,13.0,1.0,0.0,75.0,0
C2713,36.0,Male,124446.0,New,0.0,17.0,1.0,32.0,5.0,1.0,26.0,1
C2714,42.0,Female,58735.0,Regular,6.0,11.0,3.0,3.0,5.0,4.0,6.0,1
C2715,38.0,Female,114702.0,Regular,3.0,9.0,15.0,15.0,2.0,0.0,26.0,1
C2716,29.0,Male,125509.0,Loyal,11.0,9.0,7.0,55.0,8.0,3.0,43.0,1
C2717,58.0,Female,113608.0,Loyal,6.0,14.0,5.0,27.0,0.0,7.0,122.0,0
C2718,50.0,Male,134310.0,New,4.0,13.0,4.0,52.0,2.0,7.0,129.0,0
C2719,21.0,Female,32109.0,New,15.0,11.0,15.0,27.0,7.0,0.0,9.0,1
C2720,59.0,Male,65802.0,Regular,11.0,12.0,15.0,30.0,7.0,3.0,27.0,1
C2721,24.0,Male,88020.0,Regular,15.0,3.0,13.0,6.0,3.0,6.0,71.0,1
C2722,39.0,Female,54622.0,Regular,13.0,1.0,12.0,25.0,7.0,3.0,117.0,0
C2723,50.0,Female,129935.0,New,6.0,8.0,8.0,28.0,10.0,3.0,118.0,1
C2724,34.0,Female,149368.0,New,9.0,19.0,8.0,22.0,9.0,4.0,3.0,1
C2725,41.0,Female,137919.0,Regular,13.0,13.0,1.0,4.0,7.0,6.0,130.0,0
C2726,51.0,Male,22597.0,New,6.0,7.0,9.0,15.0,0.0,3.0,124.0,0
C2727,45.0,Male,60597.0,Loyal,3.0,13.0,14.0,26.0,2.0,4.0,74.0,1
C2728,60.0,Male,60954.0,New,1.0,6.0,9.0,18.0,0.0,6.0,81.0,0
C2729,58.0,Female,89519.0,New,7.0,3.0,2.0,9.0,1.0,7.0,159.0,0
C2730,56.0,Male,76115.0,Loyal,1.0,6.0,2.0,52.0,3.0,0.0,65.0,1
C2731,39.0,Female,124988.0,Regular,15.0,3.0,8.0,4.0,2.0,6.0,122.0,1
C2732,34.0,Female,63151.0,Regular,8.0,13.0,12.0,48.0,10.0,3.0,146.0,1
C2733,51.0,Male,145515.0,New,4.0,13.0,11.0,50.0,5.0,6.0,134.0,0
C2734,23.0,Female,37040.0,Regular,8.0,13.0,6.0,5.0,4.0,2.0,102.0,0
C2735,23.0,Male,64772.0,Regular,14.0,1.0,3.0,45.0,4.0,0.0,42.0,0
C2736,51.0,Female,142431.0,Regular,8.0,8.0,12.0,6.0,9.0,5.0,111.0,1
C2737,18.0,Male,116090.0,Loyal,13.0,5.0,2.0,58.0,6.0,6.0,104.0,1
C2738,27.0,Female,83832.0,Regular,7.0,20.0,5.0,54.0,6.0,6.0,4.0,1
C2739,38.0,Male,47916.0,Regular,7.0,17.0,15.0,51.0,8.0,6.0,99.0,1
C2740,22.0,Male,64871.0,Regular,3.0,9.0,8.0,12.0,7.0,2.0,132.0,0
C2741,19.0,Female,141527.0,Regular,15.0,13.0,6.0,31.0,2.0,2.0,65.0,0
C2742,39.0,Female,46372.0,New,13.0,13.0,12.0,47.0,1.0,1.0,41.0,0
C2743,19.0,Male,81707.0,Regular,3.0,5.0,3.0,9.0,0.0,4.0,171.0,0
C2744,27.0,Female,59080.0,Regular,13.0,14.0,12.0,7.0,9.0,1.0,147.0,1
C2745,51.0,Female,126242.0,Regular,1.0,11.0,12.0,29.0,5.0,4.0,149.0,0
C2746,33.0,Female,62722.0,Loyal,3.0,14.0,9.0,14.0,3.0,1.0,158.0,0
C2747,56.0,Male,140864.0,Regular,15.0,7.0,8.0,51.0,2.0,0.0,116.0,0
C2748,39.0,Male,49048.0,Loyal,3.0,17.0,10.0,20.0,10.0,7.0,135.0,0
C2749,29.0,Female,105205.0,New,5.0,4.0,6.0,48.0,10.0,2.0,64.0,0
C2750,41.0,Female,29777.0,Regular,2.0,10.0,1.0,55.0,1.0,0.0,2.0,0
C2751,57.0,Male,74711.0,Loyal,1.0,10.0,2.0,32.0,1.0,4.0,115.0,1
C2752,55.0,Female,56331.0,Regular,14.0,15.0,4.0,59.0,10.0,2.0,128.0,0
C2753,27.0,Male,145320.0,Regular,7.0,20.0,2.0,56.0,3.0,7.0,79.0,1
C2754,52.0,Female,40968.0,New,1.0,12.0,3.0,22.0,0.0,2.0,101.0,0
C2755,49.0,Female,73969.0,Regular,7.0,9.0,14.0,36.0,5.0,4.0,119.0,1
C2756,24.0,Female,123345.0,New,6.0,3.0,8.0,44.0,9.0,0.0,74.0,0
C2757,38.0,Male,31292.0,Loyal,2.0,15.0,9.0,18.0,10.0,2.0,9.0,0
C2758,37.0,Male,140870.0,Regular,5.0,12.0,6.0,58.0,4.0,5.0,23.0,0
C2759,43.0,Male,60794.0,Loyal,5.0,15.0,4.0,40.0,9.0,6.0,14.0,1
C2760,21.0,Male,99459.0,Regular,9.0,1.0,11.0,49.0,8.0,0.0,54.0,0
C2761,39.0,Female,137932.0,Regular,13.0,15.0,2.0,25.0,1.0,0.0,124.0,0
C2762,32.0,Female,70192.0,Regular,4.0,11.0,7.0,31.0,8.0,0.0,45.0,1
C2763,57.0,Male,47703.0,Loyal,12.0,5.0,10.0,56.0,8.0,7.0,16.0,0
C2764,38.0,Female,104193.0,Loyal,7.0,7.0,11.0,35.0,9.0,2.0,102.0,1
C2765,32.0,Female,89165.0,New,14.0,12.0,7.0,26.0,8.0,3.0,95.0,0
C2766,39.0,Male,87650.0,Regular,10.0,20.0,10.0,4.0,9.0,6.0,109.0,1
C2767,45.0,Female,76516.0,Regular,15.0,6.0,9.0,42.0,9.0,7.0,136.0,0
C2768,31.0,Female,119981.0,New,11.0,3.0,5.0,48.0,3.0,1.0,25.0,0
C2769,44.0,Male,149858.0,Regular,15.0,10.0,10.0,20.0,4.0,4.0,169.0,1
C2770,58.0,Female,121398.0,Loyal,4.0,4.0,4.0,34.0,7.0,0.0,62.0,0
C2771,57.0,Female,111110.0,Regular,15.0,13.0,10.0,12.0,7.0,2.0,77.0,0
C2772,45.0,Female,117885.0,Regular,6.0,19.0,6.0,16.0,0.0,4.0,146.0,0
C2773,43.0,Male,42257.0,Regular,15.0,5.0,12.0,59.0,9.0,3.0,50.0,1
C2774,19.0,Male,120588.0,Regular,5.0,18.0,2.0,42.0,0.0,5.0,169.0,1
C2775,42.0,Female,123356.0,New,10.0,1.0,2.0,5.0,9.0,7.0,34.0,0
C2776,20.0,Female,141750.0,Regular,14.0,16.0,12.0,44.0,5.0,3.0,100.0,0
C2777,25.0,Female,103509.0,Loyal,6.0,16.0,9.0,35.0,6.0,2.0,114.0,0
C2778,50.0,Male,111273.0,Regular,12.0,16.0,7.0,44.0,1.0,0.0,81.0,1
C2779,59.0,Male,71672.0,New,8.0,19.0,7.0,27.0,1.0,3.0,12.0,1
C2780,52.0,Male,83308.0,New,2.0,16.0,13.0,1.0,4.0,6.0,77.0,1
C2781,23.0,Female,97583.0,New,9.0,1.0,5.0,34.0,8.0,7.0,75.0,0
C2782,56.0,Female,139336.0,Regular,6.0,20.0,7.0,43.0,4.0,3.0,170.0,0
C2783,40.0,Female,42113.0,Loyal,12.0,20.0,9.0,32.0,7.0,3.0,55.0,0
C2784,42.0,Female,20694.0,New,9.0,10.0,10.0,44.0,7.0,6.0,92.0,1
C2785,60.0,Female,142495.0,Loyal,2.0,2.0,5.0,39.0,4.0,5.0,179.0,0
C2786,36.0,Male,35588.0,Regular,12.0,14.0,9.0,33.0,7.0,7.0,88.0,0
C2787,22.0,Female,81756.0,Regular,1.0,8.0,1.0,31.0,7.0,7.0,9.0,1
C2788,28.0,Female,84085.0,Loyal,15.0,6.0,13.0,60.0,4.0,2.0,3.0,1
C2789,29.0,Female,131359.0,New,11.0,3.0,15.0,13.0,4.0,4.0,118.0,0
C2790,27.0,Male,134384.0,Loyal,6.0,16.0,12.0,45.0,3.0,1.0,136.0,0
C2791,25.0,Female,81142.0,New,3.0,17.0,3.0,2.0,0.0,2.0,30.0,1
C2792,41.0,Male,84373.0,Regular,0.0,12.0,7.0,30.0,8.0,0.0,67.0,0
C2793,45.0,Male,105603.0,Loyal,5.0,19.0,4.0,10.0,1.0,2.0,55.0,1
C2794,58.0,Male,26704.0,Loyal,10.0,20.0,15.0,23.0,0.0,2.0,162.0,1
C2795,53.0,Male,60136.0,Regular,5.0,3.0,2.0,33.0,5.0,5.0,123.0,0
C2796,54.0,Male,87507.0,Regular,5.0,13.0,12.0,39.0,4.0,1.0,43.0,0
C2797,38.0,Female,67361.0,Regular,1.0,16.0,14.0,45.0,10.0,1.0,156.0,0
C2798,25.0,Female,78847.0,Loyal,0.0,11.0,3.0,56.0,0.0,1.0,165.0,0
C2799,26.0,Male,126359.0,New,2.0,20.0,7.0,59.0,6.0,4.0,158.0,0
C2800,32.0,Male,31441.0,Loyal,11.0,16.0,8.0,29.0,6.0,7.0,71.0,0
C2801,57.0,Male,117012.0,Regular,13.0,,11.0,30.0,2.0,2.0,62.0,1
C2802,35.0,Female,138906.0,Regular,1.0,2.0,9.0,34.0,7.0,5.0,110.0,0
C2803,59.0,Female,34677.0,Regular,5.0,4.0,6.0,52.0,5.0,7.0,29.0,0
C2804,37.0,Male,47818.0,Regular,12.0,4.0,10.0,39.0,3.0,0.0,115.0,0
C2805,23.0,Female,21868.0,Loyal,11.0,17.0,9.0,17.0,9.0,1.0,2.0,1
C2806,29.0,Female,103591.0,Regular,5.0,1.0,4.0,22.0,9.0,6.0,90.0,0
C2807,19.0,Male,143962.0,Loyal,12.0,1.0,12.0,5.0,9.0,7.0,105.0,1
C2808,24.0,Male,87264.0,New,4.0,5.0,5.0,11.0,2.0,1.0,57.0,0
C2809,33.0,Female,93168.0,Regular,9.0,12.0,1.0,22.0,0.0,6.0,42.0,0
C2810,20.0,Female,32043.0,Loyal,9.0,6.0,14.0,32.0,1.0,7.0,49.0,1
C2811,20.0,Female,91939.0,Regular,4.0,6.0,9.0,24.0,1.0,2.0,18.0,0
C2812,44.0,Male,35732.0,Regular,8.0,17.0,9.0,11.0,10.0,0.0,27.0,0
C2813,60.0,Male,75244.0,Regular,13.0,13.0,9.0,11.0,4.0,5.0,118.0,1
C2814,57.0,Male,38526.0,Loyal,4.0,8.0,3.0,17.0,3.0,1.0,54.0,0
C2815,55.0,Female,29340.0,Loyal,12.0,12.0,13.0,32.0,1.0,2.0,152.0,0
C2816,50.0,Female,124488.0,New,9.0,15.0,15.0,19.0,10.0,3.0,162.0,1
C2817,45.0,Male,42394.0,Loyal,5.0,19.0,10.0,27.0,8.0,5.0,150.0,0
C2818,18.0,Female,118557.0,Regular,10.0,20.0,10.0,32.0,6.0,6.0,63.0,1
C2819,25.0,Male,24102.0,New,3.0,17.0,10.0,25.0,7.0,4.0,164.0,0
C2820,54.0,Female,121846.0,Loyal,9.0,9.0,8.0,28.0,7.0,5.0,92.0,0
C2821,49.0,Male,39159.0,Regular,13.0,18.0,3.0,40.0,1.0,2.0,84.0,1
C2822,60.0,Female,142366.0,Loyal,13.0,2.0,13.0,52.0,4.0,7.0,61.0,0
C2823,54.0,Female,85092.0,New,15.0,11.0,6.0,27.0,2.0,1.0,82.0,0
C2824,21.0,Male,26212.0,New,14.0,20.0,5.0,14.0,9.0,5.0,42.0,1
C2825,47.0,Male,117360.0,Regular,0.0,17.0,8.0,42.0,8.0,0.0,96.0,0
C2826,23.0,Male,57405.0,New,3.0,18.0,3.0,57.0,8.0,6.0,161.0,0
C2827,36.0,Male,97061.0,Loyal,1.0,15.0,14.0,39.0,5.0,3.0,74.0,1
C2828,49.0,Male,114296.0,New,9.0,7.0,1.0,2.0,3.0,0.0,137.0,0
C2829,26.0,Female,75186.0,Regular,2.0,16.0,12.0,17.0,7.0,0.0,119.0,1
C2830,29.0,Male,64239.0,New,6.0,1.0,9.0,1.0,4.0,0.0,25.0,0
C2831,28.0,Male,130804.0,New,6.0,18.0,10.0,45.0,2.0,2.0,141.0,0
C2832,33.0,Male,112993.0,Loyal,0.0,8.0,9.0,32.0,10.0,2.0,47.0,0
C2833,18.0,Male,143145.0,New,7.0,7.0,3.0,19.0,7.0,5.0,122.0,0
C2834,38.0,Male,133551.0,Regular,15.0,2.0,2.0,14.0,5.0,6.0,173.0,0
C2835,47.0,Female,30532.0,Loyal,6.0,12.0,4.0,31.0,4.0,4.0,133.0,0
C2836,30.0,Male,99054.0,Regular,0.0,16.0,14.0,58.0,0.0,6.0,31.0,1
C2837,51.0,Male,92012.0,Loyal,7.0,9.0,8.0,18.0,2.0,3.0,159.0,0
C2838,21.0,Male,137836.0,New,13.0,20.0,6.0,52.0,6.0,5.0,98.0,0
C2839,45.0,Female,105279.0,New,13.0,11.0,10.0,14.0,2.0,0.0,169.0,0
C2840,55.0,Female,86540.0,Loyal,1.0,15.0,15.0,47.0,0.0,5.0,115.0,0
C2841,48.0,Male,128590.0,Regular,7.0,3.0,15.0,14.0,7.0,6.0,174.0,0
C2842,44.0,Male,123021.0,Regular,2.0,13.0,1.0,24.0,6.0,1.0,52.0,0
C2843,22.0,Female,23271.0,Regular,9.0,13.0,15.0,5.0,4.0,5.0,107.0,0
C2844,42.0,Female,65482.0,Regular,6.0,2.0,8.0,16.0,9.0,6.0,86.0,0
C2845,20.0,Female,20209.0,New,12.0,6.0,5.0,5.0,4.0,5.0,133.0,1
C2846,50.0,Male,110999.0,Loyal,5.0,6.0,13.0,54.0,5.0,6.0,12.0,0
C2847,21.0,Male,25539.0,Regular,4.0,12.0,6.0,13.0,6.0,0.0,21.0,0
C2848,42.0,Female,134841.0,Regular,14.0,4.0,5.0,60.0,2.0,5.0,9.0,0
C2849,37.0,Male,39977.0,Loyal,15.0,5.0,10.0,16.0,10.0,7.0,93.0,0
C2850,51.0,Female,94142.0,Regular,10.0,8.0,5.0,15.0,3.0,3.0,91.0,1
C2851,43.0,Female,129920.0,New,9.0,6.0,NaN,31.0,0.0,0.0,145.0,0
C2852,22.0,Female,148156.0,Loyal,13.0,3.0,14.0,5.0,6.0,2.0,104.0,1
C2853,52.0,Male,119588.0,Loyal,10.0,8.0,4.0,21.0,9.0,2.0,152.0,1
C2854,45.0,Female,88684.0,Regular,1.0,19.0,5.0,30.0,1.0,5.0,155.0,0
C2855,46.0,Female,119072.0,New,1.0,11.0,11.0,23.0,6.0,5.0,136.0,1
C2856,26.0,Male,143862.0,New,12.0,18.0,11.0,38.0,5.0,3.0,172.0,0
C2857,55.0,Female,25607.0,Regular,11.0,10.0,2.0,29.0,3.0,7.0,62.0,1
C2858,23.0,Male,105122.0,Regular,14.0,20.0,6.0,13.0,10.0,6.0,29.0,1
C2859,36.0,Female,114786.0,Loyal,0.0,12.0,2.0,32.0,1.0,7.0,83.0,0
C2860,28.0,Male,146406.0,Loyal,13.0,20.0,4.0,48.0,6.0,6.0,74.0,0
C2861,19.0,Female,71939.0,Loyal,8.0,8.0,12.0,42.0,6.0,4.0,152.0,0
C2862,26.0,Female,38594.0,Regular,15.0,19.0,1.0,27.0,4.0,0.0,34.0,0
C2863,38.0,Female,78382.0,Loyal,10.0,16.0,4.0,34.0,8.0,3.0,60.0,1
C2864,41.0,Female,27399.0,Regular,7.0,18.0,14.0,45.0,2.0,5.0,104.0,1
C2865,51.0,Female,141026.0,New,7.0,9.0,7.0,49.0,8.0,7.0,159.0,0
C2866,39.0,Male,146812.0,New,0.0,4.0,15.0,33.0,4.0,7.0,115.0,1
C2867,20.0,Male,45117.0,Regular,4.0,9.0,14.0,4.0,1.0,7.0,132.0,0
C2868,29.0,Female,118662.0,Loyal,11.0,2.0,8.0,18.0,8.0,5.0,137.0,1
C2869,45.0,Female,53617.0,New,5.0,9.0,2.0,6.0,0.0,7.0,90.0,0
C2870,47.0,Female,27498.0,New,14.0,9.0,3.0,28.0,0.0,5.0,77.0,0
C2871,43.0,Male,122826.0,Loyal,1.0,18.0,1.0,44.0,6.0,7.0,121.0,0
C2872,38.0,Male,137232.0,New,9.0,11.0,15.0,57.0,2.0,5.0,1.0,1
C2873,45.0,Female,149851.0,Loyal,14.0,13.0,7.0,58.0,7.0,1.0,73.0,0
C2874,43.0,Male,131077.0,Regular,4.0,6.0,4.0,27.0,6.0,5.0,159.0,0
C2875,50.0,Female,136519.0,New,5.0,9.0,11.0,26.0,10.0,5.0,88.0,1
C2876,38.0,Female,70624.0,Loyal,8.0,16.0,10.0,56.0,6.0,1.0,45.0,1
C2877,52.0,Female,29628.0,New,14.0,4.0,8.0,20.0,0.0,4.0,60.0,0
C2878,51.0,Male,20329.0,Regular,9.0,2.0,5.0,13.0,0.0,6.0,86.0,0
C2879,58.0,Female,58619.0,New,0.0,7.0,9.0,28.0,1.0,2.0,103.0,0
C2880,35.0,Female,27032.0,New,12.0,15.0,6.0,34.0,1.0,5.0,87.0,1
C2881,28.0,Female,68094.0,New,9.0,6.0,11.0,49.0,10.0,6.0,119.0,0
C2882,40.0,Male,58034.0,New,2.0,11.0,10.0,23.0,4.0,5.0,42.0,0
C2883,39.0,Male,122658.0,New,11.0,20.0,2.0,10.0,8.0,3.0,155.0,1
C2884,34.0,Male,141123.0,Loyal,8.0,17.0,1.0,51.0,6.0,0.0,81.0,1
C2885,22.0,Female,142666.0,Regular,14.0,4.0,1.0,30.0,1.0,3.0,162.0,0
C2886,28.0,Male,106158.0,Regular,13.0,19.0,12.0,22.0,4.0,7.0,10.0,1
C2887,47.0,Female,75264.0,Regular,0.0,7.0,12.0,5.0,4.0,5.0,123.0,0
C2888,32.0,Male,114120.0,Loyal,0.0,11.0,14.0,53.0,7.0,7.0,111.0,0
C2889,44.0,Female,67850.0,Loyal,0.0,13.0,14.0,44.0,8.0,4.0,25.0,1
C2890,52.0,Male,24722.0,Regular,6.0,3.0,9.0,50.0,7.0,3.0,3.0,1
C2891,50.0,Female,37772.0,Loyal,12.0,14.0,1.0,9.0,1.0,4.0,162.0,0
C2892,37.0,Male,106105.0,Regular,4.0,2.0,3.0,43.0,3.0,4.0,71.0,0
C2893,33.0,Male,61679.0,Regular,5.0,18.0,12.0,4.0,1.0,5.0,28.0,0
C2894,51.0,Male,88771.0,Regular,12.0,5.0,2.0,42.0,5.0,4.0,137.0,1
C2895,19.0,Female,24576.0,Regular,14.0,13.0,15.0,1.0,3.0,3.0,11.0,0
C2896,52.0,Male,46707.0,Regular,13.0,13.0,15.0,34.0,6.0,1.0,93.0,1
C2897,57.0,Male,119404.0,Regular,7.0,14.0,15.0,41.0,1.0,0.0,118.0,1
C2898,45.0,Male,61632.0,Loyal,13.0,12.0,12.0,55.0,8.0,4.0,124.0,0
C2899,56.0,Male,61476.0,Loyal,12.0,13.0,4.0,26.0,4.0,6.0,167.0,0
C2900,23.0,Female,137220.0,Regular,15.0,18.0,1.0,18.0,0.0,5.0,93.0,0
C2901,26.0,Male,50285.0,Regular,1.0,13.0,,16.0,10.0,2.0,141.0,0
C2902,37.0,Female,44154.0,New,12.0,4.0,1.0,23.0,2.0,4.0,99.0,0
C2903,18.0,Female,40054.0,New,1.0,10.0,4.0,46.0,3.0,6.0,11.0,0
C2904,25.0,Female,37165.0,Regular,2.0,5.0,13.0,36.0,2.0,7.0,35.0,0
C2905,40.0,Female,34439.0,Regular,12.0,18.0,13.0,26.0,5.0,3.0,8.0,1
C2906,20.0,Male,138211.0,New,2.0,8.0,14.0,2.0,5.0,4.0,7.0,0
C2907,21.0,Female,64518.0,Loyal,12.0,14.0,4.0,44.0,9.0,2.0,69.0,0
C2908,42.0,Female,108051.0,Regular,2.0,2.0,7.0,52.0,10.0,6.0,70.0,0
C2909,55.0,Female,46962.0,Regular,3.0,8.0,8.0,5.0,6.0,1.0,115.0,0
C2910,32.0,Female,73934.0,New,2.0,16.0,13.0,29.0,8.0,3.0,124.0,0
C2911,38.0,Male,128085.0,New,1.0,7.0,8.0,4.0,9.0,3.0,163.0,0
C2912,52.0,Male,57763.0,Loyal,8.0,3.0,8.0,47.0,8.0,5.0,11.0,0
C2913,31.0,Female,136189.0,Regular,5.0,4.0,14.0,35.0,6.0,3.0,166.0,0
C2914,53.0,Female,130290.0,Loyal,2.0,7.0,14.0,22.0,10.0,2.0,91.0,1
C2915,29.0,Female,84094.0,Loyal,8.0,4.0,12.0,49.0,0.0,6.0,85.0,1
C2916,34.0,Male,130814.0,Regular,14.0,9.0,14.0,8.0,2.0,3.0,49.0,1
C2917,56.0,Male,39464.0,New,3.0,17.0,9.0,44.0,4.0,1.0,35.0,1
C2918,26.0,Male,62036.0,Loyal,3.0,17.0,1.0,21.0,9.0,0.0,157.0,0
C2919,52.0,Male,143980.0,Loyal,7.0,20.0,9.0,8.0,10.0,0.0,88.0,0
C2920,30.0,Male,115949.0,Regular,6.0,14.0,10.0,58.0,5.0,4.0,169.0,0
C2921,32.0,Female,53270.0,Loyal,14.0,14.0,8.0,52.0,5.0,0.0,109.0,0
C2922,35.0,Male,62299.0,Loyal,15.0,13.0,1.0,52.0,4.0,2.0,134.0,0
C2923,50.0,Male,105805.0,Regular,6.0,4.0,7.0,5.0,5.0,0.0,10.0,0
C2924,23.0,Female,51541.0,Regular,9.0,13.0,9.0,21.0,8.0,2.0,84.0,0
C2925,44.0,Male,93545.0,Loyal,6.0,17.0,4.0,27.0,0.0,2.0,85.0,0
C2926,40.0,Male,102543.0,Regular,9.0,15.0,13.0,38.0,0.0,4.0,151.0,1
C2927,44.0,Male,111998.0,New,15.0,18.0,15.0,5.0,8.0,0.0,174.0,0
C2928,51.0,Female,149188.0,Regular,10.0,11.0,13.0,21.0,7.0,4.0,140.0,1
C2929,55.0,Male,97078.0,New,15.0,4.0,9.0,8.0,8.0,3.0,55.0,1
C2930,31.0,Female,102970.0,New,4.0,20.0,1.0,22.0,6.0,7.0,141.0,1
C2931,53.0,Female,49765.0,Loyal,14.0,11.0,9.0,18.0,9.0,1.0,74.0,0
C2932,25.0,Male,43769.0,New,6.0,10.0,6.0,4.0,5.0,6.0,135.0,0
C2933,52.0,Male,108001.0,New,3.0,13.0,4.0,4.0,8.0,0.0,140.0,0
C2934,36.0,Male,107404.0,Regular,15.0,8.0,12.0,37.0,1.0,3.0,61.0,0
C2935,47.0,Male,40156.0,Regular,7.0,13.0,12.0,15.0,3.0,5.0,153.0,1
C2936,31.0,Female,105836.0,Regular,8.0,9.0,5.0,38.0,1.0,6.0,130.0,1
C2937,37.0,Male,138706.0,New,12.0,1.0,15.0,27.0,5.0,6.0,26.0,1
C2938,42.0,Female,70481.0,New,11.0,1.0,7.0,21.0,0.0,6.0,179.0,0
C2939,57.0,Female,33435.0,New,2.0,15.0,10.0,48.0,6.0,3.0,69.0,0
C2940,41.0,Female,89650.0,Regular,6.0,4.0,13.0,46.0,6.0,4.0,62.0,1
C2941,31.0,Female,66336.0,New,11.0,20.0,4.0,46.0,6.0,4.0,167.0,0
C2942,43.0,Female,56135.0,Loyal,9.0,1.0,8.0,48.0,3.0,6.0,116.0,0
C2943,55.0,Male,93631.0,Regular,8.0,12.0,3.0,59.0,7.0,6.0,115.0,0
C2944,40.0,Female,57909.0,New,0.0,11.0,2.0,54.0,4.0,1.0,139.0,0
C2945,39.0,Female,89487.0,Regular,1.0,19.0,1.0,56.0,1.0,1.0,102.0,0
C2946,36.0,Male,41468.0,Regular,15.0,15.0,14.0,4.0,4.0,6.0,42.0,1
C2947,20.0,Male,112609.0,Regular,6.0,10.0,13.0,11.0,9.0,1.0,10.0,0
C2948,59.0,Female,67655.0,New,14.0,1.0,6.0,19.0,8.0,7.0,123.0,0
C2949,36.0,Female,54341.0,Regular,12.0,3.0,2.0,57.0,9.0,6.0,19.0,0
C2950,26.0,Male,131663.0,Loyal,1.0,14.0,8.0,19.0,0.0,1.0,4.0,1
C2951,45.0,Female,84182.0,Loyal,6.0,15.0,15.0,27.0,10.0,6.0,3.0,1
C2952,37.0,Male,71786.0,New,0.0,1.0,11.0,40.0,1.0,4.0,142.0,1
C2953,24.0,Male,88304.0,Regular,14.0,10.0,10.0,42.0,9.0,7.0,10.0,1
C2954,31.0,Female,123606.0,Regular,2.0,1.0,13.0,28.0,7.0,2.0,6.0,0
C2955,26.0,Male,66514.0,Loyal,14.0,15.0,4.0,5.0,4.0,4.0,31.0,0
C2956,36.0,Female,140938.0,Loyal,4.0,3.0,9.0,48.0,8.0,2.0,31.0,1
C2957,31.0,Female,53979.0,New,13.0,20.0,4.0,25.0,5.0,4.0,176.0,1
C2958,55.0,Female,110887.0,New,11.0,12.0,4.0,3.0,7.0,5.0,9.0,0
C2959,53.0,Male,100981.0,Regular,13.0,19.0,13.0,26.0,0.0,4.0,108.0,1
C2960,57.0,Female,75107.0,New,10.0,16.0,12.0,10.0,8.0,7.0,124.0,0
C2961,34.0,Male,148842.0,Regular,5.0,8.0,8.0,24.0,8.0,7.0,154.0,1
C2962,47.0,Female,134119.0,New,14.0,14.0,12.0,29.0,2.0,1.0,130.0,0
C2963,26.0,Female,21160.0,Regular,12.0,18.0,13.0,45.0,0.0,2.0,4.0,1
C2964,50.0,Male,107897.0,Loyal,8.0,1.0,8.0,7.0,7.0,3.0,6.0,0
C2965,42.0,Female,92577.0,Loyal,8.0,2.0,5.0,44.0,7.0,5.0,30.0,0
C2966,31.0,Female,104303.0,Regular,2.0,12.0,3.0,23.0,8.0,3.0,156.0,0
C2967,28.0,Male,30846.0,Regular,13.0,17.0,12.0,46.0,5.0,5.0,61.0,0
C2968,52.0,Male,149861.0,Loyal,7.0,2.0,2.0,27.0,8.0,3.0,77.0,1
C2969,58.0,Male,124180.0,New,15.0,17.0,15.0,42.0,9.0,1.0,110.0,0
C2970,31.0,Female,39924.0,Regular,12.0,7.0,9.0,9.0,8.0,3.0,36.0,0
C2971,47.0,Male,131193.0,Regular,3.0,6.0,14.0,44.0,3.0,6.0,133.0,0
C2972,58.0,Male,33882.0,New,6.0,6.0,9.0,56.0,10.0,4.0,157.0,1
C2973,21.0,Female,100274.0,Regular,5.0,8.0,5.0,3.0,4.0,7.0,100.0,0
C2974,21.0,Male,106555.0,New,7.0,5.0,14.0,13.0,5.0,1.0,140.0,0
C2975,45.0,Female,21095.0,Regular,15.0,15.0,13.0,6.0,5.0,6.0,122.0,0
C2976,25.0,Female,124205.0,New,5.0,7.0,15.0,59.0,9.0,3.0,150.0,0
C2977,19.0,Male,60983.0,Regular,3.0,3.0,8.0,38.0,1.0,1.0,59.0,0
C2978,58.0,Female,131215.0,New,1.0,10.0,7.0,21.0,3.0,4.0,110.0,0
C2979,39.0,Male,34123.0,Loyal,6.0,3.0,3.0,19.0,8.0,1.0,167.0,1
C2980,58.0,Male,113668.0,Regular,10.0,14.0,12.0,25.0,6.0,3.0,130.0,0
C2981,33.0,Male,86615.0,Regular,14.0,3.0,5.0,39.0,8.0,1.0,14.0,0
C2982,46.0,Male,115193.0,Regular,12.0,1.0,15.0,4.0,5.0,5.0,138.0,1
C2983,47.0,Female,65278.0,Regular,10.0,1.0,13.0,22.0,10.0,0.0,176.0,0
C2984,29.0,Female,117911.0,New,3.0,19.0,9.0,5.0,6.0,7.0,64.0,1
C2985,52.0,Male,110290.0,Regular,12.0,4.0,4.0,1.0,8.0,3.0,131.0,0
C2986,28.0,Male,71999.0,New,8.0,2.0,3.0,50.0,3.0,4.0,72.0,0
C2987,38.0,Female,51153.0,New,8.0,11.0,7.0,17.0,8.0,2.0,21.0,0
C2988,38.0,Male,38344.0,Regular,6.0,12.0,8.0,9.0,2.0,1.0,94.0,1
C2989,22.0,Female,119777.0,New,4.0,13.0,5.0,9.0,10.0,5.0,147.0,0
C2990,37.0,Male,57656.0,Regular,2.0,16.0,13.0,53.0,7.0,1.0,79.0,1
C2991,54.0,Female,90515.0,Regular,2.0,16.0,8.0,24.0,2.0,7.0,20.0,1
C2992,20.0,Female,149515.0,Regular,8.0,19.0,5.0,10.0,2.0,3.0,58.0,0
C2993,50.0,Female,21212.0,Regular,8.0,20.0,9.0,20.0,2.0,5.0,42.0,1
C2994,26.0,Male,140385.0,Regular,11.0,20.0,7.0,17.0,8.0,3.0,94.0,1
C2995,26.0,Male,29001.0,Regular,12.0,9.0,5.0,13.0,9.0,0.0,138.0,0
C2996,21.0,Male,98784.0,Regular,10.0,16.0,13.0,29.0,2.0,4.0,151.0,0
C2997,52.0,Male,118723.0,New,15.0,7.0,9.0,36.0,5.0,7.0,88.0,1
C2998,34.0,Male,101144.0,Regular,3.0,13.0,5.0,23.0,10.0,5.0,140.0,1
C2999,51.0,Female,56427.0,Regular,10.0,4.0,8.0,27.0,3.0,5.0,9.0,0
C3000,41.0,Female,51368.0,Regular,0.0,13.0,12.0,18.0,1.0,1.0,79.0,0
C3001,49.0,Female,90819.0,Loyal,12.0,8.0,4.0,,2.0,1.0,157.0,0
C3002,18.0,Female,81160.0,Loyal,9.0,2.0,9.0,54.0,4.0,7.0,82.0,0
C3003,25.0,Female,45854.0,New,4.0,7.0,12.0,9.0,9.0,2.0,148.0,1
C3004,40.0,Female,30715.0,New,13.0,11.0,6.0,3.0,3.0,6.0,3.0,0
C3005,57.0,Female,101701.0,New,15.0,17.0,6.0,7.0,4.0,5.0,136.0,0
C3006,29.0,Male,78784.0,New,15.0,14.0,14.0,58.0,10.0,1.0,39.0,1
C3007,29.0,Female,149193.0,New,7.0,13.0,3.0,15.0,0.0,1.0,64.0,1
C3008,32.0,Male,119644.0,Regular,9.0,15.0,13.0,30.0,3.0,6.0,31.0,1
C3009,58.0,Female,46797.0,Loyal,14.0,9.0,3.0,9.0,10.0,0.0,111.0,1
C3010,36.0,Female,67573.0,Regular,14.0,3.0,4.0,59.0,9.0,2.0,123.0,1
C3011,43.0,Male,96120.0,New,3.0,13.0,1.0,41.0,2.0,7.0,150.0,0
C3012,46.0,Female,34780.0,Regular,9.0,13.0,6.0,27.0,1.0,6.0,96.0,1
C3013,39.0,Male,57905.0,Regular,9.0,9.0,1.0,36.0,6.0,7.0,5.0,0
C3014,57.0,Female,41573.0,Loyal,3.0,18.0,11.0,18.0,9.0,1.0,58.0,1
C3015,38.0,Male,136049.0,Loyal,12.0,5.0,4.0,31.0,8.0,7.0,105.0,1
C3016,55.0,Female,149651.0,Loyal,11.0,11.0,15.0,17.0,0.0,1.0,63.0,0
C3017,37.0,Male,53359.0,Regular,13.0,2.0,13.0,54.0,6.0,4.0,61.0,1
C3018,46.0,Male,86062.0,Regular,8.0,17.0,7.0,53.0,10.0,5.0,52.0,0
C3019,21.0,Female,93391.0,New,14.0,20.0,12.0,6.0,0.0,1.0,108.0,1
C3020,24.0,Female,63463.0,Regular,8.0,4.0,6.0,39.0,4.0,0.0,101.0,0
C3021,45.0,Male,119596.0,New,6.0,18.0,8.0,25.0,0.0,1.0,33.0,1
C3022,45.0,Female,136342.0,Regular,9.0,20.0,4.0,42.0,2.0,5.0,22.0,1
C3023,21.0,Male,115018.0,Regular,7.0,8.0,9.0,42.0,7.0,1.0,51.0,0
C3024,39.0,Female,36571.0,New,11.0,19.0,10.0,59.0,3.0,6.0,11.0,1
C3025,29.0,Male,117276.0,New,11.0,12.0,8.0,38.0,0.0,3.0,127.0,0
C3026,20.0,Female,148568.0,New,3.0,11.0,14.0,38.0,0.0,1.0,50.0,1
C3027,39.0,Male,39142.0,New,7.0,16.0,15.0,31.0,7.0,2.0,17.0,0
C3028,19.0,Female,45104.0,New,13.0,5.0,5.0,51.0,7.0,5.0,174.0,0
C3029,41.0,Male,28625.0,New,5.0,3.0,14.0,29.0,3.0,7.0,44.0,0
C3030,51.0,Male,59199.0,New,15.0,12.0,6.0,40.0,3.0,5.0,133.0,0
C3031,44.0,Female,140725.0,New,12.0,15.0,5.0,9.0,9.0,3.0,39.0,1
C3032,58.0,Female,35926.0,Loyal,15.0,16.0,15.0,1.0,10.0,2.0,137.0,1
C3033,18.0,Male,51218.0,Regular,2.0,13.0,6.0,16.0,1.0,2.0,23.0,0
C3034,25.0,Male,64472.0,New,6.0,7.0,1.0,38.0,1.0,5.0,175.0,0
C3035,40.0,Male,111916.0,Regular,2.0,15.0,4.0,23.0,5.0,0.0,164.0,1
C3036,55.0,Male,143182.0,Loyal,10.0,3.0,9.0,59.0,7.0,7.0,31.0,1
C3037,23.0,Female,40566.0,Regular,15.0,12.0,4.0,8.0,6.0,1.0,84.0,1
C3038,39.0,Male,76125.0,New,6.0,8.0,2.0,47.0,6.0,2.0,23.0,0
C3039,42.0,Male,53205.0,Regular,4.0,12.0,6.0,12.0,2.0,1.0,174.0,0
C3040,35.0,Male,129084.0,Regular,3.0,18.0,2.0,10.0,1.0,7.0,58.0,0
C3041,34.0,Female,49717.0,Regular,2.0,3.0,3.0,16.0,9.0,1.0,164.0,0
C3042,29.0,Male,69984.0,Regular,7.0,12.0,7.0,47.0,6.0,7.0,88.0,1
C3043,23.0,Female,127292.0,Loyal,3.0,2.0,4.0,43.0,3.0,6.0,142.0,0
C3044,43.0,Female,45135.0,Loyal,7.0,14.0,1.0,24.0,0.0,0.0,25.0,1
C3045,44.0,Female,48164.0,Regular,9.0,14.0,9.0,39.0,0.0,0.0,172.0,0
C3046,25.0,Female,94489.0,Regular,2.0,4.0,6.0,8.0,3.0,2.0,46.0,0
C3047,36.0,Female,58562.0,Regular,9.0,17.0,9.0,11.0,4.0,2.0,141.0,0
C3048,59.0,Female,89110.0,Loyal,12.0,15.0,3.0,41.0,4.0,5.0,62.0,0
C3049,18.0,Female,40169.0,New,8.0,16.0,5.0,26.0,0.0,6.0,19.0,1
C3050,46.0,Male,79858.0,Loyal,5.0,5.0,9.0,7.0,2.0,6.0,140.0,1
C3051,52.0,Male,41604.0,New,14.0,17.0,6.0,15.0,5.0,3.0,112.0,1
C3052,57.0,Female,109670.0,Regular,15.0,7.0,2.0,15.0,9.0,1.0,90.0,0
C3053,31.0,Male,134605.0,Loyal,4.0,15.0,15.0,48.0,6.0,7.0,48.0,0
C3054,52.0,Male,108738.0,New,4.0,17.0,1.0,3.0,10.0,5.0,161.0,1
C3055,37.0,Female,20684.0,Regular,12.0,12.0,9.0,16.0,0.0,1.0,165.0,1
C3056,30.0,Male,148140.0,New,2.0,11.0,1.0,15.0,7.0,0.0,134.0,0
C3057,55.0,Female,122537.0,Regular,1.0,19.0,14.0,25.0,3.0,0.0,123.0,0
C3058,25.0,Male,135265.0,New,5.0,11.0,15.0,33.0,8.0,6.0,117.0,0
C3059,60.0,Female,131301.0,Regular,10.0,2.0,5.0,14.0,10.0,5.0,81.0,0
C3060,37.0,Female,28007.0,Regular,0.0,15.0,1.0,24.0,10.0,2.0,171.0,1
C3061,50.0,Male,134915.0,Loyal,14.0,5.0,5.0,54.0,5.0,3.0,100.0,1
C3062,43.0,Male,120632.0,Loyal,14.0,18.0,5.0,11.0,0.0,6.0,178.0,0
C3063,56.0,Female,137419.0,New,13.0,16.0,7.0,3.0,1.0,3.0,174.0,1
C3064,38.0,Female,61787.0,Regular,6.0,4.0,7.0,9.0,2.0,0.0,73.0,0
C3065,59.0,Female,69582.0,New,14.0,10.0,11.0,6.0,1.0,0.0,28.0,1
C3066,60.0,Male,94791.0,New,4.0,2.0,10.0,31.0,9.0,3.0,11.0,1
C3067,58.0,Male,117798.0,New,3.0,15.0,1.0,55.0,6.0,3.0,148.0,1
C3068,26.0,Male,103629.0,Loyal,8.0,4.0,9.0,16.0,0.0,7.0,87.0,1
C3069,41.0,Male,25782.0,Loyal,9.0,16.0,1.0,11.0,8.0,2.0,158.0,0
C3070,54.0,Female,86770.0,New,15.0,7.0,5.0,50.0,1.0,3.0,101.0,1
C3071,58.0,Female,77645.0,New,0.0,12.0,7.0,17.0,3.0,1.0,36.0,1
C3072,34.0,Female,123509.0,New,10.0,3.0,12.0,49.0,7.0,3.0,100.0,0
C3073,41.0,Female,119724.0,Regular,14.0,17.0,8.0,3.0,10.0,4.0,119.0,1
C3074,38.0,Male,51996.0,Regular,3.0,9.0,2.0,59.0,2.0,3.0,98.0,0
C3075,56.0,Female,49204.0,New,15.0,8.0,14.0,19.0,8.0,0.0,88.0,0
C3076,58.0,Female,37152.0,Loyal,2.0,6.0,1.0,24.0,6.0,0.0,36.0,1
C3077,56.0,Male,75186.0,Regular,5.0,15.0,4.0,55.0,9.0,6.0,58.0,1
C3078,30.0,Male,127900.0,Loyal,4.0,10.0,12.0,47.0,2.0,7.0,28.0,1
C3079,28.0,Female,110555.0,Regular,6.0,6.0,15.0,42.0,2.0,4.0,39.0,0
C3080,36.0,Male,105024.0,Regular,12.0,15.0,4.0,8.0,4.0,1.0,66.0,1
C3081,28.0,Female,122659.0,Loyal,0.0,14.0,10.0,49.0,4.0,3.0,171.0,1
C3082,30.0,Male,39689.0,Loyal,12.0,19.0,12.0,36.0,9.0,3.0,5.0,1
C3083,18.0,Male,70690.0,New,4.0,13.0,6.0,40.0,4.0,4.0,141.0,1
C3084,57.0,Female,114042.0,Regular,13.0,14.0,1.0,58.0,8.0,6.0,9.0,1
C3085,36.0,Male,103251.0,Loyal,1.0,3.0,14.0,2.0,8.0,2.0,103.0,0
C3086,29.0,Female,77320.0,New,1.0,4.0,1.0,23.0,5.0,7.0,57.0,1
C3087,25.0,Male,84226.0,New,10.0,14.0,3.0,40.0,10.0,7.0,27.0,1
C3088,25.0,Male,76091.0,Regular,14.0,14.0,5.0,30.0,10.0,2.0,103.0,0
C3089,29.0,Male,126565.0,Loyal,10.0,8.0,12.0,25.0,6.0,6.0,178.0,0
C3090,50.0,Male,99301.0,Loyal,1.0,10.0,6.0,7.0,9.0,1.0,82.0,0
C3091,43.0,Male,41942.0,Loyal,8.0,9.0,5.0,28.0,7.0,3.0,162.0,0
C3092,56.0,Female,58712.0,Regular,9.0,14.0,13.0,41.0,8.0,3.0,85.0,1
C3093,45.0,Male,146315.0,New,2.0,8.0,13.0,50.0,5.0,3.0,65.0,1
C3094,22.0,Female,125430.0,Regular,3.0,11.0,13.0,59.0,7.0,6.0,173.0,0
C3095,25.0,Male,85277.0,Loyal,14.0,10.0,5.0,17.0,1.0,0.0,87.0,0
C3096,42.0,Female,69632.0,New,4.0,18.0,9.0,32.0,9.0,5.0,34.0,1
C3097,44.0,Male,58031.0,New,13.0,4.0,2.0,1.0,7.0,2.0,100.0,1
C3098,40.0,Female,40478.0,New,3.0,4.0,12.0,27.0,10.0,6.0,136.0,1
C3099,47.0,Female,42551.0,Regular,3.0,12.0,12.0,44.0,1.0,5.0,94.0,1
C3100,40.0,Male,68068.0,Loyal,4.0,18.0,1.0,36.0,7.0,7.0,48.0,1
C3101,37.0,Male,113608.0,Regular,9.0,8.0,6.0,49.0,1.0,4.0,164.0,1
C3102,35.0,Male,55561.0,Loyal,15.0,3.0,9.0,7.0,2.0,5.0,100.0,0
C3103,35.0,Female,22892.0,New,14.0,18.0,7.0,56.0,6.0,0.0,82.0,1
C3104,19.0,Female,119502.0,Loyal,8.0,7.0,8.0,3.0,10.0,7.0,117.0,1
C3105,21.0,Male,44395.0,Loyal,11.0,1.0,5.0,30.0,8.0,0.0,11.0,0
C3106,47.0,Male,38756.0,Regular,8.0,13.0,10.0,1.0,2.0,7.0,52.0,1
C3107,50.0,Female,136580.0,Loyal,13.0,3.0,4.0,51.0,4.0,2.0,164.0,0
C3108,53.0,Female,107710.0,New,13.0,3.0,6.0,34.0,8.0,3.0,31.0,1
C3109,35.0,Male,54651.0,Loyal,5.0,15.0,3.0,38.0,6.0,1.0,24.0,1
C3110,54.0,Female,140155.0,Loyal,10.0,19.0,1.0,43.0,1.0,5.0,149.0,0
C3111,36.0,Male,86333.0,Loyal,11.0,4.0,11.0,55.0,4.0,7.0,96.0,1
C3112,45.0,Male,93745.0,Regular,13.0,13.0,4.0,57.0,4.0,7.0,158.0,0
C3113,57.0,Male,126539.0,New,2.0,13.0,9.0,53.0,8.0,6.0,121.0,0
C3114,37.0,Female,69306.0,Regular,5.0,15.0,4.0,36.0,1.0,6.0,72.0,1
C3115,50.0,Female,41346.0,Regular,9.0,19.0,1.0,33.0,0.0,7.0,97.0,0
C3116,29.0,Female,133561.0,Loyal,3.0,16.0,14.0,43.0,3.0,4.0,115.0,0
C3117,32.0,Female,48024.0,Loyal,2.0,7.0,4.0,16.0,3.0,2.0,64.0,0
C3118,58.0,Male,114950.0,Loyal,5.0,3.0,7.0,38.0,0.0,1.0,127.0,0
C3119,56.0,Female,138768.0,New,14.0,20.0,3.0,11.0,9.0,2.0,117.0,0
C3120,19.0,Male,60818.0,Loyal,10.0,2.0,10.0,8.0,6.0,2.0,39.0,1
C3121,46.0,Male,25947.0,Loyal,5.0,18.0,6.0,52.0,1.0,2.0,129.0,1
C3122,58.0,Male,95153.0,Loyal,1.0,11.0,15.0,1.0,10.0,2.0,97.0,0
C3123,27.0,Female,106240.0,New,8.0,1.0,14.0,14.0,8.0,3.0,170.0,0
C3124,19.0,Male,147192.0,New,7.0,16.0,1.0,30.0,6.0,6.0,77.0,1
C3125,28.0,Male,146519.0,New,5.0,17.0,11.0,21.0,6.0,0.0,5.0,0
C3126,30.0,Female,114238.0,Regular,0.0,16.0,4.0,58.0,0.0,6.0,140.0,0
C3127,27.0,Male,87428.0,Regular,11.0,10.0,3.0,21.0,8.0,6.0,157.0,1
C3128,31.0,Female,49754.0,Loyal,1.0,17.0,14.0,34.0,9.0,5.0,3.0,1
C3129,35.0,Female,83355.0,Regular,14.0,3.0,1.0,38.0,8.0,2.0,61.0,0
C3130,26.0,Female,78241.0,Regular,3.0,18.0,3.0,26.0,1.0,1.0,179.0,0
C3131,56.0,Male,88960.0,Regular,6.0,19.0,15.0,41.0,9.0,5.0,164.0,0
C3132,45.0,Female,149958.0,Loyal,8.0,14.0,4.0,14.0,8.0,7.0,111.0,1
C3133,20.0,Female,147420.0,Loyal,9.0,2.0,5.0,54.0,1.0,1.0,75.0,0
C3134,37.0,Female,127754.0,Loyal,4.0,12.0,6.0,40.0,1.0,1.0,130.0,0
C3135,23.0,Female,33418.0,Regular,9.0,11.0,2.0,58.0,7.0,0.0,29.0,0
C3136,44.0,Male,115422.0,Regular,1.0,17.0,2.0,35.0,2.0,0.0,41.0,0
C3137,19.0,Female,120319.0,Loyal,14.0,6.0,6.0,42.0,2.0,1.0,29.0,1
C3138,46.0,Male,108593.0,Regular,12.0,19.0,5.0,18.0,6.0,3.0,100.0,1
C3139,55.0,Female,75184.0,New,10.0,13.0,1.0,20.0,9.0,0.0,64.0,1
C3140,20.0,Male,24833.0,New,10.0,7.0,3.0,60.0,5.0,0.0,58.0,0
C3141,33.0,Female,95430.0,New,10.0,11.0,11.0,9.0,6.0,3.0,138.0,0
C3142,47.0,Male,134246.0,Regular,0.0,7.0,5.0,41.0,5.0,2.0,11.0,0
C3143,57.0,Female,61833.0,New,9.0,13.0,15.0,51.0,8.0,0.0,135.0,1
C3144,19.0,Male,20565.0,New,13.0,13.0,13.0,60.0,1.0,5.0,77.0,1
C3145,34.0,Male,60180.0,New,12.0,1.0,12.0,45.0,7.0,1.0,108.0,1
C3146,58.0,Male,38402.0,Regular,13.0,19.0,12.0,33.0,10.0,1.0,94.0,1
C3147,29.0,Female,62845.0,Regular,0.0,19.0,2.0,49.0,5.0,3.0,86.0,1
C3148,52.0,Male,95851.0,Regular,4.0,15.0,1.0,4.0,3.0,1.0,65.0,0
C3149,60.0,Male,32834.0,New,13.0,14.0,9.0,4.0,5.0,6.0,27.0,0
C3150,18.0,Male,87850.0,New,15.0,3.0,15.0,59.0,5.0,7.0,135.0,1
C3151,32.0,Male,57180.0,Regular,6.0,20.0,5.0,48.0,9.0,4.0,65.0,1
C3152,43.0,Female,23883.0,Regular,8.0,4.0,2.0,60.0,2.0,7.0,58.0,0
C3153,54.0,Male,129688.0,New,8.0,7.0,10.0,16.0,7.0,1.0,25.0,0
C3154,38.0,Male,95587.0,New,7.0,1.0,4.0,47.0,4.0,3.0,48.0,1
C3155,48.0,Male,126520.0,Loyal,0.0,19.0,3.0,26.0,10.0,7.0,4.0,1
C3156,42.0,Female,31695.0,Regular,4.0,3.0,7.0,6.0,9.0,3.0,136.0,0
C3157,40.0,Male,147135.0,New,5.0,20.0,1.0,37.0,10.0,3.0,115.0,0
C3158,41.0,Male,43123.0,New,5.0,15.0,15.0,22.0,3.0,6.0,4.0,1
C3159,55.0,Male,78481.0,Loyal,3.0,13.0,10.0,42.0,1.0,7.0,136.0,1
C3160,45.0,Male,93438.0,Regular,0.0,14.0,12.0,39.0,9.0,5.0,90.0,1
C3161,38.0,Female,131491.0,Regular,2.0,7.0,12.0,7.0,0.0,4.0,16.0,0
C3162,60.0,Male,149525.0,Regular,9.0,1.0,4.0,42.0,6.0,6.0,147.0,0
C3163,35.0,Male,37573.0,Loyal,14.0,13.0,7.0,30.0,9.0,7.0,129.0,1
C3164,53.0,Female,141844.0,Loyal,14.0,4.0,11.0,10.0,10.0,0.0,101.0,0
C3165,52.0,Female,114910.0,Regular,3.0,12.0,10.0,57.0,2.0,2.0,162.0,1
C3166,26.0,Female,76494.0,Regular,3.0,7.0,13.0,15.0,2.0,1.0,112.0,1
C3167,55.0,Male,32288.0,New,12.0,2.0,5.0,6.0,2.0,5.0,45.0,1
C3168,47.0,Female,66978.0,Loyal,3.0,17.0,4.0,24.0,9.0,0.0,63.0,1
C3169,51.0,Male,92420.0,Regular,13.0,1.0,4.0,2.0,2.0,3.0,94.0,1
C3170,49.0,Female,137845.0,New,4.0,14.0,11.0,40.0,1.0,0.0,134.0,0
C3171,20.0,Male,96095.0,Loyal,12.0,1.0,12.0,57.0,5.0,6.0,36.0,1
C3172,20.0,Female,74672.0,Loyal,14.0,3.0,14.0,52.0,9.0,0.0,121.0,1
C3173,45.0,Male,81821.0,Loyal,14.0,11.0,2.0,15.0,2.0,4.0,103.0,0
C3174,32.0,Female,103661.0,Loyal,10.0,7.0,8.0,53.0,0.0,3.0,66.0,0
C3175,58.0,Male,89224.0,Loyal,8.0,9.0,12.0,21.0,9.0,5.0,119.0,0
C3176,40.0,Male,109405.0,New,15.0,3.0,4.0,18.0,8.0,7.0,8.0,0
C3177,57.0,Male,132418.0,Loyal,15.0,1.0,2.0,5.0,5.0,5.0,27.0,1
C3178,28.0,Male,123673.0,Loyal,3.0,19.0,9.0,25.0,5.0,3.0,34.0,1
C3179,49.0,Male,74796.0,New,8.0,2.0,14.0,36.0,9.0,1.0,28.0,1
C3180,53.0,Male,64706.0,New,8.0,5.0,14.0,10.0,8.0,7.0,159.0,1
C3181,50.0,Male,148554.0,Loyal,0.0,17.0,13.0,51.0,1.0,5.0,145.0,0
C3182,41.0,Male,143777.0,New,4.0,19.0,12.0,46.0,9.0,5.0,108.0,0
C3183,56.0,Female,24023.0,Loyal,8.0,5.0,10.0,23.0,8.0,1.0,123.0,1
C3184,51.0,Male,134286.0,New,3.0,14.0,13.0,24.0,2.0,1.0,9.0,0
C3185,45.0,Male,102636.0,New,4.0,10.0,7.0,45.0,2.0,7.0,57.0,1
C3186,54.0,Female,56735.0,Regular,3.0,7.0,15.0,10.0,2.0,6.0,45.0,0
C3187,24.0,Male,92959.0,New,12.0,8.0,3.0,54.0,0.0,5.0,134.0,1
C3188,21.0,Female,59218.0,Regular,15.0,8.0,15.0,6.0,9.0,5.0,142.0,0
C3189,54.0,Male,32213.0,Regular,1.0,7.0,7.0,13.0,6.0,5.0,159.0,0
C3190,18.0,Female,121519.0,New,9.0,13.0,1.0,21.0,9.0,1.0,11.0,0
C3191,18.0,Female,142513.0,New,15.0,14.0,12.0,32.0,6.0,5.0,69.0,0
C3192,37.0,Male,118694.0,Regular,1.0,19.0,1.0,43.0,1.0,0.0,95.0,1
C3193,36.0,Female,48460.0,New,1.0,11.0,4.0,54.0,5.0,0.0,130.0,0
C3194,46.0,Male,144579.0,Loyal,15.0,2.0,4.0,57.0,3.0,1.0,103.0,1
C3195,27.0,Male,84680.0,Regular,12.0,17.0,4.0,15.0,10.0,1.0,17.0,1
C3196,35.0,Male,137725.0,New,0.0,6.0,9.0,2.0,6.0,1.0,110.0,0
C3197,45.0,Male,51017.0,Regular,15.0,9.0,6.0,58.0,6.0,2.0,36.0,1
C3198,52.0,Female,118536.0,New,2.0,19.0,3.0,59.0,3.0,7.0,131.0,1
C3199,60.0,Male,112038.0,New,14.0,5.0,6.0,15.0,2.0,1.0,43.0,1
C3200,48.0,Female,50990.0,New,13.0,9.0,2.0,51.0,6.0,6.0,93.0,0
C3201,44.0,Female,39515.0,Loyal,10.0,7.0,2.0,17.0,8.0,2.0,33.0,0
C3202,28.0,Male,49991.0,Loyal,9.0,4.0,7.0,20.0,3.0,1.0,102.0,1
C3203,55.0,Male,27634.0,Loyal,0.0,18.0,14.0,50.0,5.0,3.0,29.0,1
C3204,22.0,Male,97034.0,Regular,3.0,18.0,3.0,6.0,6.0,4.0,151.0,0
C3205,25.0,Male,96452.0,New,0.0,20.0,7.0,15.0,9.0,5.0,81.0,0
C3206,51.0,Female,49377.0,Regular,3.0,17.0,3.0,17.0,2.0,5.0,177.0,0
C3207,29.0,Male,53001.0,Regular,2.0,4.0,12.0,56.0,4.0,0.0,75.0,0
C3208,55.0,Female,21391.0,Loyal,8.0,16.0,12.0,26.0,0.0,3.0,156.0,0
C3209,18.0,Male,85206.0,New,0.0,5.0,2.0,22.0,5.0,4.0,109.0,1
C3210,48.0,Male,129388.0,New,13.0,9.0,4.0,9.0,4.0,5.0,104.0,1
C3211,21.0,Male,62215.0,Regular,7.0,2.0,15.0,12.0,6.0,5.0,72.0,0
C3212,22.0,Male,99720.0,Loyal,10.0,2.0,4.0,22.0,8.0,2.0,25.0,0
C3213,47.0,Female,47114.0,Loyal,8.0,4.0,3.0,58.0,10.0,0.0,135.0,0
C3214,41.0,Female,31882.0,Regular,11.0,20.0,9.0,23.0,3.0,2.0,121.0,1
C3215,20.0,Male,133142.0,Loyal,6.0,20.0,6.0,37.0,8.0,6.0,75.0,1
C3216,28.0,Female,37273.0,Regular,0.0,17.0,5.0,14.0,5.0,6.0,162.0,1
C3217,21.0,Female,126206.0,Loyal,3.0,20.0,13.0,24.0,4.0,2.0,150.0,0
C3218,43.0,Male,65647.0,Loyal,9.0,19.0,12.0,8.0,1.0,0.0,67.0,0
C3219,44.0,Male,102665.0,Loyal,0.0,3.0,12.0,26.0,0.0,4.0,178.0,1
C3220,60.0,Female,84892.0,Regular,3.0,5.0,6.0,32.0,7.0,0.0,176.0,0
C3221,44.0,Female,62679.0,New,14.0,10.0,13.0,57.0,5.0,1.0,104.0,1
C3222,59.0,Female,20427.0,Regular,2.0,6.0,11.0,28.0,6.0,7.0,119.0,0
C3223,23.0,Female,116952.0,Regular,1.0,3.0,8.0,32.0,5.0,2.0,70.0,0
C3224,32.0,Male,149669.0,Loyal,0.0,17.0,5.0,22.0,9.0,1.0,57.0,0
C3225,47.0,Male,86267.0,New,5.0,10.0,13.0,49.0,6.0,0.0,153.0,0
C3226,59.0,Female,20799.0,New,11.0,12.0,15.0,9.0,8.0,0.0,66.0,0
C3227,54.0,Male,75659.0,Loyal,6.0,1.0,13.0,3.0,4.0,5.0,144.0,1
C3228,54.0,Female,114409.0,New,5.0,18.0,4.0,25.0,0.0,6.0,58.0,1
C3229,59.0,Female,27025.0,Regular,8.0,19.0,7.0,39.0,0.0,4.0,117.0,1
C3230,54.0,Male,34481.0,Regular,11.0,20.0,12.0,12.0,8.0,2.0,169.0,0
C3231,52.0,Female,45411.0,Regular,8.0,4.0,14.0,29.0,4.0,6.0,51.0,0
C3232,40.0,Female,116894.0,New,1.0,15.0,5.0,3.0,10.0,3.0,21.0,1
C3233,23.0,Male,125928.0,Loyal,14.0,9.0,4.0,41.0,1.0,0.0,79.0,1
C3234,21.0,Male,143014.0,Regular,14.0,6.0,14.0,46.0,2.0,5.0,56.0,1
C3235,35.0,Female,34961.0,Loyal,1.0,12.0,5.0,23.0,0.0,3.0,98.0,0
C3236,26.0,Female,41767.0,Regular,8.0,18.0,11.0,23.0,5.0,2.0,47.0,0
C3237,46.0,Male,140895.0,New,0.0,15.0,4.0,55.0,5.0,1.0,118.0,0
C3238,30.0,Female,71690.0,New,4.0,19.0,8.0,18.0,2.0,7.0,171.0,0
C3239,34.0,Female,72870.0,New,0.0,9.0,8.0,11.0,2.0,7.0,84.0,0
C3240,49.0,Male,126536.0,Regular,6.0,13.0,1.0,36.0,6.0,7.0,108.0,0
C3241,39.0,Male,56135.0,New,8.0,16.0,14.0,26.0,0.0,2.0,31.0,0
C3242,21.0,Male,84514.0,Regular,5.0,13.0,12.0,8.0,4.0,6.0,15.0,0
C3243,22.0,Male,106928.0,Regular,13.0,1.0,3.0,28.0,2.0,4.0,176.0,1
C3244,54.0,Male,148705.0,New,1.0,18.0,11.0,18.0,4.0,3.0,62.0,0
C3245,58.0,Male,98798.0,New,5.0,3.0,4.0,13.0,10.0,5.0,70.0,0
C3246,30.0,Female,90765.0,Loyal,8.0,17.0,2.0,36.0,3.0,6.0,131.0,0
C3247,51.0,Female,43772.0,Loyal,2.0,5.0,14.0,42.0,5.0,3.0,166.0,1
C3248,39.0,Male,38799.0,New,15.0,6.0,13.0,40.0,8.0,1.0,87.0,0
C3249,40.0,Male,132051.0,New,8.0,17.0,5.0,44.0,1.0,6.0,58.0,1
C3250,20.0,Female,149941.0,Loyal,7.0,17.0,11.0,51.0,9.0,5.0,45.0,0
C3251,59.0,Female,43555.0,New,14.0,1.0,8.0,12.0,7.0,1.0,172.0,1
C3252,51.0,Female,112152.0,Loyal,12.0,7.0,12.0,22.0,1.0,0.0,8.0,1
C3253,49.0,Male,147219.0,New,11.0,16.0,2.0,60.0,3.0,6.0,127.0,1
C3254,38.0,Male,39333.0,Loyal,6.0,5.0,14.0,2.0,8.0,2.0,66.0,1
C3255,38.0,Female,24261.0,Regular,7.0,16.0,9.0,56.0,3.0,6.0,71.0,0
C3256,28.0,Male,139833.0,Loyal,9.0,4.0,13.0,40.0,6.0,6.0,17.0,1
C3257,56.0,Male,89002.0,Regular,5.0,11.0,7.0,28.0,10.0,4.0,71.0,1
C3258,21.0,Male,66553.0,Regular,2.0,14.0,6.0,13.0,4.0,0.0,97.0,1
C3259,18.0,Female,23088.0,New,6.0,13.0,8.0,33.0,1.0,7.0,36.0,0
C3260,45.0,Female,65783.0,New,3.0,8.0,14.0,3.0,7.0,2.0,68.0,0
C3261,41.0,Male,21115.0,Loyal,10.0,20.0,2.0,34.0,10.0,1.0,108.0,0
C3262,52.0,Male,90114.0,Regular,9.0,15.0,14.0,23.0,9.0,4.0,21.0,0
C3263,30.0,Male,88126.0,Loyal,13.0,18.0,5.0,55.0,9.0,1.0,46.0,0
C3264,51.0,Male,92908.0,Regular,4.0,7.0,4.0,32.0,1.0,5.0,174.0,0
C3265,28.0,Male,89109.0,Loyal,7.0,19.0,8.0,20.0,2.0,1.0,92.0,0
C3266,53.0,Female,22978.0,Regular,14.0,9.0,13.0,28.0,9.0,7.0,107.0,0
C3267,34.0,Male,128943.0,Loyal,6.0,11.0,1.0,60.0,6.0,3.0,124.0,0
C3268,52.0,Male,29422.0,Loyal,6.0,10.0,12.0,8.0,4.0,2.0,16.0,0
C3269,35.0,Male,63626.0,Regular,7.0,14.0,3.0,3.0,9.0,0.0,150.0,0
C3270,57.0,Female,109233.0,Loyal,9.0,16.0,10.0,30.0,10.0,6.0,134.0,1
C3271,39.0,Female,76174.0,Loyal,2.0,8.0,8.0,25.0,2.0,3.0,45.0,0
C3272,41.0,Male,116356.0,New,2.0,1.0,5.0,53.0,1.0,7.0,156.0,0
C3273,36.0,Female,57743.0,Regular,1.0,12.0,4.0,30.0,10.0,5.0,145.0,0
C3274,54.0,Female,90461.0,New,14.0,3.0,6.0,29.0,5.0,2.0,164.0,0
C3275,56.0,Female,77199.0,Loyal,0.0,2.0,12.0,47.0,9.0,5.0,12.0,1
C3276,38.0,Female,149000.0,New,9.0,16.0,5.0,30.0,0.0,7.0,50.0,1
C3277,25.0,Female,142778.0,New,5.0,4.0,3.0,34.0,7.0,2.0,59.0,1
C3278,45.0,Female,49430.0,Regular,5.0,2.0,13.0,25.0,4.0,2.0,104.0,0
C3279,22.0,Male,48834.0,Regular,12.0,12.0,11.0,17.0,4.0,4.0,12.0,1
C3280,34.0,Female,44435.0,Loyal,9.0,17.0,14.0,59.0,1.0,3.0,40.0,1
C3281,54.0,Female,107212.0,Loyal,11.0,20.0,5.0,24.0,6.0,7.0,93.0,1
C3282,53.0,Male,75797.0,Regular,7.0,10.0,4.0,38.0,4.0,0.0,130.0,0
C3283,36.0,Male,63554.0,New,15.0,20.0,1.0,28.0,7.0,3.0,93.0,0
C3284,44.0,Male,74555.0,Regular,13.0,8.0,1.0,33.0,4.0,5.0,108.0,1
C3285,51.0,Male,105350.0,Regular,5.0,18.0,14.0,36.0,8.0,1.0,153.0,0
C3286,28.0,Female,34716.0,Regular,5.0,18.0,15.0,51.0,4.0,5.0,85.0,1
C3287,29.0,Female,80261.0,Regular,0.0,18.0,7.0,7.0,2.0,2.0,74.0,1
C3288,38.0,Female,47528.0,Regular,11.0,2.0,4.0,23.0,1.0,1.0,127.0,0
C3289,28.0,Female,21995.0,Regular,6.0,12.0,1.0,54.0,4.0,3.0,31.0,1
C3290,56.0,Male,42414.0,Loyal,6.0,10.0,6.0,46.0,9.0,0.0,175.0,0
C3291,45.0,Female,33844.0,Regular,9.0,8.0,11.0,26.0,9.0,1.0,105.0,0
C3292,22.0,Female,56659.0,Loyal,8.0,19.0,12.0,14.0,4.0,1.0,98.0,0
C3293,34.0,Male,35522.0,Regular,13.0,10.0,15.0,42.0,5.0,6.0,103.0,1
C3294,37.0,Female,125449.0,New,14.0,11.0,11.0,28.0,1.0,7.0,41.0,0
C3295,58.0,Female,149632.0,Loyal,11.0,14.0,12.0,24.0,4.0,4.0,178.0,0
C3296,29.0,Female,94034.0,Regular,6.0,15.0,11.0,7.0,0.0,3.0,151.0,0
C3297,23.0,Female,62322.0,New,7.0,10.0,11.0,48.0,2.0,1.0,12.0,0
C3298,34.0,Male,87638.0,Regular,3.0,4.0,1.0,36.0,2.0,3.0,71.0,0
C3299,36.0,Male,121334.0,Regular,8.0,7.0,8.0,39.0,2.0,0.0,96.0,1
C3300,43.0,Male,28524.0,Loyal,14.0,11.0,12.0,15.0,2.0,1.0,22.0,0
C3301,49.0,Male,50846.0,Regular,13.0,3.0,13.0,49.0,7.0,7.0,56.0,0
C3302,23.0,Male,93643.0,Regular,0.0,5.0,9.0,3.0,0.0,0.0,16.0,1
C3303,53.0,Female,80096.0,New,7.0,2.0,11.0,48.0,5.0,5.0,179.0,0
C3304,55.0,Female,134930.0,Regular,2.0,12.0,3.0,2.0,5.0,1.0,134.0,0
C3305,28.0,Male,103804.0,Loyal,13.0,5.0,7.0,7.0,0.0,7.0,2.0,1
C3306,50.0,Male,67703.0,Loyal,0.0,7.0,13.0,57.0,0.0,6.0,62.0,0
C3307,41.0,Male,44399.0,New,1.0,4.0,15.0,16.0,2.0,2.0,123.0,0
C3308,40.0,Female,95160.0,New,14.0,11.0,5.0,21.0,7.0,4.0,42.0,0
C3309,32.0,Male,112662.0,Regular,5.0,9.0,3.0,9.0,5.0,7.0,117.0,0
C3310,44.0,Female,108667.0,Regular,4.0,4.0,5.0,12.0,3.0,4.0,117.0,0
C3311,28.0,Female,143182.0,Loyal,13.0,9.0,10.0,29.0,4.0,7.0,43.0,1
C3312,34.0,Female,68591.0,Regular,2.0,12.0,7.0,24.0,9.0,4.0,52.0,0
C3313,31.0,Female,40714.0,Regular,8.0,16.0,7.0,33.0,2.0,0.0,123.0,0
C3314,44.0,Male,126167.0,Loyal,7.0,1.0,9.0,14.0,10.0,3.0,148.0,0
C3315,35.0,Female,55877.0,Regular,12.0,8.0,8.0,43.0,10.0,6.0,56.0,1
C3316,45.0,Female,104106.0,New,2.0,1.0,4.0,18.0,5.0,4.0,67.0,0
C3317,21.0,Male,98018.0,Regular,1.0,20.0,15.0,54.0,5.0,7.0,59.0,0
C3318,24.0,Female,119854.0,Loyal,7.0,19.0,5.0,5.0,5.0,7.0,48.0,0
C3319,52.0,Female,79136.0,Loyal,15.0,4.0,5.0,15.0,8.0,7.0,35.0,1
C3320,26.0,Female,53414.0,Regular,13.0,14.0,10.0,59.0,9.0,5.0,136.0,0
C3321,25.0,Male,140832.0,Regular,14.0,14.0,12.0,7.0,10.0,7.0,76.0,1
C3322,34.0,Female,106576.0,Loyal,4.0,9.0,2.0,25.0,7.0,7.0,32.0,0
C3323,34.0,Female,98943.0,Regular,14.0,9.0,12.0,14.0,5.0,1.0,45.0,0
C3324,50.0,Male,143592.0,Regular,15.0,17.0,7.0,52.0,1.0,1.0,85.0,1
C3325,49.0,Male,65468.0,Loyal,8.0,15.0,7.0,40.0,3.0,2.0,123.0,1
C3326,25.0,Female,118841.0,Loyal,0.0,10.0,9.0,36.0,5.0,7.0,102.0,1
C3327,36.0,Female,99702.0,Regular,9.0,17.0,13.0,35.0,8.0,0.0,27.0,0
C3328,55.0,Male,92108.0,Regular,2.0,9.0,9.0,44.0,10.0,1.0,119.0,0
C3329,20.0,Female,118538.0,Regular,4.0,4.0,4.0,50.0,1.0,1.0,3.0,0
C3330,22.0,Male,112508.0,New,1.0,14.0,5.0,24.0,5.0,6.0,57.0,1
C3331,30.0,Female,66835.0,Loyal,2.0,3.0,7.0,15.0,9.0,2.0,148.0,0
C3332,48.0,Male,83333.0,Regular,3.0,12.0,10.0,11.0,10.0,2.0,121.0,0
C3333,33.0,Female,62464.0,Loyal,3.0,1.0,15.0,24.0,9.0,3.0,169.0,0
C3334,49.0,Male,132454.0,New,10.0,1.0,7.0,11.0,9.0,3.0,1.0,1
C3335,39.0,Male,42923.0,Regular,8.0,13.0,11.0,44.0,6.0,3.0,74.0,0
C3336,46.0,Male,136062.0,New,0.0,14.0,10.0,51.0,7.0,1.0,109.0,1
C3337,39.0,Male,81855.0,Loyal,11.0,16.0,11.0,17.0,8.0,2.0,132.0,1
C3338,60.0,Male,87445.0,Regular,15.0,7.0,8.0,6.0,4.0,5.0,71.0,0
C3339,20.0,Female,143795.0,Regular,8.0,10.0,8.0,21.0,8.0,0.0,10.0,0
C3340,27.0,Female,130454.0,New,14.0,15.0,2.0,8.0,8.0,3.0,127.0,1
C3341,59.0,Male,141906.0,New,15.0,8.0,12.0,15.0,10.0,5.0,157.0,0
C3342,38.0,Female,118384.0,New,8.0,11.0,9.0,54.0,6.0,4.0,15.0,1
C3343,33.0,Female,87619.0,New,10.0,14.0,11.0,52.0,1.0,1.0,19.0,0
C3344,29.0,Female,66146.0,Regular,5.0,13.0,4.0,32.0,7.0,0.0,110.0,0
C3345,19.0,Female,80032.0,Regular,10.0,13.0,1.0,58.0,4.0,1.0,46.0,0
C3346,58.0,Female,133521.0,Regular,0.0,9.0,1.0,10.0,10.0,5.0,18.0,0
C3347,41.0,Female,136378.0,Regular,10.0,17.0,5.0,28.0,7.0,3.0,106.0,1
C3348,52.0,Male,37140.0,New,12.0,18.0,7.0,15.0,1.0,5.0,3.0,0
C3349,47.0,Female,22670.0,New,11.0,19.0,5.0,12.0,6.0,5.0,70.0,0
C3350,47.0,Female,56519.0,New,5.0,13.0,15.0,43.0,4.0,6.0,22.0,1
C3351,52.0,Female,64512.0,Loyal,7.0,12.0,13.0,18.0,3.0,1.0,55.0,0
C3352,36.0,Male,77811.0,Regular,15.0,20.0,3.0,56.0,9.0,3.0,118.0,0
C3353,25.0,Female,123565.0,New,4.0,20.0,11.0,37.0,5.0,1.0,41.0,0
C3354,43.0,Female,34691.0,New,4.0,8.0,7.0,44.0,4.0,3.0,110.0,0
C3355,57.0,Female,125156.0,Loyal,0.0,11.0,1.0,24.0,5.0,6.0,117.0,1
C3356,24.0,Male,54262.0,Regular,0.0,7.0,11.0,37.0,8.0,7.0,136.0,1
C3357,47.0,Female,74892.0,Regular,7.0,1.0,1.0,54.0,0.0,2.0,65.0,0
C3358,24.0,Male,45595.0,Regular,12.0,10.0,12.0,29.0,10.0,2.0,131.0,0
C3359,20.0,Female,77207.0,New,4.0,15.0,2.0,10.0,0.0,6.0,157.0,1
C3360,18.0,Male,148590.0,Loyal,7.0,4.0,1.0,14.0,5.0,6.0,70.0,0
C3361,53.0,Male,135589.0,Loyal,9.0,1.0,9.0,16.0,1.0,6.0,18.0,1
C3362,42.0,Male,53440.0,Regular,1.0,11.0,4.0,37.0,7.0,7.0,117.0,0
C3363,54.0,Female,28630.0,Loyal,14.0,5.0,7.0,11.0,6.0,6.0,1.0,1
C3364,18.0,Male,51250.0,Loyal,3.0,19.0,5.0,51.0,5.0,2.0,22.0,0
C3365,32.0,Male,114334.0,New,12.0,19.0,14.0,26.0,3.0,2.0,95.0,1
C3366,54.0,Male,149228.0,Regular,10.0,4.0,7.0,40.0,8.0,6.0,151.0,1
C3367,30.0,Male,128572.0,New,13.0,2.0,13.0,19.0,6.0,2.0,136.0,0
C3368,57.0,Female,118748.0,New,9.0,7.0,13.0,52.0,6.0,4.0,157.0,1
C3369,25.0,Female,127461.0,Regular,15.0,13.0,15.0,54.0,4.0,1.0,172.0,0
C3370,22.0,Female,97518.0,New,8.0,20.0,7.0,18.0,0.0,5.0,115.0,0
C3371,26.0,Female,94191.0,Loyal,12.0,12.0,1.0,30.0,1.0,6.0,62.0,1
C3372,18.0,Male,84791.0,Loyal,2.0,2.0,1.0,32.0,7.0,2.0,19.0,0
C3373,53.0,Female,104118.0,New,5.0,9.0,11.0,23.0,10.0,4.0,59.0,0
C3374,52.0,Male,120591.0,Regular,10.0,16.0,3.0,53.0,4.0,6.0,124.0,0
C3375,19.0,Female,83753.0,Loyal,6.0,8.0,10.0,12.0,1.0,4.0,80.0,1
C3376,57.0,Female,130261.0,Loyal,2.0,18.0,2.0,58.0,4.0,1.0,147.0,0
C3377,40.0,Female,80520.0,Loyal,0.0,4.0,14.0,13.0,7.0,7.0,22.0,0
C3378,26.0,Male,24008.0,Regular,1.0,11.0,7.0,21.0,3.0,1.0,83.0,0
C3379,51.0,Female,64464.0,Regular,10.0,17.0,3.0,21.0,2.0,3.0,68.0,1
C3380,31.0,Female,127408.0,Regular,13.0,8.0,7.0,29.0,4.0,3.0,5.0,1
C3381,21.0,Female,20496.0,Loyal,9.0,19.0,9.0,29.0,6.0,7.0,5.0,1
C3382,47.0,Male,119767.0,Regular,6.0,8.0,12.0,50.0,1.0,2.0,153.0,0
C3383,48.0,Female,148747.0,Loyal,6.0,6.0,11.0,27.0,0.0,0.0,24.0,0
C3384,55.0,Female,43212.0,New,11.0,2.0,1.0,29.0,10.0,3.0,129.0,1
C3385,28.0,Male,40637.0,Loyal,0.0,15.0,15.0,15.0,4.0,0.0,114.0,0
C3386,52.0,Male,65227.0,Regular,9.0,1.0,3.0,47.0,6.0,5.0,28.0,1
C3387,25.0,Female,102413.0,Regular,6.0,6.0,13.0,12.0,7.0,3.0,47.0,1
C3388,20.0,Female,139753.0,Regular,14.0,19.0,11.0,58.0,10.0,5.0,85.0,1
C3389,31.0,Female,140118.0,New,9.0,4.0,15.0,41.0,7.0,4.0,19.0,0
C3390,30.0,Male,103346.0,New,10.0,13.0,15.0,19.0,9.0,4.0,87.0,0
C3391,49.0,Male,29884.0,New,15.0,15.0,6.0,12.0,8.0,5.0,142.0,1
C3392,51.0,Male,136481.0,New,5.0,9.0,15.0,23.0,10.0,4.0,70.0,1
C3393,36.0,Female,88259.0,Regular,10.0,3.0,13.0,5.0,10.0,5.0,114.0,0
C3394,55.0,Male,69810.0,Loyal,5.0,2.0,9.0,58.0,0.0,0.0,8.0,0
C3395,33.0,Female,149926.0,Regular,6.0,16.0,5.0,26.0,6.0,2.0,37.0,1
C3396,19.0,Male,24761.0,New,6.0,18.0,3.0,53.0,9.0,5.0,86.0,1
C3397,57.0,Male,93166.0,Loyal,0.0,18.0,8.0,52.0,7.0,3.0,72.0,0
C3398,34.0,Male,147342.0,Regular,9.0,6.0,13.0,10.0,5.0,3.0,125.0,0
C3399,51.0,Female,36375.0,Loyal,4.0,18.0,14.0,22.0,9.0,7.0,10.0,1
C3400,59.0,Female,127045.0,Regular,14.0,11.0,12.0,39.0,3.0,0.0,67.0,0
C3401,33.0,Female,45218.0,New,13.0,7.0,5.0,23.0,6.0,5.0,141.0,0
C3402,55.0,Female,50565.0,Regular,13.0,14.0,15.0,11.0,2.0,4.0,39.0,1
C3403,19.0,Male,122654.0,Regular,7.0,18.0,6.0,28.0,1.0,7.0,64.0,0
C3404,19.0,Female,52975.0,New,7.0,7.0,13.0,31.0,5.0,2.0,30.0,1
C3405,43.0,Male,47073.0,New,2.0,10.0,2.0,8.0,1.0,3.0,132.0,1
C3406,30.0,Female,89726.0,New,2.0,8.0,4.0,53.0,5.0,7.0,45.0,1
C3407,48.0,Female,21883.0,New,6.0,14.0,1.0,39.0,9.0,7.0,134.0,0
C3408,51.0,Male,88422.0,Regular,14.0,18.0,15.0,48.0,2.0,2.0,16.0,0
C3409,56.0,Male,69629.0,Regular,3.0,5.0,14.0,28.0,1.0,2.0,22.0,1
C3410,20.0,Female,84170.0,New,5.0,14.0,13.0,16.0,7.0,1.0,21.0,1
C3411,25.0,Female,94489.0,Regular,8.0,10.0,4.0,46.0,3.0,2.0,158.0,0
C3412,40.0,Male,28381.0,Regular,9.0,15.0,1.0,47.0,3.0,5.0,24.0,0
C3413,31.0,Male,43238.0,New,1.0,6.0,4.0,52.0,6.0,6.0,64.0,1
C3414,44.0,Male,33795.0,New,15.0,9.0,14.0,31.0,7.0,1.0,141.0,1
C3415,46.0,Male,115964.0,New,1.0,10.0,2.0,41.0,8.0,7.0,26.0,0
C3416,56.0,Male,82999.0,Regular,5.0,17.0,6.0,48.0,9.0,6.0,98.0,0
C3417,56.0,Female,69907.0,New,2.0,1.0,6.0,16.0,7.0,0.0,20.0,0
C3418,18.0,Female,29638.0,Regular,0.0,14.0,8.0,5.0,3.0,4.0,61.0,1
C3419,34.0,Female,90467.0,Regular,1.0,4.0,9.0,35.0,1.0,1.0,124.0,1
C3420,58.0,Female,62623.0,Regular,13.0,2.0,8.0,53.0,9.0,6.0,134.0,1
C3421,47.0,Male,58492.0,New,12.0,3.0,1.0,25.0,4.0,2.0,171.0,0
C3422,30.0,Male,46411.0,Regular,6.0,7.0,13.0,13.0,6.0,4.0,177.0,0
C3423,38.0,Male,130724.0,Regular,3.0,14.0,3.0,29.0,1.0,2.0,9.0,1
C3424,36.0,Female,40534.0,Loyal,11.0,12.0,6.0,27.0,3.0,2.0,128.0,0
C3425,36.0,Male,122364.0,Loyal,1.0,19.0,1.0,40.0,5.0,1.0,101.0,1
C3426,42.0,Male,49181.0,Regular,10.0,18.0,8.0,17.0,7.0,7.0,165.0,0
C3427,39.0,Female,123069.0,Regular,11.0,15.0,14.0,37.0,9.0,0.0,16.0,0
C3428,48.0,Female,39996.0,Regular,11.0,1.0,6.0,38.0,5.0,7.0,4.0,1
C3429,34.0,Female,92089.0,Loyal,7.0,3.0,1.0,29.0,5.0,6.0,32.0,0
C3430,40.0,Male,125682.0,New,3.0,15.0,10.0,58.0,5.0,2.0,84.0,0
C3431,49.0,Male,103609.0,Loyal,3.0,4.0,2.0,59.0,3.0,5.0,93.0,0
C3432,27.0,Female,136004.0,Regular,1.0,15.0,6.0,34.0,2.0,7.0,128.0,0
C3433,27.0,Female,92666.0,Regular,15.0,10.0,10.0,30.0,0.0,7.0,17.0,1
C3434,53.0,Male,49405.0,New,13.0,6.0,14.0,31.0,1.0,1.0,41.0,1
C3435,25.0,Female,121490.0,Regular,0.0,13.0,8.0,22.0,1.0,7.0,45.0,1
C3436,37.0,Male,146900.0,Regular,0.0,7.0,5.0,46.0,9.0,5.0,16.0,0
C3437,49.0,Female,91325.0,New,2.0,1.0,1.0,25.0,6.0,5.0,20.0,0
C3438,31.0,Female,48930.0,New,5.0,11.0,14.0,4.0,10.0,6.0,42.0,1
C3439,45.0,Female,134426.0,Loyal,6.0,14.0,10.0,35.0,5.0,2.0,10.0,0
C3440,41.0,Male,37529.0,Regular,12.0,6.0,2.0,41.0,7.0,6.0,52.0,0
C3441,32.0,Male,73546.0,Regular,8.0,5.0,4.0,50.0,8.0,5.0,176.0,1
C3442,39.0,Female,27942.0,New,4.0,19.0,4.0,44.0,4.0,6.0,151.0,0
C3443,47.0,Male,27548.0,Regular,8.0,19.0,7.0,9.0,10.0,4.0,33.0,1
C3444,21.0,Female,135248.0,Regular,7.0,13.0,2.0,59.0,2.0,0.0,127.0,0
C3445,30.0,Female,38296.0,Regular,0.0,7.0,7.0,26.0,3.0,2.0,153.0,0
C3446,40.0,Male,71016.0,Regular,15.0,8.0,7.0,27.0,10.0,5.0,50.0,1
C3447,25.0,Male,117780.0,Regular,15.0,14.0,7.0,27.0,7.0,0.0,101.0,0
C3448,35.0,Male,20296.0,Regular,10.0,19.0,13.0,18.0,2.0,6.0,100.0,0
C3449,29.0,Male,87945.0,New,11.0,19.0,3.0,30.0,1.0,0.0,88.0,0
C3450,48.0,Female,79980.0,Loyal,2.0,12.0,6.0,45.0,6.0,4.0,79.0,0
C3451,31.0,Male,76782.0,Regular,7.0,9.0,12.0,59.0,3.0,4.0,98.0,1
C3452,51.0,Male,54229.0,Regular,15.0,14.0,6.0,46.0,7.0,3.0,68.0,0
C3453,35.0,Female,116382.0,Regular,8.0,6.0,4.0,31.0,0.0,0.0,78.0,0
C3454,51.0,Female,73444.0,Loyal,13.0,15.0,1.0,42.0,7.0,2.0,132.0,0
C3455,28.0,Female,55036.0,New,3.0,13.0,9.0,3.0,4.0,4.0,28.0,1
C3456,58.0,Female,135682.0,New,13.0,7.0,2.0,29.0,1.0,2.0,29.0,1
C3457,29.0,Male,149114.0,Regular,13.0,11.0,9.0,7.0,0.0,0.0,82.0,0
C3458,32.0,Male,59322.0,Regular,13.0,10.0,8.0,18.0,5.0,4.0,122.0,0
C3459,48.0,Female,134695.0,Loyal,11.0,1.0,1.0,16.0,8.0,3.0,176.0,0
C3460,46.0,Female,47167.0,New,5.0,7.0,11.0,49.0,8.0,0.0,105.0,0
C3461,43.0,Male,71667.0,Loyal,3.0,18.0,7.0,57.0,8.0,2.0,72.0,0
C3462,35.0,Male,114527.0,New,12.0,3.0,13.0,32.0,10.0,7.0,110.0,1
C3463,49.0,Male,103337.0,New,15.0,9.0,10.0,38.0,3.0,3.0,113.0,1
C3464,39.0,Male,71468.0,Loyal,14.0,5.0,3.0,25.0,5.0,0.0,141.0,0
C3465,55.0,Male,92894.0,Regular,8.0,13.0,10.0,44.0,9.0,4.0,43.0,1
C3466,34.0,Female,73084.0,Regular,1.0,16.0,13.0,32.0,5.0,5.0,9.0,0
C3467,40.0,Female,83138.0,New,5.0,16.0,10.0,19.0,4.0,0.0,40.0,1
C3468,41.0,Female,42588.0,Regular,10.0,12.0,14.0,3.0,1.0,1.0,46.0,1
C3469,25.0,Female,82901.0,Regular,12.0,18.0,14.0,58.0,6.0,2.0,58.0,0
C3470,58.0,Male,37671.0,Loyal,2.0,11.0,14.0,60.0,0.0,4.0,140.0,0
C3471,23.0,Female,145724.0,Loyal,9.0,17.0,9.0,35.0,5.0,4.0,101.0,1
C3472,22.0,Male,103038.0,Regular,3.0,7.0,5.0,50.0,4.0,1.0,25.0,0
C3473,46.0,Male,110664.0,Regular,1.0,15.0,11.0,29.0,4.0,5.0,89.0,0
C3474,45.0,Male,51645.0,Regular,10.0,6.0,3.0,11.0,7.0,3.0,144.0,0
C3475,28.0,Male,27637.0,Regular,15.0,6.0,8.0,6.0,8.0,7.0,179.0,0
C3476,18.0,Male,20660.0,New,7.0,18.0,12.0,19.0,6.0,4.0,124.0,0
C3477,60.0,Male,127211.0,Regular,9.0,19.0,3.0,37.0,9.0,6.0,99.0,1
C3478,36.0,Male,26922.0,New,7.0,20.0,7.0,45.0,7.0,3.0,180.0,0
C3479,26.0,Female,113697.0,New,0.0,19.0,14.0,27.0,1.0,3.0,124.0,0
C3480,44.0,Male,64721.0,New,9.0,2.0,7.0,5.0,1.0,3.0,24.0,0
C3481,51.0,Female,77256.0,Regular,5.0,3.0,7.0,26.0,7.0,5.0,107.0,0
C3482,21.0,Female,141025.0,Loyal,0.0,14.0,14.0,35.0,5.0,0.0,14.0,0
C3483,53.0,Male,137217.0,Regular,5.0,4.0,12.0,19.0,7.0,1.0,22.0,1
C3484,35.0,Male,89506.0,Regular,6.0,17.0,1.0,17.0,8.0,2.0,128.0,1
C3485,32.0,Female,88943.0,New,14.0,6.0,11.0,54.0,8.0,1.0,31.0,0
C3486,30.0,Female,144338.0,Regular,1.0,19.0,5.0,35.0,10.0,4.0,85.0,0
C3487,36.0,Female,47843.0,New,8.0,9.0,12.0,47.0,5.0,1.0,58.0,1
C3488,23.0,Female,29046.0,Regular,7.0,4.0,11.0,49.0,7.0,2.0,69.0,0
C3489,29.0,Male,109336.0,Loyal,8.0,7.0,1.0,13.0,1.0,0.0,147.0,0
C3490,54.0,Male,83985.0,New,14.0,4.0,7.0,14.0,7.0,4.0,106.0,1
C3491,34.0,Male,100083.0,New,9.0,11.0,13.0,30.0,2.0,0.0,85.0,0
C3492,40.0,Female,123064.0,Regular,12.0,2.0,13.0,58.0,0.0,4.0,2.0,0
C3493,43.0,Male,116925.0,Loyal,3.0,10.0,8.0,48.0,6.0,2.0,47.0,0
C3494,46.0,Female,146417.0,Loyal,3.0,6.0,7.0,57.0,0.0,0.0,115.0,0
C3495,50.0,Male,136585.0,Loyal,11.0,8.0,1.0,43.0,10.0,2.0,53.0,1
C3496,44.0,Female,50346.0,Regular,7.0,15.0,3.0,17.0,0.0,2.0,25.0,0
C3497,42.0,Male,108284.0,Loyal,0.0,13.0,15.0,37.0,0.0,5.0,35.0,1
C3498,27.0,Male,143152.0,New,7.0,2.0,10.0,53.0,3.0,1.0,157.0,0
C3499,40.0,Female,131769.0,New,6.0,20.0,3.0,15.0,3.0,4.0,87.0,0
C3500,38.0,Female,122391.0,Loyal,11.0,1.0,15.0,18.0,9.0,3.0,110.0,1
C3501,38.0,Female,111384.0,Loyal,6.0,15.0,7.0,48.0,10.0,3.0,145.0,0
C3502,60.0,Female,73526.0,New,8.0,7.0,4.0,14.0,5.0,0.0,80.0,0
C3503,30.0,Female,93143.0,New,14.0,18.0,12.0,14.0,9.0,2.0,177.0,0
C3504,54.0,Male,56787.0,New,12.0,10.0,3.0,45.0,2.0,1.0,131.0,0
C3505,50.0,Female,53583.0,New,15.0,15.0,6.0,33.0,9.0,4.0,22.0,1
C3506,41.0,Male,32563.0,New,9.0,5.0,12.0,38.0,5.0,0.0,142.0,1
C3507,28.0,Male,66060.0,Loyal,6.0,11.0,10.0,55.0,6.0,2.0,131.0,0
C3508,34.0,Male,149537.0,Regular,14.0,8.0,6.0,11.0,10.0,5.0,38.0,1
C3509,21.0,Male,141943.0,Loyal,1.0,8.0,10.0,11.0,0.0,3.0,87.0,0
C3510,42.0,Male,134462.0,Loyal,0.0,6.0,5.0,57.0,5.0,3.0,21.0,0
C3511,47.0,Female,53690.0,Regular,0.0,15.0,12.0,48.0,9.0,4.0,179.0,0
C3512,26.0,Female,131233.0,Loyal,15.0,15.0,15.0,56.0,0.0,4.0,24.0,1
C3513,38.0,Male,114712.0,Regular,6.0,5.0,6.0,26.0,6.0,4.0,96.0,0
C3514,37.0,Male,34925.0,Regular,4.0,13.0,3.0,3.0,9.0,0.0,45.0,0
C3515,36.0,Female,106787.0,Regular,3.0,14.0,14.0,25.0,4.0,4.0,172.0,0
C3516,36.0,Female,103184.0,Regular,4.0,11.0,15.0,17.0,9.0,7.0,47.0,0
C3517,29.0,Male,40108.0,Loyal,9.0,20.0,13.0,22.0,3.0,0.0,147.0,1
C3518,54.0,Female,96515.0,Loyal,9.0,12.0,10.0,29.0,0.0,1.0,162.0,0
C3519,59.0,Female,88258.0,Regular,5.0,20.0,5.0,46.0,8.0,2.0,131.0,1
C3520,34.0,Female,25355.0,Loyal,11.0,1.0,9.0,26.0,6.0,3.0,39.0,1
C3521,54.0,Male,66069.0,New,14.0,3.0,4.0,34.0,1.0,6.0,92.0,1
C3522,56.0,Female,114335.0,Loyal,9.0,8.0,11.0,26.0,3.0,6.0,75.0,1
C3523,45.0,Male,120854.0,Regular,5.0,12.0,2.0,57.0,3.0,0.0,138.0,1
C3524,58.0,Male,74471.0,New,0.0,15.0,5.0,9.0,7.0,2.0,168.0,1
C3525,52.0,Male,52705.0,Regular,1.0,3.0,3.0,40.0,1.0,5.0,2.0,0
C3526,35.0,Male,63909.0,Regular,2.0,8.0,12.0,11.0,10.0,4.0,45.0,1
C3527,31.0,Male,108606.0,New,3.0,19.0,15.0,7.0,4.0,3.0,155.0,1
C3528,52.0,Female,148501.0,Loyal,5.0,20.0,3.0,30.0,9.0,5.0,53.0,1
C3529,58.0,Male,136361.0,New,11.0,6.0,4.0,54.0,7.0,7.0,137.0,0
C3530,24.0,Male,73739.0,Loyal,11.0,18.0,12.0,2.0,5.0,0.0,103.0,0
C3531,58.0,Male,96820.0,Regular,10.0,11.0,4.0,30.0,3.0,4.0,129.0,0
C3532,30.0,Female,107273.0,Regular,12.0,12.0,5.0,4.0,4.0,7.0,161.0,0
C3533,35.0,Female,43241.0,Regular,8.0,2.0,7.0,58.0,1.0,2.0,38.0,0
C3534,54.0,Female,47414.0,Regular,11.0,5.0,4.0,55.0,4.0,7.0,57.0,1
C3535,30.0,Female,70818.0,Regular,1.0,4.0,11.0,14.0,2.0,1.0,161.0,1
C3536,53.0,Female,40895.0,Regular,7.0,9.0,7.0,13.0,2.0,2.0,176.0,0
C3537,48.0,Female,112307.0,Regular,8.0,13.0,9.0,54.0,6.0,0.0,3.0,0
C3538,19.0,Female,82409.0,Regular,1.0,13.0,3.0,25.0,2.0,1.0,32.0,0
C3539,33.0,Male,75324.0,Loyal,8.0,15.0,5.0,13.0,3.0,1.0,149.0,1
C3540,26.0,Male,86920.0,New,6.0,2.0,4.0,13.0,6.0,4.0,68.0,0
C3541,26.0,Female,73555.0,Regular,8.0,13.0,15.0,37.0,2.0,2.0,145.0,1
C3542,55.0,Male,138642.0,New,5.0,7.0,9.0,60.0,9.0,0.0,170.0,0
C3543,28.0,Male,85453.0,Loyal,1.0,17.0,5.0,44.0,9.0,5.0,68.0,1
C3544,39.0,Female,42689.0,Loyal,7.0,8.0,10.0,6.0,1.0,5.0,84.0,0
C3545,50.0,Male,84356.0,New,9.0,18.0,2.0,26.0,9.0,1.0,12.0,0
C3546,53.0,Male,113011.0,New,14.0,15.0,10.0,54.0,6.0,4.0,45.0,0
C3547,40.0,Female,28252.0,New,8.0,15.0,1.0,14.0,4.0,7.0,164.0,0
C3548,51.0,Male,50844.0,Regular,11.0,5.0,7.0,8.0,0.0,5.0,80.0,0
C3549,26.0,Female,115687.0,Regular,7.0,2.0,11.0,24.0,9.0,1.0,179.0,1
C3550,41.0,Female,125542.0,Loyal,1.0,16.0,1.0,22.0,7.0,6.0,135.0,0
C3551,25.0,Male,43365.0,Regular,14.0,5.0,8.0,40.0,2.0,7.0,161.0,0
C3552,24.0,Male,26026.0,New,7.0,6.0,15.0,39.0,10.0,2.0,48.0,1
C3553,53.0,Male,118303.0,Loyal,2.0,12.0,9.0,49.0,6.0,5.0,33.0,1
C3554,35.0,Female,48523.0,Regular,2.0,5.0,7.0,21.0,5.0,3.0,84.0,1
C3555,20.0,Female,141297.0,Regular,8.0,20.0,9.0,43.0,9.0,6.0,101.0,0
C3556,45.0,Female,30482.0,New,12.0,8.0,10.0,26.0,5.0,0.0,155.0,0
C3557,23.0,Male,132105.0,Regular,8.0,11.0,6.0,10.0,7.0,6.0,47.0,1
C3558,38.0,Male,68888.0,Loyal,14.0,14.0,15.0,13.0,3.0,3.0,85.0,1
C3559,45.0,Female,133884.0,Regular,8.0,17.0,15.0,42.0,3.0,2.0,43.0,1
C3560,57.0,Male,126968.0,Regular,3.0,10.0,7.0,53.0,2.0,7.0,80.0,1
C3561,18.0,Male,70110.0,Regular,11.0,2.0,3.0,58.0,0.0,3.0,147.0,0
C3562,53.0,Female,110644.0,Loyal,13.0,3.0,14.0,14.0,9.0,2.0,138.0,0
C3563,38.0,Female,20493.0,New,6.0,13.0,14.0,9.0,2.0,2.0,22.0,0
C3564,60.0,Male,76194.0,Regular,12.0,17.0,9.0,7.0,0.0,4.0,130.0,0
C3565,52.0,Female,102001.0,Loyal,7.0,3.0,3.0,39.0,5.0,6.0,108.0,1
C3566,30.0,Male,59767.0,New,14.0,10.0,6.0,58.0,7.0,3.0,98.0,1
C3567,27.0,Female,49550.0,Regular,14.0,8.0,4.0,31.0,2.0,1.0,18.0,1
C3568,27.0,Female,33833.0,Regular,12.0,4.0,9.0,50.0,3.0,2.0,128.0,1
C3569,30.0,Female,22970.0,Regular,14.0,13.0,1.0,16.0,4.0,6.0,19.0,0
C3570,54.0,Male,118315.0,Regular,12.0,7.0,9.0,8.0,6.0,3.0,158.0,0
C3571,55.0,Male,115494.0,Regular,4.0,7.0,12.0,48.0,10.0,1.0,134.0,0
C3572,41.0,Female,142512.0,Regular,12.0,16.0,4.0,51.0,5.0,0.0,27.0,1
C3573,19.0,Female,147424.0,New,14.0,5.0,10.0,15.0,1.0,1.0,15.0,0
C3574,39.0,Female,133855.0,Regular,14.0,17.0,5.0,25.0,6.0,3.0,159.0,1
C3575,34.0,Male,102681.0,New,0.0,10.0,11.0,47.0,7.0,7.0,172.0,1
C3576,53.0,Female,121489.0,New,14.0,4.0,13.0,38.0,0.0,7.0,138.0,1
C3577,31.0,Female,69177.0,Loyal,8.0,14.0,1.0,41.0,5.0,3.0,149.0,0
C3578,27.0,Female,87342.0,Regular,5.0,5.0,14.0,15.0,10.0,1.0,175.0,0
C3579,52.0,Female,141339.0,Loyal,2.0,2.0,1.0,25.0,8.0,1.0,123.0,0
C3580,42.0,Male,91200.0,New,2.0,14.0,6.0,7.0,6.0,5.0,95.0,0
C3581,20.0,Male,81501.0,Regular,13.0,18.0,10.0,26.0,4.0,2.0,164.0,1
C3582,55.0,Female,48900.0,New,13.0,11.0,15.0,60.0,9.0,3.0,127.0,0
C3583,34.0,Male,34126.0,Loyal,9.0,16.0,13.0,8.0,10.0,2.0,74.0,0
C3584,29.0,Male,131198.0,Loyal,0.0,18.0,15.0,18.0,9.0,2.0,58.0,1
C3585,41.0,Male,90690.0,New,12.0,16.0,15.0,21.0,8.0,6.0,147.0,1
C3586,46.0,Female,107744.0,Loyal,7.0,4.0,1.0,16.0,1.0,0.0,110.0,0
C3587,60.0,Male,99303.0,New,1.0,1.0,13.0,47.0,6.0,6.0,138.0,0
C3588,42.0,Male,105579.0,Regular,11.0,14.0,2.0,3.0,8.0,3.0,49.0,1
C3589,53.0,Male,67994.0,Loyal,0.0,12.0,13.0,1.0,1.0,2.0,61.0,1
C3590,43.0,Female,87061.0,Loyal,6.0,10.0,14.0,13.0,10.0,7.0,130.0,1
C3591,55.0,Female,119064.0,Loyal,13.0,19.0,3.0,54.0,9.0,0.0,75.0,1
C3592,18.0,Male,36978.0,Regular,10.0,4.0,7.0,32.0,5.0,5.0,8.0,1
C3593,37.0,Male,76344.0,New,8.0,20.0,2.0,12.0,8.0,7.0,147.0,0
C3594,45.0,Female,66648.0,New,5.0,3.0,5.0,31.0,2.0,2.0,142.0,0
C3595,33.0,Female,21055.0,Regular,7.0,4.0,9.0,41.0,7.0,7.0,22.0,1
C3596,34.0,Male,95582.0,Loyal,7.0,15.0,12.0,2.0,4.0,2.0,17.0,1
C3597,57.0,Male,121387.0,New,8.0,11.0,12.0,41.0,6.0,5.0,107.0,0
C3598,45.0,Female,101214.0,Regular,6.0,16.0,10.0,8.0,2.0,3.0,63.0,0
C3599,29.0,Female,64876.0,Regular,8.0,4.0,8.0,59.0,7.0,6.0,122.0,1
C3600,44.0,Male,138363.0,Regular,14.0,6.0,12.0,25.0,1.0,7.0,26.0,1
C3601,59.0,Female,112160.0,Regular,8.0,8.0,8.0,5.0,7.0,1.0,164.0,1
C3602,47.0,Male,127954.0,Regular,11.0,13.0,11.0,45.0,1.0,5.0,117.0,1
C3603,58.0,Male,58725.0,Loyal,10.0,20.0,2.0,2.0,6.0,1.0,45.0,1
C3604,51.0,Male,25255.0,New,0.0,4.0,1.0,42.0,1.0,3.0,30.0,0
C3605,54.0,Female,94947.0,Loyal,5.0,5.0,9.0,58.0,6.0,7.0,116.0,0
C3606,23.0,Male,73380.0,New,11.0,10.0,10.0,38.0,0.0,6.0,149.0,0
C3607,24.0,Male,134648.0,New,7.0,5.0,12.0,39.0,5.0,1.0,148.0,0
C3608,49.0,Female,73333.0,Regular,9.0,12.0,4.0,3.0,9.0,6.0,170.0,1
C3609,49.0,Female,62459.0,Loyal,8.0,1.0,9.0,46.0,6.0,7.0,90.0,1
C3610,42.0,Male,136518.0,New,14.0,10.0,11.0,48.0,3.0,4.0,119.0,0
C3611,50.0,Male,56163.0,Regular,3.0,5.0,14.0,38.0,10.0,1.0,140.0,0
C3612,24.0,Female,53971.0,Regular,12.0,19.0,12.0,22.0,10.0,6.0,8.0,1
C3613,29.0,Female,116771.0,New,1.0,19.0,11.0,40.0,0.0,5.0,93.0,1
C3614,33.0,Female,85149.0,Loyal,10.0,20.0,7.0,33.0,5.0,2.0,117.0,0
C3615,33.0,Male,147150.0,Loyal,8.0,12.0,12.0,52.0,3.0,2.0,56.0,0
C3616,60.0,Male,104730.0,New,8.0,16.0,6.0,32.0,2.0,0.0,135.0,1
C3617,53.0,Male,39476.0,Regular,11.0,5.0,10.0,47.0,3.0,7.0,62.0,0
C3618,30.0,Female,88580.0,Loyal,7.0,17.0,13.0,17.0,5.0,5.0,121.0,0
C3619,24.0,Male,140759.0,Regular,2.0,14.0,9.0,56.0,4.0,7.0,61.0,0
C3620,53.0,Female,125576.0,Regular,4.0,12.0,10.0,18.0,1.0,6.0,138.0,0
C3621,26.0,Male,106593.0,New,1.0,13.0,4.0,56.0,1.0,3.0,50.0,0
C3622,49.0,Female,89050.0,Regular,13.0,14.0,14.0,3.0,2.0,0.0,148.0,1
C3623,28.0,Male,95526.0,New,2.0,5.0,1.0,56.0,10.0,7.0,28.0,0
C3624,25.0,Male,124496.0,Loyal,0.0,5.0,5.0,6.0,5.0,2.0,142.0,0
C3625,50.0,Female,129071.0,Regular,3.0,18.0,13.0,49.0,0.0,2.0,76.0,0
C3626,40.0,Female,134832.0,New,4.0,14.0,6.0,55.0,10.0,0.0,8.0,0
C3627,42.0,Male,27507.0,Loyal,11.0,18.0,6.0,13.0,6.0,5.0,135.0,1
C3628,25.0,Female,90393.0,New,1.0,20.0,12.0,55.0,7.0,4.0,5.0,0
C3629,39.0,Female,32118.0,Regular,14.0,1.0,1.0,54.0,6.0,1.0,1.0,1
C3630,21.0,Male,70529.0,Regular,14.0,7.0,15.0,31.0,10.0,6.0,111.0,1
C3631,57.0,Female,88682.0,New,2.0,17.0,7.0,17.0,2.0,7.0,73.0,1
C3632,20.0,Male,111937.0,Loyal,11.0,3.0,8.0,21.0,5.0,6.0,106.0,0
C3633,46.0,Male,74176.0,Loyal,5.0,10.0,12.0,16.0,3.0,4.0,10.0,1
C3634,58.0,Female,135481.0,New,5.0,7.0,5.0,17.0,4.0,4.0,65.0,0
C3635,46.0,Female,111713.0,Regular,14.0,12.0,2.0,32.0,2.0,7.0,148.0,0
C3636,51.0,Male,124060.0,Regular,6.0,15.0,2.0,1.0,4.0,4.0,58.0,1
C3637,51.0,Male,24414.0,Loyal,11.0,16.0,11.0,48.0,5.0,6.0,171.0,1
C3638,45.0,Male,103030.0,Regular,15.0,8.0,5.0,38.0,7.0,7.0,157.0,0
C3639,30.0,Male,140360.0,Regular,8.0,6.0,7.0,8.0,5.0,5.0,2.0,1
C3640,32.0,Male,105973.0,Regular,3.0,4.0,7.0,1.0,8.0,4.0,154.0,0
C3641,40.0,Male,82137.0,Regular,4.0,11.0,13.0,2.0,9.0,1.0,59.0,1
C3642,43.0,Female,23937.0,Regular,10.0,17.0,4.0,47.0,9.0,3.0,105.0,1
C3643,21.0,Female,56731.0,New,1.0,2.0,11.0,37.0,9.0,0.0,1.0,0
C3644,43.0,Female,106862.0,Loyal,15.0,6.0,14.0,24.0,9.0,7.0,31.0,1
C3645,57.0,Male,58665.0,Regular,5.0,4.0,3.0,27.0,3.0,4.0,38.0,1
C3646,26.0,Female,94510.0,Loyal,15.0,3.0,9.0,20.0,1.0,4.0,22.0,1
C3647,22.0,Male,132681.0,New,3.0,7.0,12.0,47.0,8.0,0.0,175.0,0
C3648,49.0,Male,37500.0,Regular,4.0,7.0,14.0,21.0,10.0,7.0,1.0,1
C3649,37.0,Female,134360.0,Loyal,15.0,16.0,14.0,42.0,2.0,7.0,88.0,1
C3650,28.0,Male,21750.0,Regular,6.0,2.0,7.0,37.0,10.0,6.0,178.0,0
C3651,32.0,Male,85018.0,Loyal,5.0,8.0,2.0,35.0,6.0,6.0,164.0,0
C3652,49.0,Male,145456.0,Loyal,7.0,15.0,1.0,38.0,3.0,7.0,173.0,0
C3653,45.0,Male,24027.0,Regular,5.0,16.0,11.0,53.0,0.0,7.0,164.0,1
C3654,39.0,Male,129832.0,Regular,9.0,1.0,2.0,15.0,7.0,0.0,162.0,0
C3655,58.0,Male,25745.0,New,13.0,10.0,13.0,50.0,3.0,6.0,9.0,1
C3656,34.0,Female,81731.0,Regular,7.0,7.0,12.0,46.0,10.0,6.0,110.0,0
C3657,43.0,Male,106984.0,New,12.0,16.0,3.0,42.0,5.0,3.0,84.0,0
C3658,24.0,Male,127983.0,Regular,13.0,10.0,5.0,30.0,6.0,2.0,132.0,0
C3659,59.0,Male,48451.0,Regular,13.0,12.0,14.0,4.0,7.0,3.0,63.0,1
C3660,43.0,Male,113743.0,Regular,3.0,17.0,15.0,43.0,9.0,2.0,132.0,1
C3661,42.0,Female,91474.0,New,11.0,13.0,3.0,52.0,1.0,5.0,133.0,1
C3662,27.0,Female,81536.0,Loyal,6.0,12.0,10.0,39.0,8.0,1.0,138.0,0
C3663,36.0,Male,32150.0,New,2.0,15.0,9.0,15.0,9.0,6.0,108.0,1
C3664,28.0,Male,33406.0,New,0.0,14.0,10.0,23.0,2.0,3.0,172.0,1
C3665,30.0,Male,39781.0,New,12.0,19.0,4.0,41.0,0.0,1.0,40.0,0
C3666,25.0,Female,77417.0,Loyal,8.0,19.0,7.0,15.0,1.0,0.0,36.0,0
C3667,57.0,Female,136047.0,Loyal,8.0,14.0,4.0,26.0,7.0,3.0,35.0,1
C3668,21.0,Female,143971.0,Regular,5.0,18.0,3.0,12.0,9.0,5.0,59.0,0
C3669,48.0,Female,123157.0,Loyal,15.0,5.0,10.0,18.0,5.0,0.0,116.0,0
C3670,45.0,Male,38325.0,New,14.0,20.0,1.0,6.0,10.0,5.0,31.0,1
C3671,28.0,Female,88684.0,Loyal,1.0,6.0,14.0,18.0,0.0,5.0,174.0,0
C3672,60.0,Female,114415.0,New,15.0,18.0,12.0,57.0,10.0,4.0,49.0,0
C3673,18.0,Male,134547.0,New,7.0,14.0,9.0,50.0,8.0,0.0,134.0,1
C3674,55.0,Male,93469.0,New,9.0,4.0,13.0,54.0,6.0,6.0,106.0,0
C3675,41.0,Female,29436.0,Regular,5.0,1.0,11.0,24.0,9.0,5.0,19.0,1
C3676,48.0,Female,37669.0,Loyal,6.0,13.0,1.0,38.0,10.0,4.0,96.0,1
C3677,58.0,Female,147385.0,Regular,12.0,11.0,11.0,28.0,2.0,2.0,170.0,1
C3678,43.0,Female,92010.0,Loyal,0.0,3.0,13.0,15.0,6.0,4.0,30.0,1
C3679,22.0,Male,132983.0,Regular,2.0,17.0,1.0,19.0,5.0,6.0,26.0,1
C3680,37.0,Male,96764.0,New,14.0,18.0,15.0,5.0,2.0,2.0,131.0,1
C3681,58.0,Female,119074.0,Regular,0.0,10.0,1.0,4.0,7.0,4.0,161.0,1
C3682,28.0,Female,21843.0,Regular,9.0,16.0,14.0,17.0,0.0,4.0,50.0,0
C3683,50.0,Female,85609.0,Loyal,0.0,13.0,5.0,53.0,4.0,1.0,159.0,0
C3684,55.0,Female,70812.0,Regular,11.0,20.0,7.0,10.0,7.0,1.0,111.0,0
C3685,44.0,Female,36059.0,Regular,11.0,12.0,7.0,12.0,2.0,6.0,96.0,1
C3686,51.0,Male,106269.0,New,10.0,4.0,10.0,5.0,10.0,0.0,82.0,1
C3687,32.0,Male,141790.0,Regular,12.0,8.0,1.0,7.0,9.0,5.0,138.0,0
C3688,49.0,Male,60768.0,Loyal,0.0,12.0,6.0,44.0,10.0,6.0,22.0,0
C3689,38.0,Female,45395.0,New,3.0,19.0,9.0,23.0,5.0,1.0,54.0,1
C3690,22.0,Female,40202.0,Loyal,12.0,15.0,6.0,2.0,9.0,2.0,179.0,1
C3691,23.0,Male,33273.0,Regular,6.0,16.0,15.0,30.0,10.0,1.0,81.0,0
C3692,55.0,Male,68889.0,New,6.0,12.0,4.0,52.0,1.0,0.0,132.0,0
C3693,39.0,Female,118635.0,Loyal,11.0,20.0,15.0,49.0,8.0,7.0,37.0,1
C3694,35.0,Male,136109.0,Regular,12.0,18.0,10.0,45.0,1.0,3.0,63.0,1
C3695,31.0,Female,93048.0,Regular,4.0,12.0,9.0,37.0,4.0,2.0,51.0,0
C3696,27.0,Female,113767.0,New,11.0,16.0,13.0,5.0,2.0,3.0,136.0,0
C3697,30.0,Male,108810.0,New,5.0,20.0,3.0,20.0,9.0,7.0,1.0,0
C3698,48.0,Male,123235.0,Loyal,1.0,11.0,13.0,26.0,8.0,2.0,8.0,1
C3699,47.0,Male,144571.0,Regular,4.0,20.0,10.0,44.0,8.0,7.0,81.0,1
C3700,20.0,Female,65510.0,Loyal,6.0,14.0,4.0,44.0,6.0,5.0,105.0,0
C3701,47.0,Female,107945.0,New,13.0,2.0,4.0,39.0,9.0,5.0,112.0,0
C3702,23.0,Male,131730.0,New,8.0,13.0,4.0,6.0,4.0,5.0,137.0,1
C3703,46.0,Female,139096.0,New,5.0,14.0,6.0,29.0,8.0,0.0,179.0,0
C3704,25.0,Female,90649.0,Regular,11.0,6.0,13.0,10.0,6.0,1.0,144.0,0
C3705,60.0,Female,126723.0,Loyal,13.0,12.0,11.0,51.0,1.0,3.0,59.0,0
C3706,50.0,Male,22881.0,Regular,9.0,7.0,15.0,16.0,9.0,3.0,45.0,0
C3707,34.0,Female,65913.0,Regular,3.0,4.0,15.0,34.0,0.0,1.0,165.0,1
C3708,28.0,Male,131860.0,Loyal,2.0,7.0,11.0,31.0,9.0,0.0,91.0,1
C3709,30.0,Male,104785.0,Loyal,8.0,13.0,7.0,36.0,9.0,1.0,66.0,0
C3710,28.0,Female,85037.0,New,6.0,11.0,14.0,41.0,3.0,4.0,36.0,1
C3711,48.0,Male,82457.0,Loyal,10.0,8.0,9.0,58.0,9.0,4.0,76.0,0
C3712,45.0,Female,55343.0,Regular,13.0,19.0,14.0,5.0,7.0,5.0,50.0,1
C3713,23.0,Male,82389.0,New,12.0,2.0,11.0,33.0,5.0,4.0,99.0,1
C3714,58.0,Male,98250.0,New,5.0,18.0,3.0,43.0,1.0,3.0,95.0,0
C3715,33.0,Female,124489.0,Regular,15.0,10.0,8.0,19.0,4.0,5.0,147.0,1
C3716,21.0,Male,28656.0,Regular,6.0,6.0,8.0,32.0,8.0,3.0,154.0,1
C3717,52.0,Male,25741.0,New,14.0,4.0,1.0,57.0,5.0,0.0,118.0,0
C3718,43.0,Male,36661.0,New,7.0,19.0,5.0,23.0,5.0,2.0,100.0,1
C3719,29.0,Female,117091.0,Loyal,4.0,14.0,13.0,3.0,6.0,1.0,68.0,1
C3720,28.0,Female,48690.0,Loyal,2.0,14.0,10.0,1.0,10.0,6.0,112.0,0
C3721,54.0,Male,52833.0,Loyal,2.0,18.0,5.0,36.0,4.0,6.0,171.0,1
C3722,42.0,Male,122566.0,New,12.0,17.0,12.0,41.0,2.0,6.0,127.0,0
C3723,35.0,Male,91240.0,New,1.0,18.0,8.0,28.0,2.0,2.0,95.0,0
C3724,36.0,Female,133659.0,New,7.0,18.0,8.0,48.0,4.0,3.0,122.0,1
C3725,40.0,Female,126898.0,New,0.0,5.0,12.0,39.0,3.0,1.0,127.0,0
C3726,55.0,Male,97711.0,Regular,11.0,9.0,2.0,5.0,4.0,3.0,103.0,0
C3727,35.0,Female,77141.0,Regular,7.0,1.0,3.0,13.0,8.0,0.0,59.0,0
C3728,43.0,Female,98232.0,Regular,2.0,4.0,2.0,11.0,4.0,5.0,46.0,1
C3729,23.0,Female,59023.0,Regular,8.0,7.0,1.0,46.0,3.0,1.0,40.0,0
C3730,21.0,Female,60209.0,New,11.0,11.0,2.0,22.0,3.0,3.0,141.0,0
C3731,46.0,Male,113590.0,Regular,13.0,14.0,10.0,49.0,0.0,4.0,121.0,0
C3732,51.0,Female,146324.0,Regular,11.0,10.0,6.0,23.0,9.0,6.0,105.0,0
C3733,34.0,Female,106612.0,Regular,10.0,19.0,12.0,12.0,3.0,4.0,9.0,0
C3734,60.0,Male,100522.0,New,1.0,8.0,1.0,53.0,3.0,7.0,66.0,0
C3735,60.0,Male,131654.0,Regular,9.0,3.0,6.0,55.0,8.0,3.0,53.0,0
C3736,33.0,Female,34440.0,New,8.0,8.0,1.0,53.0,10.0,7.0,81.0,1
C3737,19.0,Female,139107.0,New,5.0,18.0,2.0,21.0,3.0,2.0,4.0,1
C3738,51.0,Male,27960.0,Loyal,0.0,5.0,8.0,19.0,6.0,5.0,126.0,1
C3739,25.0,Male,42462.0,Loyal,4.0,20.0,14.0,5.0,0.0,0.0,142.0,0
C3740,30.0,Male,145919.0,New,9.0,11.0,6.0,24.0,6.0,0.0,105.0,0
C3741,59.0,Female,37821.0,New,8.0,9.0,9.0,30.0,1.0,6.0,136.0,1
C3742,25.0,Female,77772.0,Regular,12.0,19.0,1.0,8.0,10.0,3.0,97.0,0
C3743,47.0,Male,47258.0,New,5.0,12.0,5.0,2.0,7.0,0.0,173.0,1
C3744,49.0,Female,112889.0,Regular,6.0,5.0,7.0,59.0,0.0,1.0,92.0,0
C3745,53.0,Male,108952.0,New,3.0,16.0,9.0,49.0,9.0,0.0,78.0,1
C3746,47.0,Female,82524.0,New,0.0,13.0,14.0,34.0,2.0,7.0,83.0,0
C3747,18.0,Male,42115.0,Loyal,4.0,6.0,11.0,59.0,7.0,4.0,70.0,0
C3748,60.0,Male,138066.0,Loyal,1.0,16.0,9.0,23.0,9.0,3.0,36.0,0
C3749,56.0,Female,66433.0,New,7.0,18.0,4.0,3.0,7.0,1.0,84.0,0
C3750,34.0,Female,110504.0,Regular,3.0,17.0,13.0,56.0,10.0,6.0,129.0,0
C3751,37.0,Female,108267.0,New,0.0,12.0,4.0,52.0,4.0,7.0,141.0,0
C3752,41.0,Female,108321.0,New,9.0,1.0,15.0,58.0,4.0,7.0,140.0,0
C3753,39.0,Female,124933.0,Loyal,6.0,7.0,4.0,58.0,7.0,0.0,75.0,0
C3754,46.0,Female,99364.0,Regular,11.0,14.0,3.0,24.0,9.0,6.0,100.0,1
C3755,39.0,Male,90077.0,Regular,10.0,18.0,8.0,18.0,4.0,7.0,145.0,0
C3756,26.0,Female,60644.0,Loyal,1.0,1.0,5.0,47.0,8.0,4.0,175.0,1
C3757,54.0,Male,82643.0,Loyal,2.0,20.0,7.0,37.0,0.0,5.0,53.0,0
C3758,27.0,Male,33311.0,Loyal,13.0,10.0,10.0,54.0,4.0,2.0,67.0,0
C3759,53.0,Female,143221.0,New,8.0,15.0,6.0,49.0,2.0,0.0,10.0,0
C3760,54.0,Male,143012.0,New,14.0,11.0,14.0,31.0,2.0,6.0,46.0,0
C3761,45.0,Male,149466.0,Regular,12.0,4.0,9.0,14.0,1.0,7.0,83.0,0
C3762,45.0,Female,50531.0,Regular,8.0,15.0,14.0,1.0,2.0,4.0,117.0,0
C3763,59.0,Female,34588.0,Loyal,1.0,16.0,3.0,14.0,6.0,5.0,4.0,1
C3764,60.0,Female,69416.0,Regular,2.0,15.0,6.0,41.0,7.0,5.0,57.0,0
C3765,38.0,Male,32380.0,Loyal,15.0,17.0,3.0,5.0,7.0,4.0,38.0,1
C3766,41.0,Female,62645.0,New,10.0,11.0,2.0,31.0,10.0,4.0,140.0,0
C3767,59.0,Female,37818.0,Loyal,11.0,18.0,3.0,31.0,7.0,6.0,31.0,1
C3768,57.0,Female,50857.0,Regular,8.0,16.0,2.0,30.0,0.0,4.0,130.0,0
C3769,19.0,Female,41711.0,Loyal,0.0,15.0,2.0,36.0,10.0,2.0,129.0,0
C3770,25.0,Male,25097.0,New,1.0,11.0,10.0,1.0,6.0,3.0,81.0,0
C3771,44.0,Female,136348.0,Regular,15.0,13.0,11.0,3.0,1.0,4.0,25.0,1
C3772,39.0,Male,48393.0,Loyal,10.0,18.0,7.0,20.0,10.0,3.0,5.0,1
C3773,54.0,Female,42076.0,Regular,1.0,8.0,10.0,43.0,9.0,5.0,48.0,1
C3774,44.0,Male,104274.0,Regular,9.0,9.0,15.0,48.0,3.0,2.0,142.0,1
C3775,46.0,Male,77609.0,Loyal,13.0,11.0,3.0,43.0,4.0,6.0,52.0,1
C3776,20.0,Male,49317.0,Regular,2.0,17.0,8.0,21.0,0.0,5.0,74.0,0
C3777,30.0,Female,124765.0,Regular,9.0,1.0,13.0,30.0,3.0,7.0,149.0,1
C3778,27.0,Male,78480.0,New,2.0,11.0,2.0,42.0,3.0,2.0,153.0,0
C3779,53.0,Female,27044.0,Loyal,9.0,7.0,11.0,44.0,8.0,5.0,99.0,0
C3780,26.0,Female,91033.0,Regular,15.0,8.0,11.0,30.0,8.0,1.0,67.0,0
C3781,44.0,Female,139237.0,Regular,12.0,19.0,7.0,5.0,10.0,1.0,119.0,1
C3782,51.0,Female,75486.0,New,15.0,4.0,3.0,10.0,9.0,4.0,178.0,0
C3783,18.0,Female,75162.0,Regular,15.0,4.0,9.0,24.0,0.0,3.0,103.0,0
C3784,49.0,Male,99287.0,New,1.0,19.0,7.0,45.0,7.0,5.0,33.0,1
C3785,42.0,Female,49882.0,New,7.0,9.0,15.0,51.0,3.0,7.0,145.0,1
C3786,46.0,Male,74078.0,Regular,7.0,17.0,9.0,39.0,3.0,2.0,34.0,1
C3787,24.0,Male,78734.0,New,7.0,18.0,2.0,48.0,4.0,0.0,154.0,1
C3788,20.0,Male,127608.0,New,1.0,1.0,6.0,6.0,1.0,1.0,170.0,0
C3789,37.0,Male,128730.0,Regular,14.0,14.0,5.0,10.0,0.0,1.0,159.0,1
C3790,37.0,Male,63826.0,New,12.0,4.0,14.0,59.0,4.0,5.0,113.0,1
C3791,47.0,Male,107985.0,Regular,8.0,10.0,2.0,42.0,6.0,6.0,51.0,1
C3792,52.0,Male,64028.0,New,10.0,14.0,4.0,58.0,9.0,0.0,36.0,0
C3793,52.0,Female,71331.0,Regular,6.0,7.0,4.0,43.0,8.0,7.0,13.0,0
C3794,56.0,Male,139655.0,Regular,11.0,12.0,8.0,54.0,1.0,7.0,85.0,1
C3795,44.0,Female,118938.0,Regular,4.0,16.0,13.0,10.0,7.0,3.0,13.0,1
C3796,43.0,Male,138319.0,New,6.0,5.0,7.0,25.0,6.0,7.0,32.0,1
C3797,31.0,Male,52543.0,New,7.0,11.0,13.0,14.0,1.0,7.0,133.0,1
C3798,34.0,Male,144279.0,New,8.0,4.0,5.0,47.0,4.0,3.0,12.0,0
C3799,35.0,Male,49362.0,Regular,1.0,13.0,9.0,39.0,6.0,3.0,169.0,0
C3800,46.0,Female,47315.0,Loyal,5.0,8.0,1.0,13.0,2.0,4.0,37.0,1
C3801,37.0,Female,47746.0,New,8.0,7.0,4.0,11.0,1.0,4.0,68.0,0
C3802,44.0,Female,30057.0,New,12.0,11.0,5.0,39.0,5.0,6.0,106.0,1
C3803,35.0,Male,131649.0,New,5.0,11.0,8.0,11.0,9.0,5.0,176.0,1
C3804,21.0,Male,62915.0,Regular,1.0,17.0,3.0,46.0,5.0,0.0,171.0,0
C3805,18.0,Male,41061.0,Regular,0.0,14.0,14.0,49.0,10.0,5.0,93.0,1
C3806,18.0,Female,71370.0,Regular,11.0,2.0,12.0,16.0,3.0,2.0,41.0,0
C3807,43.0,Male,54157.0,Loyal,2.0,20.0,5.0,33.0,0.0,0.0,56.0,1
C3808,37.0,Female,131375.0,Regular,10.0,8.0,3.0,41.0,4.0,2.0,69.0,1
C3809,40.0,Female,31322.0,New,4.0,2.0,13.0,41.0,0.0,0.0,11.0,0
C3810,27.0,Male,89812.0,New,6.0,15.0,7.0,60.0,10.0,4.0,137.0,0
C3811,28.0,Male,97842.0,Regular,9.0,5.0,10.0,32.0,10.0,3.0,113.0,0
C3812,58.0,Female,54017.0,Regular,9.0,6.0,3.0,59.0,7.0,1.0,28.0,1
C3813,58.0,Female,76792.0,Regular,2.0,17.0,7.0,10.0,1.0,6.0,22.0,1
C3814,22.0,Female,47742.0,Regular,8.0,8.0,14.0,51.0,8.0,7.0,85.0,1
C3815,18.0,Male,117136.0,Regular,9.0,19.0,2.0,15.0,8.0,0.0,6.0,1
C3816,34.0,Male,84808.0,Loyal,11.0,5.0,7.0,16.0,2.0,0.0,26.0,0
C3817,39.0,Male,140400.0,Regular,3.0,19.0,9.0,43.0,5.0,6.0,144.0,1
C3818,51.0,Male,149198.0,Loyal,9.0,14.0,12.0,27.0,8.0,1.0,14.0,0
C3819,58.0,Male,37629.0,New,1.0,10.0,5.0,56.0,6.0,6.0,35.0,1
C3820,46.0,Male,148614.0,Regular,2.0,13.0,12.0,57.0,3.0,0.0,42.0,0
C3821,21.0,Female,28245.0,Loyal,4.0,5.0,6.0,49.0,2.0,7.0,53.0,1
C3822,22.0,Female,116950.0,Regular,2.0,7.0,13.0,60.0,1.0,6.0,100.0,0
C3823,28.0,Female,63870.0,Loyal,4.0,10.0,10.0,51.0,9.0,3.0,150.0,1
C3824,38.0,Male,115634.0,Regular,15.0,11.0,11.0,45.0,9.0,5.0,13.0,0
C3825,52.0,Female,84829.0,New,3.0,3.0,3.0,32.0,0.0,1.0,11.0,0
C3826,29.0,Male,134530.0,Regular,12.0,13.0,13.0,6.0,10.0,7.0,140.0,0
C3827,43.0,Male,30588.0,New,10.0,2.0,10.0,47.0,9.0,1.0,97.0,0
C3828,36.0,Female,20442.0,Loyal,9.0,4.0,5.0,48.0,10.0,3.0,86.0,0
C3829,24.0,Male,125280.0,Loyal,12.0,3.0,13.0,36.0,0.0,7.0,53.0,1
C3830,24.0,Female,122979.0,New,2.0,15.0,15.0,8.0,3.0,3.0,9.0,1
C3831,43.0,Female,97339.0,New,11.0,4.0,5.0,25.0,3.0,1.0,71.0,0
C3832,57.0,Male,60721.0,Regular,5.0,4.0,3.0,7.0,8.0,3.0,17.0,0
C3833,22.0,Female,57145.0,Regular,7.0,15.0,8.0,59.0,9.0,5.0,10.0,1
C3834,38.0,Female,30599.0,New,12.0,6.0,6.0,17.0,0.0,3.0,166.0,1
C3835,31.0,Female,92594.0,Regular,11.0,5.0,13.0,48.0,10.0,7.0,123.0,1
C3836,21.0,Female,102742.0,Regular,3.0,12.0,3.0,30.0,3.0,5.0,39.0,1
C3837,40.0,Male,97430.0,New,8.0,7.0,1.0,2.0,2.0,7.0,110.0,0
C3838,59.0,Female,22939.0,Loyal,5.0,3.0,10.0,17.0,8.0,3.0,89.0,0
C3839,37.0,Female,141784.0,Loyal,4.0,7.0,1.0,57.0,4.0,1.0,94.0,0
C3840,32.0,Female,42149.0,Loyal,2.0,12.0,13.0,4.0,8.0,0.0,158.0,0
C3841,46.0,Male,147616.0,Loyal,4.0,15.0,11.0,26.0,9.0,2.0,107.0,0
C3842,25.0,Female,86567.0,New,4.0,19.0,10.0,14.0,5.0,1.0,34.0,0
C3843,58.0,Male,30208.0,New,13.0,6.0,12.0,8.0,10.0,7.0,33.0,1
C3844,36.0,Female,86098.0,New,14.0,8.0,2.0,5.0,8.0,6.0,160.0,1
C3845,56.0,Female,129034.0,Loyal,11.0,6.0,10.0,5.0,0.0,2.0,12.0,0
C3846,45.0,Female,69492.0,Loyal,11.0,3.0,5.0,5.0,3.0,3.0,87.0,1
C3847,44.0,Male,40951.0,Regular,3.0,5.0,7.0,27.0,3.0,3.0,93.0,0
C3848,21.0,Male,68920.0,Loyal,11.0,9.0,1.0,5.0,9.0,0.0,107.0,0
C3849,32.0,Male,66766.0,Regular,5.0,16.0,1.0,3.0,9.0,3.0,10.0,0
C3850,52.0,Male,77014.0,Regular,2.0,16.0,4.0,38.0,5.0,6.0,125.0,0
C3851,54.0,Male,48351.0,Regular,9.0,9.0,13.0,30.0,9.0,7.0,19.0,0
C3852,18.0,Male,104216.0,New,0.0,18.0,10.0,1.0,0.0,2.0,23.0,1
C3853,20.0,Female,69386.0,New,6.0,13.0,15.0,8.0,9.0,1.0,128.0,0
C3854,41.0,Male,107122.0,Regular,6.0,11.0,6.0,13.0,4.0,1.0,85.0,0
C3855,44.0,Female,29308.0,Regular,15.0,10.0,9.0,20.0,2.0,6.0,107.0,1
C3856,57.0,Male,79252.0,Regular,11.0,10.0,1.0,6.0,0.0,5.0,99.0,1
C3857,53.0,Male,95145.0,Regular,15.0,6.0,11.0,50.0,5.0,0.0,59.0,0
C3858,51.0,Male,115031.0,New,3.0,16.0,10.0,50.0,2.0,6.0,74.0,1
C3859,46.0,Female,103211.0,Regular,8.0,12.0,5.0,48.0,3.0,2.0,2.0,0
C3860,41.0,Male,48064.0,Regular,11.0,4.0,9.0,8.0,8.0,3.0,48.0,1
C3861,41.0,Male,73879.0,Regular,1.0,5.0,8.0,30.0,1.0,4.0,6.0,1
C3862,59.0,Female,146534.0,Loyal,14.0,2.0,7.0,49.0,0.0,7.0,43.0,1
C3863,21.0,Female,28720.0,Regular,12.0,19.0,13.0,40.0,9.0,0.0,145.0,0
C3864,20.0,Female,146204.0,Regular,0.0,1.0,10.0,15.0,5.0,0.0,127.0,1
C3865,51.0,Female,62940.0,Loyal,14.0,4.0,2.0,58.0,0.0,4.0,79.0,1
C3866,40.0,Male,99993.0,Loyal,2.0,12.0,9.0,10.0,0.0,6.0,164.0,0
C3867,40.0,Female,88475.0,Loyal,6.0,2.0,12.0,33.0,6.0,1.0,152.0,0
C3868,22.0,Male,67113.0,New,8.0,12.0,13.0,9.0,1.0,5.0,121.0,0
C3869,48.0,Male,68926.0,New,1.0,16.0,8.0,49.0,3.0,7.0,120.0,0
C3870,58.0,Female,58203.0,New,5.0,2.0,13.0,52.0,3.0,7.0,29.0,0
C3871,23.0,Male,108901.0,New,2.0,17.0,11.0,57.0,1.0,1.0,78.0,0
C3872,54.0,Female,25392.0,Loyal,4.0,2.0,15.0,33.0,5.0,1.0,58.0,1
C3873,27.0,Male,45905.0,Regular,11.0,4.0,10.0,9.0,9.0,4.0,70.0,1
C3874,57.0,Female,93508.0,New,8.0,6.0,10.0,14.0,1.0,7.0,9.0,1
C3875,24.0,Female,70385.0,New,2.0,7.0,9.0,56.0,7.0,3.0,170.0,1
C3876,56.0,Female,50653.0,New,0.0,15.0,9.0,32.0,3.0,7.0,39.0,0
C3877,55.0,Female,111865.0,Regular,4.0,20.0,9.0,37.0,0.0,3.0,122.0,0
C3878,38.0,Female,104720.0,Regular,0.0,12.0,3.0,6.0,6.0,5.0,168.0,1
C3879,37.0,Female,145813.0,Loyal,7.0,5.0,7.0,5.0,5.0,5.0,59.0,1
C3880,20.0,Male,34799.0,Loyal,6.0,14.0,12.0,4.0,5.0,2.0,44.0,1
C3881,39.0,Male,80103.0,New,14.0,16.0,1.0,60.0,10.0,2.0,65.0,0
C3882,21.0,Male,137463.0,Regular,10.0,11.0,9.0,48.0,2.0,1.0,11.0,0
C3883,45.0,Female,35052.0,New,1.0,12.0,14.0,16.0,9.0,4.0,91.0,0
C3884,29.0,Male,26044.0,Regular,13.0,19.0,15.0,10.0,6.0,5.0,84.0,1
C3885,55.0,Female,39871.0,Loyal,10.0,17.0,9.0,31.0,5.0,0.0,5.0,1
C3886,53.0,Male,109303.0,Regular,8.0,7.0,3.0,31.0,9.0,3.0,114.0,1
C3887,58.0,Male,132719.0,Regular,4.0,9.0,5.0,14.0,9.0,6.0,177.0,1
C3888,22.0,Female,40234.0,Regular,6.0,14.0,12.0,13.0,8.0,4.0,179.0,0
C3889,30.0,Male,145407.0,New,3.0,20.0,13.0,60.0,2.0,7.0,164.0,1
C3890,40.0,Male,41381.0,New,11.0,12.0,8.0,4.0,2.0,5.0,105.0,1
C3891,47.0,Male,37274.0,Regular,12.0,15.0,6.0,46.0,3.0,2.0,16.0,0
C3892,54.0,Female,132162.0,Regular,0.0,12.0,10.0,26.0,2.0,5.0,7.0,1
C3893,42.0,Male,107840.0,New,13.0,13.0,10.0,24.0,3.0,7.0,44.0,0
C3894,44.0,Female,144945.0,Regular,7.0,9.0,9.0,56.0,5.0,3.0,26.0,1
C3895,31.0,Male,103108.0,Loyal,12.0,7.0,14.0,9.0,0.0,5.0,36.0,0
C3896,53.0,Male,123948.0,Regular,0.0,1.0,13.0,35.0,1.0,3.0,92.0,0
C3897,56.0,Male,147177.0,Regular,2.0,10.0,3.0,42.0,9.0,7.0,172.0,0
C3898,33.0,Male,69892.0,Regular,5.0,6.0,12.0,15.0,5.0,4.0,12.0,1
C3899,39.0,Female,70521.0,Regular,7.0,15.0,7.0,24.0,5.0,5.0,90.0,1
C3900,38.0,Male,111501.0,Loyal,7.0,15.0,13.0,31.0,0.0,5.0,68.0,0
C3901,38.0,Female,103920.0,Loyal,1.0,9.0,6.0,19.0,5.0,2.0,108.0,0
C3902,25.0,Female,103391.0,Regular,8.0,13.0,14.0,2.0,10.0,4.0,151.0,0
C3903,33.0,Male,37920.0,Regular,15.0,1.0,15.0,2.0,8.0,0.0,104.0,0
C3904,48.0,Male,36702.0,New,3.0,9.0,5.0,41.0,7.0,3.0,88.0,0
C3905,59.0,Female,145144.0,New,3.0,3.0,4.0,36.0,9.0,6.0,95.0,0
C3906,27.0,Female,123457.0,Regular,14.0,9.0,5.0,37.0,4.0,6.0,126.0,1
C3907,49.0,Male,21894.0,Loyal,13.0,20.0,13.0,34.0,3.0,4.0,30.0,1
C3908,51.0,Male,50985.0,Regular,15.0,15.0,4.0,57.0,5.0,6.0,63.0,1
C3909,26.0,Male,48287.0,New,1.0,7.0,3.0,39.0,10.0,4.0,3.0,1
C3910,34.0,Male,147699.0,New,0.0,4.0,7.0,19.0,4.0,6.0,162.0,0
C3911,28.0,Male,145702.0,Regular,9.0,20.0,6.0,38.0,5.0,0.0,102.0,0
C3912,49.0,Female,93527.0,New,6.0,17.0,4.0,23.0,9.0,4.0,92.0,1
C3913,27.0,Male,35439.0,New,10.0,4.0,9.0,16.0,10.0,3.0,177.0,1
C3914,39.0,Male,148676.0,Regular,9.0,19.0,1.0,46.0,2.0,7.0,172.0,0
C3915,34.0,Female,114620.0,New,2.0,5.0,1.0,44.0,6.0,6.0,169.0,1
C3916,21.0,Male,62235.0,Regular,3.0,16.0,9.0,6.0,7.0,7.0,48.0,1
C3917,42.0,Male,47659.0,Loyal,10.0,3.0,7.0,58.0,4.0,1.0,8.0,1
C3918,38.0,Female,44976.0,New,8.0,11.0,2.0,59.0,4.0,1.0,135.0,1
C3919,54.0,Male,124239.0,Regular,5.0,15.0,11.0,26.0,3.0,2.0,37.0,0
C3920,55.0,Female,102643.0,Regular,13.0,19.0,10.0,22.0,9.0,0.0,71.0,0
C3921,18.0,Male,87865.0,Regular,0.0,14.0,5.0,45.0,4.0,7.0,178.0,0
C3922,42.0,Male,127631.0,Regular,8.0,16.0,13.0,47.0,9.0,2.0,82.0,1
C3923,53.0,Male,88306.0,Regular,8.0,6.0,4.0,24.0,10.0,1.0,112.0,1
C3924,34.0,Female,76697.0,Loyal,4.0,5.0,1.0,46.0,7.0,0.0,103.0,0
C3925,58.0,Female,90382.0,Loyal,7.0,17.0,12.0,40.0,4.0,7.0,21.0,1
C3926,41.0,Female,36651.0,Regular,6.0,16.0,13.0,21.0,8.0,4.0,34.0,1
C3927,19.0,Female,69044.0,New,10.0,2.0,9.0,30.0,0.0,4.0,177.0,0
C3928,57.0,Male,34633.0,New,7.0,11.0,15.0,52.0,6.0,3.0,27.0,0
C3929,32.0,Female,99164.0,New,8.0,4.0,6.0,11.0,4.0,7.0,8.0,1
C3930,49.0,Female,20569.0,Regular,13.0,6.0,11.0,53.0,3.0,5.0,162.0,0
C3931,56.0,Female,79900.0,New,1.0,7.0,13.0,9.0,2.0,1.0,18.0,0
C3932,23.0,Male,87509.0,Regular,9.0,17.0,14.0,12.0,9.0,4.0,179.0,1
C3933,18.0,Male,143425.0,Loyal,4.0,8.0,12.0,26.0,6.0,0.0,140.0,0
C3934,40.0,Female,121126.0,New,7.0,1.0,6.0,38.0,1.0,5.0,51.0,0
C3935,56.0,Female,139148.0,Loyal,15.0,15.0,4.0,51.0,4.0,5.0,168.0,0
C3936,34.0,Male,147522.0,Regular,15.0,20.0,13.0,3.0,1.0,4.0,150.0,1
C3937,51.0,Female,53038.0,New,2.0,12.0,2.0,33.0,6.0,2.0,136.0,0
C3938,58.0,Female,69088.0,Regular,10.0,15.0,8.0,15.0,5.0,2.0,156.0,1
C3939,46.0,Female,93177.0,Regular,14.0,15.0,15.0,47.0,9.0,2.0,178.0,0
C3940,26.0,Female,94466.0,Regular,10.0,9.0,15.0,5.0,6.0,7.0,47.0,0
C3941,30.0,Male,92216.0,New,5.0,16.0,8.0,54.0,8.0,5.0,56.0,1
C3942,23.0,Male,86793.0,Regular,5.0,2.0,3.0,24.0,1.0,2.0,160.0,1
C3943,23.0,Male,93786.0,Loyal,15.0,15.0,7.0,11.0,8.0,2.0,139.0,1
C3944,37.0,Female,58138.0,Regular,6.0,15.0,14.0,57.0,6.0,5.0,149.0,0
C3945,20.0,Female,83310.0,New,15.0,7.0,7.0,55.0,1.0,3.0,154.0,0
C3946,34.0,Male,48757.0,Regular,12.0,13.0,14.0,33.0,9.0,2.0,142.0,1
C3947,29.0,Male,90394.0,Regular,10.0,17.0,5.0,23.0,1.0,3.0,79.0,1
C3948,18.0,Male,126885.0,Regular,2.0,11.0,15.0,10.0,3.0,3.0,14.0,1
C3949,34.0,Female,99027.0,Regular,7.0,10.0,5.0,57.0,1.0,4.0,100.0,1
C3950,20.0,Male,110830.0,Regular,7.0,1.0,15.0,52.0,0.0,5.0,3.0,0
C3951,43.0,Female,76151.0,Loyal,8.0,14.0,8.0,43.0,5.0,0.0,122.0,0
C3952,32.0,Female,130740.0,Regular,7.0,5.0,4.0,28.0,9.0,2.0,7.0,0
C3953,53.0,Male,131174.0,Regular,2.0,8.0,1.0,39.0,10.0,0.0,39.0,0
C3954,49.0,Male,69272.0,New,5.0,1.0,1.0,57.0,4.0,1.0,115.0,1
C3955,49.0,Female,26908.0,Loyal,8.0,7.0,9.0,17.0,2.0,7.0,110.0,0
C3956,21.0,Male,30844.0,Loyal,0.0,2.0,4.0,44.0,10.0,3.0,65.0,0
C3957,35.0,Male,71455.0,New,2.0,7.0,1.0,26.0,0.0,6.0,25.0,0
C3958,36.0,Female,123165.0,Regular,1.0,7.0,13.0,25.0,8.0,1.0,31.0,0
C3959,60.0,Female,88447.0,New,11.0,9.0,2.0,36.0,7.0,3.0,86.0,1
C3960,52.0,Female,94527.0,Loyal,7.0,4.0,10.0,12.0,5.0,2.0,138.0,1
C3961,57.0,Female,97108.0,Regular,5.0,7.0,7.0,56.0,5.0,1.0,77.0,0
C3962,31.0,Female,63066.0,New,9.0,20.0,2.0,3.0,3.0,5.0,137.0,1
C3963,50.0,Male,115229.0,Loyal,10.0,18.0,1.0,50.0,1.0,4.0,122.0,0
C3964,31.0,Female,60004.0,New,15.0,13.0,10.0,29.0,3.0,7.0,8.0,0
C3965,51.0,Female,58333.0,Loyal,10.0,11.0,14.0,44.0,1.0,1.0,97.0,1
C3966,21.0,Female,141219.0,Regular,15.0,9.0,9.0,56.0,6.0,7.0,19.0,0
C3967,41.0,Male,103029.0,Regular,7.0,14.0,14.0,24.0,8.0,3.0,30.0,1
C3968,46.0,Female,59697.0,New,1.0,8.0,5.0,19.0,1.0,5.0,9.0,0
C3969,36.0,Female,37634.0,New,10.0,14.0,14.0,13.0,8.0,3.0,83.0,0
C3970,23.0,Female,145520.0,Regular,5.0,17.0,13.0,16.0,8.0,0.0,47.0,0
C3971,50.0,Male,44561.0,Regular,6.0,14.0,4.0,40.0,7.0,6.0,174.0,0
C3972,57.0,Female,38033.0,New,7.0,5.0,4.0,27.0,0.0,6.0,90.0,0
C3973,36.0,Female,92887.0,New,8.0,10.0,15.0,59.0,4.0,1.0,1.0,0
C3974,18.0,Female,75063.0,New,4.0,6.0,14.0,6.0,9.0,4.0,131.0,1
C3975,22.0,Male,45921.0,Regular,10.0,10.0,11.0,42.0,10.0,2.0,162.0,0
C3976,44.0,Male,39340.0,Regular,2.0,11.0,13.0,57.0,3.0,0.0,153.0,1
C3977,33.0,Male,82781.0,New,1.0,6.0,1.0,10.0,6.0,1.0,158.0,1
C3978,23.0,Male,34901.0,Regular,7.0,10.0,3.0,38.0,10.0,0.0,1.0,0
C3979,57.0,Female,30638.0,New,0.0,14.0,13.0,8.0,7.0,1.0,123.0,0
C3980,30.0,Female,58596.0,Loyal,9.0,20.0,1.0,18.0,9.0,6.0,146.0,0
C3981,52.0,Male,106914.0,Loyal,14.0,3.0,5.0,32.0,10.0,2.0,161.0,0
C3982,36.0,Male,64324.0,Regular,15.0,7.0,5.0,17.0,7.0,2.0,137.0,0
C3983,29.0,Female,108356.0,Loyal,5.0,2.0,9.0,58.0,1.0,6.0,135.0,0
C3984,33.0,Female,110596.0,Loyal,1.0,7.0,13.0,42.0,2.0,7.0,30.0,0
C3985,60.0,Male,52642.0,Loyal,2.0,17.0,8.0,2.0,9.0,4.0,77.0,0
C3986,27.0,Male,142302.0,Regular,7.0,13.0,5.0,44.0,9.0,0.0,81.0,1
C3987,42.0,Male,45378.0,Regular,0.0,9.0,5.0,20.0,6.0,4.0,13.0,1
C3988,37.0,Male,70867.0,New,5.0,13.0,7.0,10.0,3.0,1.0,13.0,1
C3989,48.0,Female,93686.0,Regular,2.0,15.0,12.0,9.0,5.0,2.0,42.0,0
C3990,21.0,Male,62875.0,Regular,5.0,13.0,2.0,48.0,7.0,2.0,124.0,0
C3991,40.0,Male,138171.0,New,2.0,17.0,13.0,39.0,7.0,3.0,101.0,1
C3992,19.0,Female,109595.0,New,10.0,8.0,7.0,41.0,6.0,3.0,78.0,0
C3993,39.0,Female,120061.0,Regular,10.0,9.0,1.0,25.0,1.0,6.0,107.0,0
C3994,54.0,Female,103729.0,New,7.0,9.0,14.0,25.0,1.0,4.0,36.0,1
C3995,25.0,Female,84377.0,Regular,4.0,8.0,5.0,24.0,2.0,0.0,35.0,0
C3996,24.0,Female,149267.0,Loyal,3.0,16.0,15.0,6.0,3.0,6.0,174.0,1
C3997,31.0,Male,74691.0,Regular,8.0,20.0,12.0,30.0,0.0,1.0,173.0,0
C3998,20.0,Male,140736.0,Regular,14.0,7.0,15.0,59.0,4.0,4.0,56.0,1
C3999,33.0,Male,129503.0,Regular,4.0,17.0,12.0,10.0,6.0,2.0,87.0,0
C4000,36.0,Female,113337.0,Regular,11.0,7.0,6.0,39.0,9.0,2.0,5.0,1
C4001,35.0,Male,84303.0,New,13.0,6.0,13.0,31.0,10.0,7.0,172.0,1
C4002,33.0,Female,80839.0,Loyal,3.0,5.0,11.0,18.0,4.0,7.0,121.0,0
C4003,25.0,Male,145200.0,New,7.0,17.0,14.0,43.0,6.0,2.0,156.0,0
C4004,50.0,Male,69063.0,New,7.0,8.0,10.0,33.0,4.0,1.0,87.0,0
C4005,29.0,Female,111782.0,Loyal,7.0,1.0,1.0,53.0,10.0,6.0,170.0,1
C4006,28.0,Female,148824.0,New,3.0,16.0,15.0,56.0,9.0,4.0,98.0,1
C4007,22.0,Male,98343.0,Regular,12.0,17.0,9.0,19.0,7.0,1.0,159.0,1
C4008,44.0,Male,103071.0,New,0.0,3.0,9.0,23.0,6.0,5.0,135.0,0
C4009,29.0,Male,25492.0,New,1.0,13.0,1.0,5.0,0.0,7.0,7.0,1
C4010,34.0,Male,141399.0,New,3.0,8.0,4.0,60.0,10.0,2.0,4.0,1
C4011,23.0,Male,51357.0,New,15.0,16.0,15.0,26.0,0.0,3.0,108.0,1
C4012,50.0,Female,91838.0,Regular,9.0,7.0,8.0,29.0,4.0,4.0,128.0,0
C4013,22.0,Female,52314.0,Loyal,1.0,15.0,2.0,24.0,1.0,3.0,32.0,1
C4014,45.0,Female,68697.0,Regular,10.0,2.0,13.0,6.0,8.0,4.0,28.0,0
C4015,31.0,Female,90283.0,Loyal,9.0,2.0,13.0,54.0,1.0,6.0,4.0,0
C4016,22.0,Male,79567.0,New,13.0,10.0,11.0,39.0,8.0,2.0,109.0,1
C4017,50.0,Male,67006.0,Regular,13.0,5.0,13.0,55.0,9.0,3.0,8.0,0
C4018,58.0,Female,80011.0,New,2.0,4.0,8.0,4.0,1.0,7.0,142.0,0
C4019,36.0,Male,126706.0,Regular,8.0,15.0,10.0,58.0,3.0,3.0,30.0,0
C4020,39.0,Female,30686.0,Regular,14.0,13.0,13.0,48.0,2.0,4.0,131.0,0
C4021,22.0,Male,57449.0,Regular,8.0,17.0,12.0,60.0,5.0,5.0,130.0,1
C4022,19.0,Male,81606.0,Loyal,13.0,1.0,14.0,42.0,3.0,5.0,10.0,0
C4023,47.0,Male,38891.0,Regular,14.0,18.0,13.0,26.0,8.0,3.0,70.0,1
C4024,56.0,Female,72115.0,Regular,10.0,15.0,9.0,15.0,8.0,3.0,119.0,0
C4025,21.0,Female,121732.0,Loyal,8.0,14.0,9.0,13.0,9.0,6.0,71.0,1
C4026,50.0,Female,80719.0,New,6.0,9.0,14.0,40.0,8.0,7.0,144.0,0
C4027,30.0,Female,115464.0,Regular,14.0,12.0,1.0,22.0,2.0,2.0,70.0,0
C4028,37.0,Male,93030.0,Regular,3.0,5.0,9.0,59.0,2.0,4.0,91.0,0
C4029,24.0,Male,56723.0,Regular,0.0,2.0,4.0,13.0,3.0,4.0,120.0,0
C4030,32.0,Male,49877.0,New,2.0,7.0,12.0,56.0,8.0,0.0,150.0,1
C4031,40.0,Male,138393.0,Regular,14.0,9.0,12.0,39.0,5.0,4.0,35.0,0
C4032,31.0,Female,113517.0,Regular,13.0,18.0,8.0,17.0,8.0,7.0,124.0,0
C4033,40.0,Male,34026.0,Regular,7.0,4.0,13.0,36.0,7.0,7.0,112.0,1
C4034,36.0,Male,40422.0,New,3.0,2.0,14.0,39.0,6.0,2.0,102.0,0
C4035,46.0,Male,29244.0,Loyal,9.0,1.0,9.0,48.0,4.0,3.0,177.0,0
C4036,37.0,Female,53481.0,Loyal,9.0,12.0,3.0,25.0,8.0,6.0,130.0,0
C4037,46.0,Female,109180.0,Regular,1.0,13.0,6.0,34.0,3.0,0.0,147.0,0
C4038,41.0,Female,129384.0,Regular,13.0,14.0,3.0,21.0,3.0,6.0,132.0,0
C4039,35.0,Male,141699.0,Loyal,7.0,5.0,1.0,25.0,7.0,6.0,82.0,1
C4040,27.0,Female,78031.0,New,6.0,3.0,10.0,25.0,3.0,3.0,104.0,0
C4041,58.0,Male,28521.0,New,10.0,4.0,6.0,22.0,6.0,4.0,41.0,0
C4042,25.0,Male,21746.0,Regular,9.0,17.0,5.0,23.0,3.0,1.0,56.0,0
C4043,43.0,Male,103127.0,Loyal,8.0,19.0,3.0,25.0,10.0,7.0,55.0,1
C4044,46.0,Female,112254.0,New,1.0,11.0,14.0,14.0,0.0,3.0,159.0,0
C4045,27.0,Female,135472.0,Loyal,14.0,8.0,14.0,14.0,9.0,5.0,127.0,0
C4046,34.0,Male,88232.0,Regular,4.0,12.0,4.0,26.0,8.0,4.0,150.0,0
C4047,19.0,Male,32012.0,Regular,5.0,18.0,2.0,40.0,3.0,5.0,75.0,0
C4048,23.0,Female,100224.0,New,12.0,18.0,12.0,30.0,2.0,2.0,176.0,1
C4049,22.0,Female,43457.0,New,1.0,9.0,10.0,26.0,2.0,5.0,80.0,0
C4050,45.0,Female,90572.0,Loyal,15.0,5.0,10.0,38.0,8.0,4.0,128.0,1
C4051,58.0,Male,125431.0,Loyal,14.0,17.0,13.0,22.0,7.0,0.0,132.0,0
C4052,22.0,Male,49960.0,Regular,1.0,13.0,14.0,39.0,9.0,5.0,149.0,1
C4053,35.0,Male,122022.0,Loyal,12.0,6.0,4.0,39.0,6.0,7.0,169.0,0
C4054,43.0,Female,107695.0,Loyal,14.0,14.0,4.0,34.0,6.0,1.0,45.0,1
C4055,37.0,Female,27910.0,Regular,13.0,15.0,3.0,25.0,3.0,6.0,84.0,0
C4056,58.0,Female,22693.0,Regular,13.0,14.0,6.0,36.0,2.0,1.0,8.0,0
C4057,44.0,Male,135313.0,Regular,9.0,4.0,1.0,13.0,3.0,1.0,107.0,1
C4058,29.0,Male,35858.0,Regular,13.0,18.0,9.0,29.0,5.0,5.0,117.0,1
C4059,24.0,Female,48810.0,New,3.0,1.0,11.0,42.0,3.0,2.0,9.0,0
C4060,20.0,Male,40092.0,Regular,14.0,12.0,10.0,9.0,3.0,1.0,146.0,0
C4061,27.0,Female,108779.0,New,7.0,9.0,3.0,15.0,1.0,3.0,31.0,0
C4062,51.0,Male,68700.0,Loyal,14.0,10.0,3.0,31.0,6.0,6.0,35.0,0
C4063,42.0,Female,78105.0,Loyal,13.0,18.0,12.0,44.0,5.0,7.0,158.0,0
C4064,52.0,Male,50505.0,New,14.0,17.0,3.0,27.0,1.0,2.0,18.0,0
C4065,33.0,Male,93228.0,Regular,12.0,19.0,7.0,31.0,4.0,4.0,169.0,0
C4066,19.0,Female,48555.0,Regular,10.0,4.0,8.0,10.0,5.0,0.0,24.0,1
C4067,41.0,Female,91934.0,Regular,4.0,16.0,2.0,51.0,4.0,2.0,86.0,0
C4068,27.0,Female,92788.0,New,8.0,7.0,1.0,53.0,3.0,6.0,48.0,1
C4069,55.0,Female,97257.0,Regular,3.0,9.0,5.0,37.0,10.0,6.0,142.0,0
C4070,39.0,Female,37939.0,New,2.0,8.0,8.0,7.0,10.0,0.0,147.0,1
C4071,43.0,Male,31825.0,New,9.0,7.0,14.0,60.0,8.0,2.0,60.0,0
C4072,60.0,Female,110787.0,New,14.0,10.0,3.0,32.0,2.0,4.0,93.0,0
C4073,56.0,Female,122491.0,New,7.0,8.0,6.0,52.0,10.0,0.0,22.0,0
C4074,44.0,Female,44151.0,Loyal,0.0,17.0,3.0,11.0,1.0,6.0,30.0,1
C4075,46.0,Male,148068.0,Loyal,8.0,12.0,15.0,48.0,8.0,2.0,143.0,0
C4076,55.0,Female,20036.0,Regular,15.0,14.0,6.0,45.0,7.0,6.0,21.0,0
C4077,37.0,Female,113948.0,Regular,3.0,12.0,12.0,28.0,8.0,0.0,154.0,0
C4078,44.0,Female,103707.0,New,10.0,2.0,4.0,4.0,9.0,1.0,100.0,0
C4079,58.0,Male,59051.0,Regular,8.0,12.0,14.0,48.0,10.0,6.0,12.0,0
C4080,37.0,Male,118297.0,New,7.0,14.0,11.0,45.0,2.0,1.0,135.0,0
C4081,36.0,Female,100738.0,Regular,2.0,7.0,15.0,31.0,0.0,5.0,103.0,0
C4082,37.0,Male,93596.0,Loyal,2.0,13.0,7.0,29.0,10.0,1.0,35.0,0
C4083,52.0,Female,80071.0,New,13.0,4.0,11.0,33.0,0.0,3.0,68.0,1
C4084,19.0,Male,93601.0,Loyal,8.0,1.0,10.0,54.0,2.0,1.0,130.0,0
C4085,47.0,Female,49873.0,New,2.0,17.0,1.0,4.0,3.0,1.0,20.0,0
C4086,51.0,Male,56648.0,Regular,3.0,3.0,1.0,59.0,1.0,4.0,47.0,0
C4087,39.0,Female,91468.0,New,8.0,17.0,15.0,47.0,7.0,7.0,84.0,1
C4088,20.0,Female,46470.0,Regular,11.0,8.0,5.0,58.0,2.0,0.0,12.0,0
C4089,23.0,Male,85129.0,New,3.0,3.0,9.0,26.0,3.0,0.0,53.0,1
C4090,32.0,Female,28328.0,Regular,10.0,10.0,5.0,53.0,5.0,1.0,17.0,0
C4091,44.0,Female,26333.0,Regular,2.0,2.0,4.0,31.0,9.0,0.0,18.0,0
C4092,27.0,Female,140447.0,Regular,13.0,4.0,8.0,31.0,5.0,2.0,104.0,0
C4093,26.0,Female,141173.0,Regular,15.0,14.0,13.0,27.0,1.0,5.0,152.0,0
C4094,50.0,Male,66638.0,Loyal,6.0,11.0,5.0,25.0,5.0,6.0,72.0,1
C4095,49.0,Female,31268.0,Regular,5.0,14.0,1.0,48.0,3.0,1.0,165.0,0
C4096,23.0,Male,90603.0,New,0.0,13.0,7.0,36.0,4.0,5.0,105.0,0
C4097,58.0,Male,133920.0,New,13.0,4.0,11.0,49.0,6.0,1.0,158.0,1
C4098,53.0,Male,130379.0,Loyal,9.0,2.0,15.0,31.0,6.0,3.0,84.0,0
C4099,19.0,Male,37045.0,Regular,7.0,2.0,4.0,43.0,5.0,5.0,52.0,0
C4100,46.0,Female,60741.0,Regular,0.0,11.0,10.0,57.0,9.0,2.0,151.0,1
C4101,21.0,Female,108306.0,New,15.0,5.0,5.0,37.0,5.0,1.0,37.0,0
C4102,18.0,Male,62770.0,Regular,3.0,9.0,13.0,58.0,5.0,1.0,123.0,0
C4103,36.0,Female,27887.0,New,5.0,20.0,6.0,45.0,3.0,0.0,97.0,1
C4104,43.0,Male,118718.0,Loyal,5.0,17.0,13.0,44.0,2.0,1.0,152.0,0
C4105,42.0,Female,117906.0,Loyal,6.0,12.0,7.0,59.0,0.0,5.0,100.0,0
C4106,27.0,Female,125154.0,New,13.0,18.0,11.0,23.0,2.0,5.0,120.0,1
C4107,32.0,Female,44918.0,Regular,10.0,3.0,2.0,35.0,2.0,1.0,50.0,0
C4108,39.0,Male,55497.0,New,11.0,5.0,15.0,4.0,8.0,1.0,148.0,1
C4109,38.0,Male,113562.0,Regular,13.0,20.0,14.0,28.0,2.0,1.0,47.0,0
C4110,39.0,Female,81009.0,Loyal,4.0,14.0,15.0,42.0,7.0,3.0,18.0,1
C4111,53.0,Male,31929.0,Regular,4.0,16.0,1.0,41.0,7.0,2.0,122.0,1
C4112,51.0,Male,133292.0,Regular,15.0,19.0,12.0,42.0,2.0,7.0,26.0,1
C4113,47.0,Female,122201.0,New,3.0,9.0,3.0,13.0,9.0,6.0,120.0,1
C4114,42.0,Male,147121.0,Loyal,5.0,17.0,10.0,1.0,9.0,7.0,71.0,1
C4115,45.0,Female,81762.0,Regular,6.0,7.0,12.0,12.0,5.0,5.0,43.0,1
C4116,18.0,Female,120473.0,Regular,9.0,10.0,1.0,43.0,7.0,3.0,47.0,0
C4117,21.0,Female,99099.0,New,14.0,4.0,4.0,53.0,7.0,6.0,85.0,0
C4118,24.0,Male,136566.0,Regular,9.0,10.0,6.0,40.0,9.0,0.0,43.0,0
C4119,26.0,Female,48546.0,Loyal,0.0,3.0,5.0,26.0,9.0,4.0,128.0,0
C4120,53.0,Female,141142.0,Regular,8.0,9.0,13.0,55.0,8.0,1.0,160.0,1
C4121,36.0,Male,98424.0,Regular,14.0,13.0,11.0,46.0,8.0,5.0,7.0,0
C4122,18.0,Male,57338.0,Regular,13.0,1.0,4.0,46.0,7.0,6.0,32.0,1
C4123,27.0,Male,145497.0,Loyal,7.0,15.0,7.0,52.0,6.0,0.0,88.0,0
C4124,53.0,Male,54283.0,Regular,6.0,15.0,13.0,23.0,9.0,5.0,65.0,1
C4125,26.0,Female,102494.0,New,8.0,11.0,11.0,49.0,2.0,7.0,58.0,1
C4126,59.0,Male,98170.0,Regular,2.0,10.0,11.0,22.0,6.0,7.0,92.0,1
C4127,49.0,Male,104787.0,Regular,9.0,7.0,6.0,57.0,3.0,4.0,34.0,0
C4128,49.0,Male,66566.0,Regular,3.0,1.0,3.0,51.0,1.0,6.0,90.0,0
C4129,23.0,Male,105464.0,Loyal,15.0,7.0,9.0,52.0,7.0,1.0,66.0,0
C4130,55.0,Female,122781.0,Regular,6.0,5.0,15.0,56.0,1.0,5.0,160.0,1
C4131,34.0,Male,148279.0,New,5.0,16.0,5.0,28.0,0.0,1.0,98.0,1
C4132,27.0,Female,101991.0,Loyal,13.0,8.0,13.0,53.0,4.0,4.0,50.0,1
C4133,44.0,Male,112680.0,Regular,15.0,2.0,10.0,53.0,9.0,3.0,24.0,0
C4134,52.0,Female,48013.0,Regular,12.0,8.0,1.0,17.0,8.0,6.0,174.0,0
C4135,38.0,Female,72132.0,Regular,1.0,14.0,13.0,6.0,4.0,4.0,131.0,0
C4136,42.0,Male,143997.0,Regular,15.0,4.0,6.0,14.0,10.0,4.0,114.0,0
C4137,45.0,Female,107412.0,New,15.0,15.0,5.0,50.0,1.0,5.0,10.0,0
C4138,32.0,Male,112498.0,Loyal,1.0,7.0,10.0,17.0,9.0,7.0,134.0,0
C4139,21.0,Female,48084.0,Loyal,9.0,20.0,8.0,38.0,3.0,6.0,98.0,0
C4140,46.0,Female,127855.0,Regular,6.0,8.0,4.0,5.0,7.0,2.0,52.0,0
C4141,26.0,Female,41143.0,Regular,8.0,11.0,12.0,13.0,6.0,1.0,50.0,0
C4142,44.0,Male,111627.0,New,10.0,2.0,1.0,48.0,4.0,6.0,110.0,0
C4143,43.0,Female,142772.0,New,14.0,9.0,11.0,53.0,3.0,7.0,58.0,0
C4144,36.0,Male,34179.0,Regular,15.0,6.0,2.0,9.0,4.0,5.0,180.0,0
C4145,45.0,Female,118343.0,Regular,11.0,1.0,8.0,44.0,6.0,1.0,13.0,1
C4146,34.0,Female,78726.0,Loyal,8.0,3.0,10.0,42.0,4.0,3.0,125.0,0
C4147,60.0,Female,30222.0,Loyal,6.0,10.0,8.0,26.0,7.0,6.0,59.0,0
C4148,58.0,Female,79965.0,Regular,10.0,5.0,13.0,13.0,6.0,3.0,167.0,1
C4149,59.0,Female,140061.0,Regular,7.0,12.0,14.0,19.0,6.0,2.0,53.0,1
C4150,37.0,Female,147941.0,New,15.0,1.0,5.0,48.0,8.0,2.0,20.0,0
C4151,57.0,Male,84068.0,Loyal,9.0,9.0,6.0,17.0,7.0,2.0,96.0,0
C4152,56.0,Male,43949.0,Regular,2.0,13.0,2.0,16.0,7.0,7.0,10.0,0
C4153,40.0,Male,36116.0,New,0.0,19.0,11.0,30.0,5.0,3.0,154.0,1
C4154,49.0,Female,71052.0,Regular,6.0,7.0,12.0,32.0,6.0,4.0,147.0,0
C4155,50.0,Male,71369.0,Loyal,7.0,16.0,9.0,14.0,7.0,7.0,61.0,1
C4156,22.0,Female,68817.0,Loyal,1.0,8.0,15.0,48.0,4.0,5.0,77.0,1
C4157,60.0,Male,123100.0,New,14.0,19.0,6.0,56.0,9.0,1.0,118.0,0
C4158,51.0,Male,122910.0,Loyal,8.0,7.0,12.0,15.0,1.0,1.0,162.0,0
C4159,57.0,Female,103203.0,New,3.0,4.0,9.0,12.0,6.0,5.0,84.0,1
C4160,28.0,Female,94311.0,New,9.0,10.0,11.0,37.0,9.0,0.0,172.0,0
C4161,20.0,Male,49655.0,Loyal,10.0,1.0,10.0,11.0,2.0,3.0,18.0,0
C4162,50.0,Male,77802.0,Loyal,8.0,17.0,3.0,5.0,9.0,3.0,121.0,1
C4163,28.0,Male,67632.0,Regular,15.0,13.0,6.0,56.0,10.0,2.0,112.0,0
C4164,33.0,Male,34193.0,Regular,12.0,19.0,10.0,56.0,7.0,7.0,72.0,0
C4165,35.0,Female,100212.0,Loyal,2.0,13.0,5.0,11.0,5.0,6.0,144.0,0
C4166,47.0,Male,50776.0,Loyal,7.0,9.0,9.0,34.0,10.0,6.0,104.0,1
C4167,27.0,Female,63225.0,Loyal,10.0,5.0,13.0,19.0,3.0,5.0,77.0,0
C4168,35.0,Female,80010.0,Regular,1.0,1.0,10.0,26.0,1.0,0.0,26.0,0
C4169,55.0,Male,102735.0,Loyal,14.0,2.0,15.0,26.0,6.0,0.0,103.0,0
C4170,36.0,Female,85451.0,Loyal,13.0,11.0,1.0,17.0,0.0,3.0,155.0,1
C4171,53.0,Male,68812.0,New,2.0,4.0,9.0,31.0,6.0,2.0,4.0,0
C4172,30.0,Female,100602.0,Loyal,0.0,9.0,5.0,19.0,9.0,1.0,51.0,1
C4173,20.0,Female,38895.0,Regular,4.0,5.0,1.0,44.0,9.0,2.0,131.0,0
C4174,27.0,Male,85782.0,Regular,3.0,5.0,10.0,20.0,6.0,1.0,87.0,1
C4175,55.0,Female,41209.0,Regular,12.0,8.0,8.0,59.0,9.0,6.0,66.0,1
C4176,18.0,Female,124820.0,New,0.0,2.0,7.0,23.0,2.0,3.0,144.0,0
C4177,44.0,Male,102336.0,Regular,9.0,7.0,14.0,25.0,3.0,7.0,28.0,1
C4178,25.0,Female,131646.0,Loyal,8.0,17.0,6.0,28.0,3.0,2.0,44.0,0
C4179,59.0,Female,81807.0,New,5.0,11.0,2.0,37.0,3.0,0.0,146.0,0
C4180,34.0,Male,43086.0,Regular,5.0,15.0,5.0,12.0,8.0,5.0,2.0,1
C4181,26.0,Male,105637.0,Loyal,13.0,3.0,3.0,48.0,5.0,4.0,172.0,1
C4182,23.0,Female,102027.0,Regular,10.0,13.0,2.0,1.0,9.0,0.0,148.0,1
C4183,60.0,Female,47207.0,Regular,1.0,18.0,14.0,2.0,8.0,6.0,56.0,0
C4184,42.0,Female,127334.0,Regular,14.0,20.0,10.0,10.0,3.0,5.0,120.0,1
C4185,56.0,Male,40897.0,Regular,13.0,20.0,1.0,34.0,6.0,1.0,104.0,1
C4186,45.0,Female,83083.0,Regular,6.0,3.0,9.0,32.0,9.0,3.0,151.0,0
C4187,50.0,Female,115028.0,Loyal,11.0,2.0,2.0,25.0,8.0,2.0,118.0,0
C4188,54.0,Female,86957.0,Regular,11.0,5.0,13.0,10.0,9.0,6.0,60.0,1
C4189,26.0,Female,117551.0,Loyal,14.0,20.0,11.0,55.0,2.0,6.0,173.0,1
C4190,35.0,Female,98506.0,Regular,15.0,5.0,1.0,50.0,2.0,3.0,47.0,0
C4191,38.0,Female,27283.0,Regular,8.0,13.0,14.0,1.0,5.0,3.0,78.0,1
C4192,19.0,Male,114024.0,Regular,5.0,8.0,7.0,32.0,7.0,1.0,165.0,0
C4193,60.0,Male,101481.0,Regular,10.0,16.0,9.0,37.0,0.0,3.0,136.0,1
C4194,55.0,Female,20255.0,Regular,7.0,18.0,6.0,12.0,3.0,2.0,133.0,1
C4195,57.0,Female,141936.0,New,11.0,16.0,8.0,49.0,7.0,6.0,23.0,1
C4196,53.0,Male,96555.0,New,4.0,1.0,15.0,57.0,5.0,0.0,105.0,0
C4197,60.0,Male,35487.0,New,1.0,8.0,11.0,51.0,1.0,3.0,10.0,1
C4198,54.0,Male,127333.0,New,12.0,2.0,7.0,18.0,7.0,2.0,113.0,0
C4199,32.0,Female,39346.0,Regular,14.0,5.0,9.0,30.0,0.0,2.0,27.0,1
C4200,45.0,Female,55050.0,New,15.0,15.0,7.0,13.0,0.0,1.0,99.0,1
C4201,35.0,Female,28744.0,Loyal,3.0,14.0,13.0,54.0,6.0,3.0,1.0,1
C4202,51.0,Female,44756.0,New,11.0,3.0,6.0,3.0,9.0,6.0,71.0,0
C4203,39.0,Male,81596.0,Regular,0.0,7.0,1.0,21.0,2.0,1.0,115.0,1
C4204,28.0,Male,103397.0,Regular,0.0,4.0,9.0,42.0,7.0,0.0,136.0,1
C4205,30.0,Male,45146.0,New,5.0,11.0,10.0,14.0,8.0,0.0,139.0,0
C4206,21.0,Male,139640.0,Loyal,14.0,12.0,5.0,40.0,7.0,5.0,127.0,1
C4207,39.0,Female,75032.0,New,1.0,15.0,13.0,10.0,0.0,7.0,116.0,1
C4208,24.0,Female,62687.0,Regular,5.0,6.0,2.0,2.0,0.0,2.0,156.0,0
C4209,60.0,Male,66103.0,Loyal,15.0,1.0,15.0,60.0,5.0,3.0,34.0,1
C4210,41.0,Male,41976.0,Regular,0.0,18.0,14.0,45.0,0.0,5.0,171.0,1
C4211,21.0,Male,82863.0,New,10.0,14.0,12.0,37.0,7.0,6.0,156.0,0
C4212,45.0,Male,141779.0,Regular,9.0,7.0,11.0,11.0,5.0,2.0,177.0,0
C4213,32.0,Male,20591.0,Regular,2.0,10.0,8.0,56.0,4.0,6.0,165.0,1
C4214,18.0,Female,26277.0,Loyal,15.0,9.0,13.0,1.0,5.0,3.0,131.0,0
C4215,20.0,Female,81860.0,Loyal,13.0,2.0,4.0,26.0,3.0,7.0,9.0,0
C4216,31.0,Male,22260.0,Regular,8.0,8.0,14.0,42.0,0.0,1.0,89.0,0
C4217,55.0,Male,129443.0,Loyal,1.0,1.0,3.0,59.0,6.0,0.0,130.0,0
C4218,18.0,Male,149505.0,New,7.0,20.0,13.0,60.0,9.0,5.0,23.0,0
C4219,55.0,Female,85883.0,New,5.0,2.0,1.0,13.0,8.0,6.0,179.0,1
C4220,55.0,Female,44741.0,Loyal,11.0,7.0,5.0,28.0,3.0,5.0,145.0,0
C4221,38.0,Female,139720.0,New,5.0,16.0,3.0,36.0,3.0,0.0,153.0,0
C4222,46.0,Male,57211.0,New,6.0,4.0,15.0,21.0,8.0,1.0,155.0,0
C4223,22.0,Female,129392.0,New,4.0,17.0,4.0,10.0,3.0,4.0,20.0,0
C4224,27.0,Male,147373.0,Regular,11.0,4.0,15.0,12.0,9.0,4.0,73.0,0
C4225,45.0,Female,61542.0,Regular,10.0,3.0,9.0,46.0,3.0,6.0,164.0,0
C4226,38.0,Female,26869.0,Regular,3.0,9.0,11.0,27.0,7.0,4.0,156.0,1
C4227,24.0,Female,113618.0,New,5.0,15.0,14.0,3.0,10.0,3.0,29.0,0
C4228,20.0,Male,107616.0,Regular,7.0,20.0,7.0,28.0,3.0,5.0,120.0,1
C4229,37.0,Male,84732.0,Loyal,3.0,3.0,11.0,2.0,8.0,1.0,170.0,0
C4230,36.0,Female,114515.0,Loyal,4.0,12.0,5.0,28.0,10.0,3.0,58.0,0
C4231,52.0,Male,39422.0,Regular,6.0,15.0,8.0,51.0,7.0,3.0,118.0,0
C4232,21.0,Male,55613.0,Loyal,5.0,20.0,6.0,31.0,4.0,6.0,32.0,1
C4233,22.0,Male,77016.0,Regular,12.0,8.0,10.0,43.0,8.0,1.0,140.0,0
C4234,18.0,Male,80110.0,New,3.0,12.0,2.0,21.0,7.0,3.0,158.0,1
C4235,21.0,Male,108529.0,New,12.0,13.0,7.0,7.0,9.0,6.0,60.0,1
C4236,29.0,Male,97922.0,New,3.0,15.0,1.0,50.0,3.0,5.0,139.0,1
C4237,44.0,Male,54033.0,Regular,9.0,11.0,3.0,31.0,3.0,1.0,101.0,0
C4238,59.0,Female,65213.0,New,3.0,17.0,12.0,14.0,0.0,7.0,139.0,0
C4239,40.0,Male,149633.0,Regular,0.0,12.0,1.0,39.0,3.0,4.0,112.0,0
C4240,42.0,Male,81993.0,New,4.0,20.0,14.0,54.0,7.0,4.0,111.0,1
C4241,38.0,Female,32938.0,Loyal,7.0,18.0,15.0,39.0,4.0,3.0,80.0,1
C4242,41.0,Female,96695.0,Regular,6.0,16.0,1.0,55.0,5.0,0.0,99.0,0
C4243,42.0,Female,22274.0,Loyal,4.0,3.0,15.0,9.0,3.0,1.0,178.0,0
C4244,49.0,Female,104390.0,Loyal,2.0,9.0,5.0,23.0,4.0,2.0,1.0,0
C4245,49.0,Male,51815.0,New,14.0,7.0,6.0,12.0,9.0,6.0,89.0,0
C4246,22.0,Female,96018.0,Regular,14.0,19.0,12.0,29.0,7.0,7.0,113.0,0
C4247,53.0,Female,38961.0,New,10.0,5.0,3.0,38.0,8.0,2.0,27.0,1
C4248,59.0,Male,40044.0,Loyal,0.0,19.0,14.0,58.0,2.0,3.0,116.0,0
C4249,59.0,Male,119372.0,Regular,12.0,10.0,3.0,56.0,9.0,0.0,32.0,1
C4250,56.0,Male,41975.0,New,6.0,20.0,3.0,39.0,3.0,1.0,6.0,1
C4251,33.0,Female,34706.0,New,12.0,12.0,1.0,22.0,0.0,4.0,41.0,1
C4252,50.0,Male,25974.0,Regular,14.0,8.0,5.0,4.0,10.0,3.0,164.0,0
C4253,38.0,Female,149675.0,Loyal,10.0,3.0,1.0,48.0,4.0,1.0,167.0,0
C4254,26.0,Male,96464.0,Regular,2.0,19.0,10.0,7.0,3.0,1.0,87.0,1
C4255,23.0,Male,41213.0,Loyal,3.0,11.0,10.0,60.0,5.0,1.0,158.0,1
C4256,52.0,Female,21950.0,Regular,13.0,8.0,3.0,40.0,5.0,0.0,57.0,0
C4257,56.0,Male,142971.0,New,4.0,13.0,13.0,8.0,9.0,1.0,139.0,1
C4258,39.0,Male,105013.0,Loyal,12.0,10.0,6.0,60.0,5.0,0.0,90.0,0
C4259,58.0,Male,30411.0,New,14.0,18.0,11.0,60.0,2.0,0.0,131.0,0
C4260,22.0,Male,148603.0,Loyal,11.0,12.0,6.0,52.0,6.0,5.0,48.0,0
C4261,59.0,Male,107231.0,Regular,7.0,7.0,3.0,58.0,2.0,7.0,134.0,0
C4262,40.0,Female,66156.0,New,12.0,11.0,9.0,57.0,5.0,1.0,7.0,1
C4263,34.0,Female,82744.0,Regular,6.0,10.0,8.0,35.0,9.0,5.0,44.0,0
C4264,29.0,Male,37771.0,Loyal,8.0,3.0,11.0,9.0,0.0,4.0,61.0,0
C4265,40.0,Female,89810.0,Loyal,10.0,7.0,3.0,51.0,7.0,5.0,179.0,0
C4266,33.0,Female,55053.0,New,2.0,4.0,5.0,13.0,6.0,7.0,86.0,1
C4267,20.0,Female,137894.0,New,13.0,8.0,5.0,39.0,8.0,5.0,48.0,1
C4268,47.0,Male,72076.0,Regular,10.0,8.0,15.0,20.0,2.0,7.0,61.0,1
C4269,39.0,Male,27045.0,Regular,9.0,6.0,14.0,21.0,7.0,6.0,97.0,1
C4270,26.0,Male,77623.0,Regular,0.0,13.0,5.0,47.0,1.0,6.0,168.0,1
C4271,46.0,Female,49714.0,New,0.0,12.0,3.0,19.0,8.0,6.0,131.0,1
C4272,54.0,Female,54386.0,Loyal,11.0,3.0,5.0,2.0,0.0,1.0,158.0,0
C4273,40.0,Male,129283.0,Regular,9.0,6.0,5.0,44.0,9.0,4.0,152.0,0
C4274,30.0,Male,28562.0,Loyal,12.0,19.0,4.0,40.0,6.0,3.0,2.0,0
C4275,49.0,Female,75048.0,Regular,13.0,11.0,4.0,30.0,9.0,2.0,44.0,1
C4276,40.0,Female,113295.0,Regular,0.0,4.0,2.0,23.0,0.0,3.0,168.0,0
C4277,34.0,Male,32026.0,Loyal,1.0,15.0,9.0,55.0,5.0,0.0,19.0,0
C4278,57.0,Female,126147.0,Regular,1.0,2.0,15.0,40.0,0.0,7.0,152.0,0
C4279,38.0,Female,51589.0,Loyal,6.0,15.0,7.0,13.0,3.0,3.0,50.0,0
C4280,19.0,Female,128199.0,Loyal,8.0,17.0,1.0,33.0,6.0,2.0,20.0,0
C4281,54.0,Female,117274.0,Regular,7.0,2.0,5.0,32.0,1.0,7.0,57.0,0
C4282,23.0,Female,46844.0,Regular,14.0,7.0,2.0,28.0,2.0,2.0,113.0,1
C4283,35.0,Female,43447.0,New,3.0,16.0,10.0,24.0,3.0,4.0,50.0,0
C4284,47.0,Female,110415.0,New,1.0,5.0,6.0,42.0,5.0,6.0,95.0,0
C4285,39.0,Male,97502.0,New,2.0,16.0,7.0,28.0,8.0,3.0,105.0,0
C4286,50.0,Male,103268.0,New,9.0,19.0,12.0,30.0,3.0,0.0,159.0,0
C4287,47.0,Female,74708.0,New,4.0,2.0,2.0,53.0,5.0,5.0,165.0,1
C4288,34.0,Female,83925.0,Regular,8.0,15.0,11.0,56.0,6.0,5.0,107.0,0
C4289,60.0,Female,90825.0,Regular,7.0,4.0,6.0,41.0,3.0,0.0,93.0,1
C4290,49.0,Male,71574.0,Regular,12.0,2.0,15.0,29.0,5.0,4.0,4.0,0
C4291,59.0,Male,105548.0,New,11.0,10.0,13.0,34.0,2.0,7.0,138.0,0
C4292,31.0,Female,38812.0,New,13.0,5.0,3.0,51.0,4.0,5.0,63.0,0
C4293,27.0,Male,121337.0,Regular,2.0,18.0,9.0,22.0,10.0,4.0,164.0,0
C4294,53.0,Female,75309.0,Regular,8.0,4.0,15.0,25.0,9.0,5.0,57.0,1
C4295,51.0,Female,84230.0,Regular,9.0,1.0,4.0,14.0,3.0,5.0,171.0,0
C4296,26.0,Female,61628.0,Regular,2.0,18.0,3.0,10.0,6.0,3.0,105.0,1
C4297,59.0,Female,143379.0,Loyal,9.0,20.0,13.0,10.0,5.0,4.0,65.0,1
C4298,45.0,Female,60581.0,Regular,11.0,6.0,11.0,8.0,6.0,2.0,140.0,0
C4299,28.0,Female,136102.0,Regular,13.0,20.0,3.0,14.0,5.0,0.0,62.0,0
C4300,31.0,Female,66628.0,Loyal,7.0,20.0,2.0,45.0,1.0,5.0,152.0,0
C4301,56.0,Male,108628.0,Loyal,15.0,14.0,12.0,38.0,6.0,6.0,130.0,1
C4302,36.0,Female,45105.0,Regular,0.0,10.0,9.0,32.0,7.0,2.0,175.0,1
C4303,32.0,Male,99830.0,Regular,3.0,18.0,8.0,53.0,6.0,1.0,126.0,0
C4304,45.0,Female,141323.0,New,3.0,9.0,5.0,45.0,3.0,2.0,144.0,1
C4305,41.0,Female,89157.0,Regular,5.0,12.0,14.0,32.0,3.0,6.0,162.0,1
C4306,25.0,Male,52442.0,Loyal,11.0,10.0,14.0,3.0,4.0,0.0,146.0,0
C4307,60.0,Male,146336.0,Regular,11.0,19.0,13.0,60.0,8.0,1.0,29.0,1
C4308,26.0,Female,107235.0,Loyal,1.0,6.0,9.0,20.0,4.0,3.0,51.0,1
C4309,50.0,Male,135442.0,Regular,6.0,14.0,13.0,13.0,1.0,6.0,14.0,0
C4310,50.0,Female,22347.0,Loyal,4.0,8.0,2.0,55.0,4.0,1.0,94.0,0
C4311,36.0,Female,115022.0,Regular,9.0,14.0,6.0,23.0,2.0,4.0,58.0,0
C4312,20.0,Male,67650.0,New,15.0,11.0,7.0,19.0,9.0,0.0,163.0,0
C4313,27.0,Male,37110.0,Regular,5.0,16.0,6.0,16.0,7.0,4.0,137.0,0
C4314,57.0,Male,82170.0,New,10.0,20.0,15.0,36.0,9.0,2.0,128.0,0
C4315,59.0,Male,24923.0,New,13.0,6.0,3.0,35.0,9.0,3.0,37.0,1
C4316,18.0,Female,71801.0,Loyal,5.0,15.0,10.0,47.0,1.0,0.0,103.0,0
C4317,46.0,Male,82771.0,New,13.0,15.0,14.0,47.0,10.0,3.0,12.0,1
C4318,51.0,Male,144926.0,Loyal,13.0,14.0,10.0,50.0,3.0,5.0,85.0,0
C4319,30.0,Male,101147.0,New,11.0,12.0,10.0,54.0,4.0,0.0,139.0,1
C4320,18.0,Male,68135.0,New,13.0,2.0,9.0,7.0,3.0,6.0,27.0,1
C4321,51.0,Male,39199.0,Loyal,10.0,8.0,14.0,52.0,4.0,4.0,88.0,1
C4322,46.0,Female,29066.0,Regular,5.0,19.0,15.0,37.0,9.0,2.0,171.0,1
C4323,30.0,Female,121583.0,Regular,9.0,14.0,12.0,8.0,10.0,1.0,178.0,0
C4324,46.0,Male,72136.0,Regular,11.0,5.0,8.0,25.0,3.0,7.0,98.0,1
C4325,56.0,Male,112290.0,Regular,7.0,9.0,15.0,23.0,2.0,7.0,20.0,1
C4326,41.0,Female,56575.0,Loyal,9.0,13.0,8.0,10.0,0.0,3.0,141.0,0
C4327,43.0,Male,109796.0,Regular,15.0,9.0,8.0,30.0,3.0,0.0,47.0,0
C4328,34.0,Female,140787.0,Regular,3.0,14.0,9.0,33.0,8.0,0.0,8.0,0
C4329,24.0,Female,66733.0,Loyal,9.0,5.0,1.0,11.0,0.0,5.0,71.0,0
C4330,30.0,Male,134427.0,New,7.0,2.0,8.0,35.0,6.0,3.0,64.0,0
C4331,22.0,Female,36991.0,Regular,8.0,7.0,2.0,27.0,2.0,1.0,44.0,0
C4332,43.0,Male,42553.0,Loyal,12.0,16.0,4.0,53.0,7.0,2.0,12.0,1
C4333,20.0,Male,109710.0,Regular,12.0,11.0,1.0,3.0,5.0,0.0,105.0,0
C4334,24.0,Female,107493.0,Loyal,3.0,11.0,12.0,47.0,0.0,7.0,4.0,1
C4335,56.0,Female,20634.0,Regular,0.0,12.0,6.0,49.0,9.0,0.0,40.0,0
C4336,18.0,Male,115417.0,Loyal,2.0,13.0,10.0,50.0,4.0,3.0,147.0,0
C4337,34.0,Female,32771.0,Loyal,0.0,8.0,1.0,8.0,7.0,3.0,1.0,0
C4338,60.0,Male,145607.0,New,6.0,16.0,12.0,55.0,10.0,0.0,119.0,0
C4339,42.0,Female,135762.0,New,11.0,1.0,5.0,13.0,2.0,0.0,141.0,0
C4340,20.0,Female,38298.0,Regular,0.0,13.0,15.0,42.0,3.0,5.0,50.0,0
C4341,32.0,Male,99876.0,Regular,10.0,11.0,9.0,3.0,6.0,0.0,170.0,0
C4342,46.0,Male,118892.0,New,3.0,4.0,1.0,20.0,10.0,4.0,109.0,0
C4343,60.0,Male,55999.0,New,12.0,4.0,9.0,46.0,5.0,0.0,153.0,1
C4344,49.0,Female,91887.0,Regular,13.0,15.0,4.0,45.0,6.0,2.0,44.0,0
C4345,43.0,Male,79648.0,Loyal,0.0,3.0,3.0,35.0,8.0,2.0,109.0,0
C4346,33.0,Male,82668.0,Regular,12.0,19.0,8.0,13.0,8.0,6.0,98.0,1
C4347,42.0,Female,89374.0,Regular,12.0,2.0,6.0,20.0,1.0,5.0,81.0,0
C4348,45.0,Female,87509.0,New,1.0,6.0,7.0,24.0,2.0,1.0,149.0,0
C4349,26.0,Male,132650.0,Regular,10.0,8.0,9.0,57.0,3.0,3.0,179.0,0
C4350,18.0,Male,123348.0,New,14.0,17.0,5.0,55.0,5.0,1.0,76.0,0
C4351,46.0,Male,95783.0,New,13.0,5.0,13.0,9.0,4.0,0.0,80.0,0
C4352,39.0,Male,64440.0,Loyal,0.0,2.0,2.0,30.0,5.0,3.0,52.0,0
C4353,33.0,Female,51655.0,Loyal,12.0,12.0,3.0,25.0,10.0,0.0,63.0,0
C4354,58.0,Female,63039.0,New,4.0,5.0,3.0,16.0,7.0,3.0,84.0,0
C4355,58.0,Male,75255.0,New,6.0,10.0,4.0,55.0,1.0,5.0,138.0,0
C4356,24.0,Male,92219.0,Regular,2.0,9.0,10.0,55.0,5.0,6.0,87.0,0
C4357,31.0,Male,74989.0,Regular,13.0,20.0,7.0,8.0,8.0,4.0,111.0,0
C4358,46.0,Female,31244.0,New,7.0,8.0,12.0,44.0,4.0,7.0,59.0,0
C4359,36.0,Male,114594.0,Regular,13.0,1.0,10.0,58.0,0.0,6.0,8.0,1
C4360,36.0,Male,78595.0,New,14.0,6.0,6.0,28.0,7.0,4.0,51.0,1
C4361,19.0,Female,59551.0,Loyal,4.0,11.0,3.0,12.0,3.0,4.0,133.0,1
C4362,58.0,Female,83230.0,Regular,4.0,3.0,15.0,51.0,7.0,6.0,76.0,1
C4363,32.0,Male,123898.0,Regular,12.0,15.0,14.0,24.0,3.0,5.0,170.0,0
C4364,20.0,Male,48371.0,Regular,4.0,11.0,7.0,49.0,10.0,6.0,78.0,1
C4365,28.0,Female,89358.0,Loyal,7.0,5.0,4.0,29.0,7.0,1.0,124.0,0
C4366,47.0,Male,48878.0,Loyal,1.0,16.0,10.0,15.0,8.0,3.0,12.0,0
C4367,57.0,Male,56157.0,New,1.0,7.0,11.0,54.0,4.0,1.0,24.0,1
C4368,35.0,Female,25914.0,New,14.0,6.0,11.0,18.0,4.0,7.0,45.0,1
C4369,19.0,Female,103700.0,Regular,13.0,9.0,8.0,7.0,1.0,3.0,53.0,0
C4370,49.0,Female,47180.0,New,11.0,7.0,15.0,13.0,8.0,7.0,145.0,0
C4371,25.0,Male,23688.0,Regular,7.0,3.0,7.0,19.0,10.0,7.0,118.0,0
C4372,39.0,Female,100219.0,Regular,15.0,11.0,7.0,48.0,3.0,0.0,37.0,1
C4373,23.0,Female,98616.0,Regular,8.0,12.0,9.0,43.0,2.0,7.0,75.0,1
C4374,29.0,Male,116489.0,Regular,10.0,11.0,8.0,58.0,1.0,4.0,170.0,1
C4375,57.0,Male,29916.0,Regular,11.0,2.0,12.0,5.0,2.0,4.0,79.0,0
C4376,53.0,Female,76363.0,Loyal,9.0,1.0,1.0,26.0,3.0,3.0,168.0,0
C4377,32.0,Female,115213.0,New,9.0,2.0,7.0,2.0,8.0,1.0,23.0,0
C4378,45.0,Male,47360.0,Regular,1.0,14.0,15.0,33.0,5.0,1.0,151.0,0
C4379,35.0,Male,57805.0,New,3.0,13.0,3.0,48.0,9.0,2.0,49.0,0
C4380,19.0,Female,33453.0,New,7.0,5.0,12.0,37.0,4.0,4.0,128.0,1
C4381,30.0,Female,146599.0,Regular,1.0,2.0,4.0,25.0,8.0,4.0,135.0,0
C4382,32.0,Male,42703.0,New,3.0,19.0,6.0,25.0,7.0,1.0,37.0,0
C4383,37.0,Female,79021.0,New,9.0,17.0,5.0,39.0,5.0,4.0,144.0,0
C4384,46.0,Male,94176.0,New,12.0,11.0,8.0,30.0,2.0,1.0,38.0,1
C4385,59.0,Female,114799.0,Regular,15.0,16.0,2.0,41.0,6.0,2.0,99.0,0
C4386,46.0,Male,118385.0,Regular,12.0,20.0,5.0,4.0,9.0,3.0,168.0,1
C4387,20.0,Male,124582.0,New,0.0,18.0,5.0,19.0,5.0,7.0,29.0,0
C4388,36.0,Female,101614.0,Regular,15.0,20.0,15.0,27.0,10.0,3.0,103.0,0
C4389,20.0,Female,108919.0,New,1.0,8.0,3.0,52.0,7.0,2.0,145.0,0
C4390,31.0,Male,101072.0,Regular,6.0,2.0,14.0,47.0,5.0,4.0,148.0,1
C4391,57.0,Female,136094.0,Regular,0.0,17.0,10.0,39.0,10.0,6.0,110.0,1
C4392,21.0,Female,27410.0,Regular,11.0,11.0,15.0,24.0,9.0,0.0,153.0,0
C4393,28.0,Female,101462.0,Loyal,0.0,14.0,15.0,50.0,3.0,4.0,60.0,0
C4394,48.0,Male,68268.0,Loyal,1.0,16.0,13.0,37.0,9.0,7.0,166.0,0
C4395,60.0,Female,54248.0,New,3.0,15.0,5.0,53.0,6.0,1.0,63.0,0
C4396,49.0,Female,51159.0,Loyal,6.0,15.0,4.0,25.0,6.0,5.0,39.0,0
C4397,44.0,Male,62039.0,New,3.0,3.0,11.0,29.0,10.0,7.0,126.0,0
C4398,47.0,Female,121902.0,Loyal,4.0,7.0,5.0,31.0,7.0,0.0,83.0,0
C4399,60.0,Female,67800.0,New,3.0,12.0,10.0,45.0,1.0,2.0,21.0,1
C4400,19.0,Male,60761.0,Regular,3.0,3.0,9.0,35.0,10.0,3.0,32.0,1
C4401,26.0,Male,114626.0,New,8.0,19.0,7.0,28.0,5.0,3.0,28.0,0
C4402,45.0,Female,106103.0,New,14.0,10.0,1.0,38.0,2.0,6.0,103.0,0
C4403,48.0,Female,138368.0,Regular,5.0,8.0,3.0,58.0,7.0,4.0,12.0,0
C4404,51.0,Male,63663.0,Loyal,11.0,16.0,9.0,44.0,3.0,3.0,121.0,0
C4405,32.0,Male,100903.0,Regular,2.0,16.0,4.0,53.0,3.0,7.0,111.0,0
C4406,42.0,Female,60412.0,Regular,5.0,12.0,4.0,50.0,1.0,4.0,79.0,1
C4407,53.0,Female,138998.0,Loyal,12.0,5.0,10.0,50.0,5.0,6.0,92.0,1
C4408,25.0,Female,130252.0,New,6.0,20.0,6.0,4.0,5.0,6.0,120.0,0
C4409,26.0,Male,136446.0,New,6.0,6.0,3.0,28.0,0.0,1.0,85.0,0
C4410,54.0,Female,55367.0,New,7.0,6.0,3.0,52.0,7.0,1.0,80.0,0
C4411,56.0,Male,140304.0,Regular,12.0,8.0,15.0,31.0,2.0,2.0,151.0,1
C4412,49.0,Male,25813.0,New,3.0,17.0,9.0,23.0,0.0,5.0,15.0,0
C4413,34.0,Male,79894.0,New,0.0,12.0,13.0,14.0,9.0,1.0,101.0,0
C4414,52.0,Female,122157.0,New,5.0,14.0,5.0,28.0,0.0,4.0,12.0,1
C4415,54.0,Female,145626.0,New,7.0,2.0,14.0,14.0,0.0,3.0,132.0,0
C4416,36.0,Female,71444.0,Loyal,4.0,19.0,7.0,1.0,4.0,1.0,35.0,0
C4417,46.0,Male,54269.0,New,12.0,6.0,5.0,43.0,4.0,1.0,95.0,0
C4418,24.0,Female,81748.0,Regular,2.0,18.0,6.0,32.0,0.0,4.0,27.0,1
C4419,45.0,Male,61190.0,Regular,3.0,4.0,8.0,54.0,4.0,6.0,125.0,0
C4420,26.0,Male,60318.0,Regular,7.0,5.0,15.0,59.0,6.0,1.0,161.0,1
C4421,45.0,Male,57018.0,New,5.0,6.0,8.0,41.0,4.0,3.0,13.0,0
C4422,23.0,Male,144078.0,Regular,12.0,15.0,2.0,18.0,8.0,5.0,165.0,1
C4423,46.0,Male,59759.0,New,14.0,6.0,11.0,60.0,3.0,3.0,172.0,0
C4424,34.0,Male,36498.0,Regular,12.0,8.0,9.0,5.0,8.0,6.0,2.0,1
C4425,33.0,Female,45989.0,New,4.0,9.0,10.0,42.0,7.0,5.0,166.0,0
C4426,40.0,Male,122710.0,Regular,12.0,6.0,12.0,15.0,0.0,3.0,37.0,1
C4427,48.0,Female,45568.0,Regular,15.0,2.0,12.0,59.0,3.0,7.0,114.0,1
C4428,20.0,Male,137035.0,Regular,8.0,16.0,12.0,42.0,6.0,7.0,120.0,0
C4429,38.0,Female,86577.0,Regular,9.0,20.0,14.0,16.0,0.0,6.0,69.0,1
C4430,43.0,Female,125231.0,Regular,2.0,1.0,6.0,36.0,7.0,3.0,18.0,0
C4431,53.0,Female,134699.0,Loyal,6.0,16.0,7.0,36.0,10.0,0.0,48.0,0
C4432,59.0,Female,50099.0,New,8.0,1.0,3.0,40.0,1.0,6.0,81.0,0
C4433,54.0,Male,109900.0,Regular,10.0,1.0,4.0,30.0,7.0,3.0,66.0,1
C4434,39.0,Male,60639.0,Loyal,12.0,7.0,6.0,38.0,10.0,6.0,177.0,0
C4435,59.0,Male,124679.0,Regular,15.0,16.0,7.0,23.0,3.0,6.0,106.0,0
C4436,29.0,Male,43482.0,New,10.0,17.0,6.0,11.0,7.0,0.0,58.0,0
C4437,59.0,Female,89212.0,Regular,11.0,16.0,5.0,60.0,0.0,3.0,163.0,0
C4438,30.0,Female,75261.0,New,3.0,16.0,14.0,25.0,4.0,6.0,78.0,0
C4439,28.0,Female,131321.0,New,9.0,6.0,12.0,45.0,8.0,6.0,7.0,0
C4440,33.0,Male,107317.0,New,9.0,18.0,2.0,51.0,6.0,3.0,103.0,1
C4441,25.0,Female,50048.0,New,2.0,3.0,12.0,43.0,2.0,4.0,109.0,1
C4442,57.0,Male,23065.0,Regular,0.0,8.0,15.0,2.0,3.0,5.0,9.0,1
C4443,57.0,Female,22036.0,Loyal,8.0,4.0,15.0,35.0,9.0,3.0,69.0,1
C4444,19.0,Female,55814.0,New,12.0,4.0,7.0,47.0,6.0,1.0,132.0,0
C4445,47.0,Female,79694.0,Loyal,0.0,17.0,5.0,24.0,5.0,3.0,160.0,1
C4446,47.0,Female,36924.0,Loyal,1.0,5.0,12.0,13.0,3.0,7.0,133.0,0
C4447,29.0,Female,149493.0,Loyal,8.0,14.0,9.0,57.0,2.0,2.0,56.0,1
C4448,27.0,Male,80204.0,Loyal,4.0,15.0,13.0,42.0,10.0,7.0,56.0,1
C4449,28.0,Female,52844.0,Regular,3.0,12.0,11.0,37.0,1.0,4.0,44.0,0
C4450,32.0,Male,137755.0,New,8.0,13.0,4.0,56.0,9.0,4.0,72.0,1
C4451,33.0,Male,134184.0,Regular,8.0,18.0,14.0,30.0,8.0,3.0,141.0,0
C4452,34.0,Male,101943.0,Regular,1.0,14.0,10.0,11.0,2.0,2.0,132.0,0
C4453,43.0,Male,41518.0,Loyal,2.0,19.0,12.0,23.0,6.0,6.0,180.0,1
C4454,19.0,Male,37059.0,Loyal,11.0,7.0,2.0,60.0,0.0,5.0,15.0,0
C4455,29.0,Male,43052.0,Regular,15.0,6.0,7.0,46.0,7.0,3.0,120.0,0
C4456,43.0,Male,145274.0,Regular,2.0,5.0,7.0,28.0,0.0,1.0,110.0,0
C4457,40.0,Male,89803.0,New,15.0,4.0,1.0,29.0,1.0,6.0,82.0,0
C4458,35.0,Female,91524.0,New,4.0,18.0,11.0,57.0,0.0,4.0,84.0,1
C4459,49.0,Female,113510.0,Regular,12.0,14.0,14.0,52.0,3.0,6.0,1.0,1
C4460,55.0,Male,145639.0,Regular,2.0,16.0,13.0,15.0,1.0,4.0,139.0,0
C4461,20.0,Male,109572.0,Loyal,9.0,20.0,5.0,45.0,0.0,5.0,93.0,0
C4462,55.0,Male,28680.0,Regular,5.0,14.0,3.0,58.0,0.0,2.0,88.0,0
C4463,20.0,Female,87021.0,Loyal,15.0,5.0,9.0,3.0,1.0,0.0,84.0,1
C4464,47.0,Female,100249.0,Regular,1.0,11.0,9.0,9.0,5.0,5.0,166.0,0
C4465,18.0,Male,40043.0,Loyal,5.0,12.0,7.0,8.0,1.0,2.0,45.0,0
C4466,47.0,Male,146115.0,New,5.0,18.0,12.0,47.0,10.0,7.0,74.0,1
C4467,49.0,Female,22419.0,Loyal,1.0,4.0,9.0,55.0,1.0,6.0,68.0,1
C4468,45.0,Female,76892.0,Regular,5.0,13.0,12.0,33.0,7.0,1.0,4.0,0
C4469,38.0,Male,141831.0,New,5.0,20.0,2.0,34.0,4.0,2.0,48.0,0
C4470,30.0,Male,133616.0,New,5.0,13.0,11.0,9.0,7.0,5.0,97.0,0
C4471,44.0,Male,121799.0,Loyal,11.0,4.0,10.0,53.0,7.0,0.0,137.0,1
C4472,53.0,Male,37140.0,New,12.0,7.0,8.0,17.0,1.0,6.0,90.0,1
C4473,24.0,Female,63484.0,Regular,13.0,2.0,10.0,41.0,6.0,1.0,175.0,0
C4474,39.0,Female,83869.0,Regular,4.0,18.0,10.0,1.0,8.0,1.0,60.0,0
C4475,27.0,Male,65210.0,Regular,6.0,6.0,10.0,40.0,7.0,7.0,52.0,0
C4476,56.0,Male,77600.0,Loyal,12.0,16.0,13.0,5.0,8.0,0.0,124.0,0
C4477,32.0,Male,136467.0,Regular,14.0,3.0,1.0,30.0,7.0,7.0,86.0,0
C4478,32.0,Female,98497.0,Regular,11.0,15.0,3.0,11.0,3.0,3.0,161.0,0
C4479,21.0,Male,128611.0,Loyal,4.0,20.0,8.0,28.0,9.0,2.0,97.0,0
C4480,49.0,Male,26487.0,Loyal,10.0,10.0,11.0,38.0,6.0,5.0,48.0,0
C4481,40.0,Male,80692.0,Loyal,0.0,9.0,8.0,17.0,8.0,1.0,133.0,0
C4482,23.0,Female,82112.0,Regular,11.0,11.0,14.0,50.0,8.0,5.0,27.0,1
C4483,41.0,Male,51110.0,New,8.0,14.0,10.0,23.0,3.0,2.0,169.0,0
C4484,37.0,Female,127968.0,Regular,2.0,12.0,8.0,18.0,6.0,6.0,1.0,1
C4485,54.0,Male,36360.0,Regular,1.0,7.0,11.0,37.0,5.0,0.0,51.0,0
C4486,37.0,Male,69410.0,New,9.0,11.0,15.0,27.0,2.0,7.0,144.0,0
C4487,29.0,Male,122379.0,New,5.0,17.0,12.0,25.0,9.0,4.0,99.0,1
C4488,50.0,Female,110418.0,New,7.0,9.0,11.0,5.0,5.0,0.0,100.0,0
C4489,45.0,Male,142702.0,Regular,1.0,13.0,7.0,60.0,7.0,2.0,160.0,1
C4490,25.0,Male,103038.0,Loyal,3.0,16.0,2.0,19.0,1.0,1.0,103.0,0
C4491,18.0,Female,133589.0,New,1.0,3.0,3.0,27.0,2.0,6.0,47.0,1
C4492,54.0,Female,93167.0,Regular,11.0,5.0,9.0,13.0,7.0,2.0,151.0,0
C4493,39.0,Female,23017.0,Loyal,11.0,17.0,2.0,54.0,3.0,6.0,15.0,0
C4494,23.0,Male,106261.0,New,8.0,1.0,13.0,7.0,3.0,4.0,154.0,1
C4495,38.0,Female,80124.0,Regular,9.0,9.0,7.0,26.0,1.0,1.0,37.0,1
C4496,49.0,Male,136346.0,Loyal,12.0,17.0,1.0,14.0,10.0,6.0,130.0,1
C4497,52.0,Female,110298.0,Loyal,14.0,13.0,3.0,27.0,9.0,4.0,76.0,1
C4498,32.0,Female,70949.0,New,1.0,15.0,13.0,58.0,0.0,6.0,147.0,1
C4499,22.0,Female,78268.0,New,9.0,8.0,14.0,59.0,6.0,3.0,32.0,1
C4500,23.0,Male,86320.0,New,1.0,8.0,1.0,8.0,3.0,5.0,55.0,1
C4501,42.0,Male,113556.0,Regular,13.0,2.0,6.0,31.0,5.0,0.0,99.0,0
C4502,57.0,Male,123995.0,Regular,12.0,10.0,4.0,35.0,7.0,3.0,56.0,0
C4503,46.0,Male,101301.0,Regular,4.0,5.0,1.0,27.0,10.0,2.0,29.0,0
C4504,24.0,Male,51127.0,Regular,11.0,16.0,5.0,4.0,6.0,7.0,109.0,1
C4505,57.0,Male,23196.0,New,4.0,19.0,14.0,42.0,6.0,3.0,84.0,0
C4506,30.0,Male,95088.0,Regular,11.0,1.0,4.0,4.0,5.0,0.0,164.0,1
C4507,55.0,Male,61300.0,Regular,6.0,13.0,14.0,18.0,10.0,1.0,116.0,0
C4508,35.0,Male,69714.0,Regular,0.0,4.0,11.0,23.0,3.0,5.0,71.0,1
C4509,19.0,Female,51921.0,Regular,11.0,7.0,10.0,32.0,3.0,4.0,82.0,0
C4510,25.0,Female,24746.0,Regular,1.0,1.0,14.0,12.0,8.0,6.0,53.0,1
C4511,28.0,Male,88535.0,New,10.0,2.0,11.0,52.0,10.0,7.0,85.0,0
C4512,50.0,Male,85350.0,New,15.0,16.0,10.0,20.0,4.0,1.0,86.0,0
C4513,55.0,Male,70345.0,New,10.0,14.0,2.0,47.0,8.0,5.0,167.0,0
C4514,44.0,Male,129606.0,New,5.0,5.0,13.0,45.0,10.0,3.0,76.0,1
C4515,37.0,Female,69220.0,Regular,1.0,14.0,7.0,12.0,8.0,2.0,11.0,1
C4516,29.0,Female,101131.0,New,15.0,17.0,12.0,8.0,3.0,3.0,76.0,0
C4517,60.0,Male,42063.0,New,3.0,12.0,15.0,54.0,1.0,0.0,30.0,1
C4518,48.0,Female,137116.0,Regular,9.0,20.0,8.0,22.0,1.0,0.0,79.0,1
C4519,44.0,Female,91736.0,Regular,15.0,12.0,4.0,27.0,8.0,2.0,107.0,1
C4520,49.0,Male,123700.0,Regular,5.0,3.0,9.0,41.0,8.0,5.0,82.0,1
C4521,27.0,Male,108913.0,Regular,12.0,2.0,3.0,52.0,2.0,1.0,136.0,0
C4522,20.0,Male,98946.0,Regular,11.0,15.0,13.0,41.0,4.0,6.0,20.0,1
C4523,44.0,Male,65971.0,Loyal,6.0,11.0,6.0,17.0,4.0,6.0,12.0,0
C4524,52.0,Female,23598.0,New,9.0,10.0,11.0,59.0,1.0,0.0,67.0,0
C4525,48.0,Male,30564.0,Regular,4.0,18.0,14.0,57.0,1.0,0.0,178.0,0
C4526,32.0,Female,131052.0,Loyal,7.0,2.0,15.0,32.0,9.0,2.0,126.0,1
C4527,33.0,Male,116434.0,Loyal,5.0,7.0,14.0,33.0,0.0,1.0,140.0,0
C4528,30.0,Female,143723.0,New,4.0,7.0,7.0,31.0,1.0,7.0,54.0,1
C4529,52.0,Male,69725.0,Regular,3.0,7.0,7.0,55.0,10.0,7.0,80.0,0
C4530,28.0,Male,106134.0,New,5.0,14.0,6.0,6.0,6.0,3.0,124.0,0
C4531,38.0,Female,125940.0,Regular,5.0,2.0,9.0,39.0,0.0,4.0,74.0,0
C4532,28.0,Female,79940.0,Regular,5.0,2.0,15.0,9.0,0.0,2.0,147.0,0
C4533,47.0,Female,82085.0,Regular,15.0,15.0,1.0,42.0,8.0,1.0,142.0,0
C4534,52.0,Male,37862.0,Regular,0.0,11.0,13.0,32.0,1.0,4.0,180.0,0
C4535,39.0,Female,30265.0,Regular,5.0,10.0,9.0,36.0,10.0,6.0,150.0,1
C4536,55.0,Female,29705.0,Regular,0.0,3.0,13.0,16.0,3.0,2.0,132.0,0
C4537,48.0,Female,75279.0,Loyal,4.0,17.0,9.0,12.0,10.0,3.0,116.0,0
C4538,31.0,Female,82471.0,Loyal,6.0,9.0,4.0,41.0,2.0,3.0,59.0,1
C4539,41.0,Female,111080.0,New,0.0,15.0,13.0,3.0,10.0,1.0,162.0,1
C4540,49.0,Female,99834.0,Regular,12.0,14.0,12.0,58.0,3.0,1.0,64.0,0
C4541,53.0,Female,82979.0,New,0.0,19.0,15.0,27.0,10.0,3.0,128.0,0
C4542,49.0,Female,75828.0,Regular,12.0,17.0,12.0,27.0,10.0,3.0,18.0,1
C4543,32.0,Female,118206.0,Loyal,12.0,20.0,5.0,9.0,6.0,2.0,82.0,1
C4544,60.0,Male,136884.0,Loyal,15.0,17.0,3.0,17.0,9.0,5.0,31.0,0
C4545,52.0,Male,128007.0,Regular,14.0,16.0,7.0,46.0,1.0,6.0,84.0,0
C4546,20.0,Female,66104.0,New,5.0,20.0,15.0,5.0,1.0,5.0,42.0,1
C4547,33.0,Male,60934.0,New,14.0,8.0,2.0,26.0,8.0,1.0,131.0,1
C4548,22.0,Male,143534.0,Regular,6.0,7.0,8.0,21.0,5.0,4.0,85.0,0
C4549,38.0,Female,134420.0,New,5.0,12.0,9.0,1.0,10.0,3.0,10.0,1
C4550,27.0,Female,26050.0,Regular,4.0,1.0,6.0,1.0,6.0,4.0,71.0,0
C4551,36.0,Female,63952.0,New,5.0,12.0,9.0,35.0,4.0,1.0,22.0,0
C4552,42.0,Female,106570.0,Regular,12.0,6.0,6.0,9.0,4.0,6.0,151.0,0
C4553,21.0,Female,131016.0,New,13.0,16.0,3.0,23.0,3.0,1.0,76.0,1
C4554,46.0,Female,28484.0,Loyal,15.0,18.0,10.0,38.0,7.0,0.0,13.0,1
C4555,36.0,Male,82648.0,Regular,2.0,19.0,3.0,41.0,6.0,3.0,168.0,0
C4556,60.0,Female,79945.0,Regular,8.0,3.0,2.0,4.0,9.0,6.0,123.0,1
C4557,19.0,Male,73678.0,New,14.0,3.0,5.0,52.0,1.0,5.0,141.0,0
C4558,27.0,Female,51323.0,Regular,4.0,5.0,13.0,19.0,1.0,5.0,97.0,1
C4559,60.0,Female,106332.0,New,1.0,3.0,14.0,37.0,5.0,7.0,95.0,0
C4560,42.0,Male,114605.0,Regular,13.0,19.0,4.0,5.0,10.0,1.0,51.0,1
C4561,37.0,Female,107363.0,Loyal,13.0,5.0,12.0,28.0,0.0,1.0,83.0,1
C4562,36.0,Female,144468.0,Regular,11.0,14.0,6.0,46.0,6.0,3.0,96.0,0
C4563,40.0,Male,143475.0,Regular,9.0,16.0,5.0,42.0,7.0,0.0,90.0,0
C4564,41.0,Female,55361.0,Regular,9.0,1.0,6.0,55.0,9.0,0.0,126.0,0
C4565,28.0,Male,30315.0,Loyal,15.0,17.0,4.0,48.0,7.0,0.0,13.0,0
C4566,51.0,Female,67968.0,Loyal,6.0,11.0,14.0,23.0,2.0,0.0,157.0,0
C4567,45.0,Female,46519.0,Regular,2.0,9.0,13.0,38.0,6.0,6.0,175.0,0
C4568,22.0,Male,29107.0,Regular,0.0,4.0,3.0,52.0,0.0,2.0,154.0,0
C4569,22.0,Female,141540.0,Regular,2.0,2.0,1.0,23.0,10.0,3.0,118.0,0
C4570,38.0,Male,75781.0,New,8.0,9.0,5.0,46.0,2.0,3.0,151.0,0
C4571,29.0,Male,23869.0,Regular,4.0,5.0,6.0,18.0,5.0,3.0,75.0,1
C4572,21.0,Male,100983.0,Regular,6.0,4.0,5.0,29.0,8.0,6.0,19.0,1
C4573,59.0,Female,47370.0,New,2.0,5.0,5.0,28.0,4.0,5.0,98.0,0
C4574,37.0,Female,82695.0,New,3.0,18.0,12.0,9.0,4.0,6.0,111.0,1
C4575,55.0,Male,80422.0,Regular,0.0,13.0,6.0,39.0,8.0,0.0,178.0,0
C4576,42.0,Female,27971.0,Loyal,2.0,5.0,4.0,50.0,8.0,0.0,108.0,0
C4577,31.0,Female,116805.0,Regular,6.0,19.0,14.0,10.0,5.0,5.0,35.0,1
C4578,28.0,Female,143855.0,Regular,3.0,3.0,12.0,2.0,4.0,7.0,177.0,0
C4579,49.0,Male,45651.0,Regular,14.0,18.0,4.0,13.0,9.0,6.0,174.0,0
C4580,28.0,Female,76974.0,Regular,1.0,6.0,11.0,38.0,1.0,5.0,93.0,0
C4581,35.0,Male,121293.0,Regular,13.0,6.0,13.0,27.0,10.0,1.0,100.0,1
C4582,44.0,Female,43446.0,Regular,4.0,5.0,8.0,55.0,7.0,2.0,159.0,0
C4583,35.0,Female,146347.0,New,15.0,1.0,11.0,41.0,7.0,5.0,96.0,1
C4584,40.0,Male,58108.0,Regular,14.0,8.0,8.0,20.0,6.0,3.0,84.0,1
C4585,28.0,Female,95179.0,New,4.0,1.0,12.0,40.0,7.0,2.0,150.0,0
C4586,38.0,Male,23823.0,Regular,14.0,6.0,3.0,10.0,2.0,6.0,67.0,1
C4587,22.0,Female,33454.0,Loyal,1.0,20.0,7.0,16.0,2.0,5.0,136.0,0
C4588,40.0,Male,23932.0,New,14.0,14.0,15.0,15.0,1.0,7.0,19.0,0
C4589,58.0,Female,30220.0,Regular,14.0,11.0,5.0,13.0,0.0,3.0,31.0,1
C4590,42.0,Female,94090.0,Regular,10.0,2.0,5.0,50.0,2.0,0.0,32.0,0
C4591,58.0,Female,87965.0,Loyal,5.0,4.0,12.0,38.0,2.0,6.0,55.0,1
C4592,27.0,Male,48208.0,Regular,9.0,13.0,13.0,20.0,6.0,0.0,103.0,0
C4593,39.0,Male,92980.0,Regular,3.0,7.0,3.0,24.0,9.0,3.0,159.0,0
C4594,36.0,Male,30510.0,Loyal,13.0,6.0,2.0,41.0,8.0,7.0,51.0,0
C4595,18.0,Female,64045.0,Regular,0.0,3.0,13.0,50.0,0.0,4.0,122.0,0
C4596,24.0,Male,30537.0,Regular,2.0,9.0,3.0,7.0,7.0,6.0,92.0,1
C4597,21.0,Male,92683.0,Regular,13.0,14.0,15.0,23.0,0.0,0.0,155.0,0
C4598,18.0,Male,125935.0,Loyal,8.0,20.0,7.0,24.0,2.0,7.0,176.0,0
C4599,32.0,Male,89134.0,New,9.0,11.0,3.0,29.0,3.0,7.0,110.0,0
C4600,57.0,Male,122633.0,Regular,6.0,5.0,15.0,5.0,10.0,1.0,43.0,1
C4601,29.0,Male,92254.0,Regular,12.0,14.0,11.0,43.0,7.0,5.0,179.0,1
C4602,39.0,Male,128227.0,Regular,5.0,19.0,13.0,45.0,0.0,0.0,75.0,0
C4603,39.0,Male,142906.0,Regular,13.0,8.0,2.0,35.0,1.0,1.0,71.0,1
C4604,34.0,Male,33782.0,Regular,0.0,7.0,4.0,1.0,10.0,7.0,72.0,1
C4605,46.0,Male,134780.0,New,15.0,7.0,12.0,36.0,4.0,2.0,178.0,1
C4606,31.0,Female,145544.0,Regular,8.0,3.0,5.0,51.0,5.0,6.0,103.0,0
C4607,37.0,Female,143188.0,Regular,12.0,3.0,13.0,18.0,4.0,0.0,41.0,0
C4608,50.0,Male,85587.0,Loyal,8.0,18.0,7.0,6.0,2.0,5.0,179.0,0
C4609,60.0,Female,102238.0,New,0.0,13.0,1.0,23.0,9.0,0.0,78.0,0
C4610,32.0,Female,95720.0,Loyal,13.0,1.0,14.0,10.0,6.0,5.0,24.0,1
C4611,29.0,Male,98004.0,Regular,12.0,5.0,8.0,7.0,0.0,2.0,30.0,0
C4612,57.0,Male,42072.0,New,12.0,4.0,10.0,44.0,1.0,5.0,52.0,0
C4613,37.0,Male,101015.0,Regular,14.0,16.0,3.0,8.0,10.0,1.0,178.0,1
C4614,47.0,Female,114003.0,New,5.0,15.0,14.0,13.0,8.0,4.0,57.0,0
C4615,55.0,Male,108938.0,Loyal,6.0,18.0,11.0,30.0,3.0,6.0,79.0,1
C4616,20.0,Female,92746.0,Loyal,1.0,17.0,6.0,18.0,7.0,5.0,117.0,1
C4617,45.0,Male,65702.0,New,15.0,14.0,4.0,14.0,8.0,6.0,31.0,1
C4618,43.0,Female,122260.0,New,15.0,14.0,14.0,11.0,6.0,5.0,76.0,1
C4619,47.0,Female,26057.0,Regular,9.0,19.0,5.0,60.0,0.0,6.0,30.0,0
C4620,30.0,Male,148259.0,Regular,7.0,6.0,10.0,42.0,4.0,1.0,113.0,1
C4621,30.0,Male,50916.0,Regular,7.0,13.0,12.0,38.0,5.0,7.0,138.0,0
C4622,19.0,Female,47268.0,Regular,5.0,18.0,15.0,13.0,10.0,6.0,172.0,1
C4623,54.0,Female,63978.0,Regular,8.0,15.0,6.0,54.0,7.0,3.0,134.0,1
C4624,55.0,Male,132894.0,New,2.0,7.0,2.0,42.0,9.0,3.0,155.0,0
C4625,19.0,Male,144904.0,Loyal,1.0,19.0,13.0,44.0,7.0,3.0,20.0,0
C4626,53.0,Female,43259.0,Loyal,1.0,17.0,15.0,33.0,8.0,5.0,20.0,1
C4627,43.0,Male,73583.0,Regular,5.0,9.0,3.0,50.0,8.0,2.0,12.0,0
C4628,28.0,Female,99400.0,Loyal,6.0,11.0,15.0,13.0,3.0,1.0,85.0,0
C4629,25.0,Male,54293.0,New,5.0,5.0,8.0,25.0,5.0,5.0,49.0,0
C4630,57.0,Male,131581.0,New,10.0,2.0,8.0,24.0,2.0,6.0,180.0,0
C4631,60.0,Male,27043.0,Regular,2.0,15.0,1.0,60.0,0.0,0.0,10.0,1
C4632,39.0,Female,70430.0,Regular,15.0,12.0,10.0,29.0,5.0,5.0,5.0,1
C4633,37.0,Male,127009.0,Regular,4.0,10.0,8.0,36.0,0.0,3.0,64.0,0
C4634,25.0,Female,58893.0,Loyal,7.0,10.0,11.0,6.0,8.0,1.0,136.0,1
C4635,46.0,Male,60642.0,Loyal,5.0,20.0,2.0,18.0,10.0,0.0,158.0,0
C4636,57.0,Female,98065.0,Regular,1.0,11.0,10.0,28.0,5.0,7.0,17.0,1
C4637,43.0,Female,50868.0,Loyal,14.0,10.0,10.0,5.0,0.0,1.0,67.0,1
C4638,47.0,Male,46309.0,New,15.0,7.0,13.0,18.0,10.0,2.0,21.0,1
C4639,34.0,Female,146250.0,New,6.0,14.0,8.0,37.0,2.0,3.0,16.0,1
C4640,37.0,Female,43284.0,Regular,15.0,13.0,12.0,7.0,0.0,4.0,27.0,0
C4641,33.0,Female,146801.0,Regular,7.0,5.0,10.0,55.0,1.0,5.0,115.0,0
C4642,60.0,Female,133259.0,Regular,3.0,19.0,5.0,9.0,5.0,6.0,6.0,0
C4643,24.0,Male,120804.0,Regular,11.0,10.0,1.0,35.0,6.0,3.0,42.0,0
C4644,33.0,Male,89000.0,Regular,15.0,8.0,8.0,12.0,0.0,3.0,144.0,0
C4645,44.0,Male,104179.0,New,0.0,18.0,12.0,52.0,9.0,2.0,173.0,0
C4646,40.0,Female,82107.0,Regular,1.0,1.0,5.0,57.0,4.0,0.0,3.0,1
C4647,41.0,Female,85049.0,New,15.0,5.0,15.0,46.0,5.0,3.0,40.0,0
C4648,26.0,Male,49265.0,New,3.0,11.0,1.0,40.0,3.0,0.0,20.0,0
C4649,52.0,Male,101490.0,Regular,6.0,20.0,15.0,44.0,5.0,0.0,7.0,1
C4650,37.0,Female,149154.0,New,1.0,11.0,4.0,39.0,4.0,2.0,59.0,0
C4651,54.0,Male,43880.0,Loyal,5.0,16.0,13.0,24.0,10.0,3.0,139.0,1
C4652,59.0,Male,104579.0,New,1.0,10.0,1.0,9.0,6.0,5.0,93.0,1
C4653,34.0,Female,20255.0,New,11.0,15.0,13.0,12.0,3.0,2.0,52.0,1
C4654,48.0,Male,21502.0,Regular,6.0,7.0,9.0,36.0,0.0,2.0,131.0,0
C4655,25.0,Female,90192.0,Regular,1.0,15.0,10.0,37.0,1.0,4.0,21.0,1
C4656,32.0,Male,85424.0,New,2.0,16.0,2.0,9.0,5.0,5.0,158.0,0
C4657,48.0,Female,95838.0,New,8.0,6.0,8.0,39.0,9.0,2.0,11.0,0
C4658,47.0,Female,90966.0,Loyal,12.0,11.0,4.0,46.0,10.0,4.0,153.0,1
C4659,37.0,Female,61366.0,Regular,14.0,17.0,9.0,52.0,1.0,7.0,50.0,1
C4660,56.0,Female,47425.0,Regular,3.0,15.0,2.0,22.0,4.0,0.0,9.0,1
C4661,29.0,Female,72328.0,Regular,13.0,16.0,12.0,59.0,3.0,5.0,45.0,1
C4662,34.0,Male,134280.0,New,4.0,2.0,3.0,17.0,6.0,5.0,29.0,0
C4663,59.0,Male,87396.0,Regular,8.0,4.0,2.0,33.0,3.0,0.0,62.0,0
C4664,47.0,Male,91694.0,Regular,6.0,19.0,10.0,57.0,6.0,7.0,15.0,0
C4665,46.0,Female,25806.0,Loyal,7.0,6.0,14.0,47.0,10.0,1.0,19.0,1
C4666,36.0,Male,106274.0,New,14.0,18.0,5.0,24.0,7.0,5.0,143.0,1
C4667,28.0,Female,37106.0,Loyal,10.0,11.0,11.0,15.0,6.0,7.0,167.0,1
C4668,51.0,Female,76731.0,New,2.0,9.0,1.0,29.0,1.0,6.0,35.0,0
C4669,24.0,Male,95010.0,New,10.0,3.0,12.0,32.0,10.0,1.0,141.0,0
C4670,51.0,Female,102533.0,New,10.0,2.0,3.0,33.0,0.0,0.0,144.0,0
C4671,37.0,Male,138019.0,New,3.0,18.0,1.0,29.0,4.0,3.0,67.0,1
C4672,55.0,Female,52599.0,Loyal,6.0,15.0,10.0,15.0,6.0,1.0,95.0,0
C4673,41.0,Female,91326.0,Regular,3.0,18.0,15.0,27.0,0.0,2.0,55.0,1
C4674,27.0,Male,137804.0,New,1.0,19.0,14.0,34.0,10.0,5.0,35.0,1
C4675,49.0,Female,95706.0,Loyal,13.0,15.0,8.0,4.0,7.0,6.0,16.0,1
C4676,32.0,Male,29004.0,Loyal,9.0,17.0,15.0,49.0,2.0,1.0,129.0,0
C4677,54.0,Female,128282.0,Loyal,5.0,18.0,12.0,48.0,6.0,5.0,178.0,0
C4678,37.0,Male,135018.0,Loyal,8.0,18.0,4.0,18.0,2.0,0.0,14.0,1
C4679,20.0,Female,71364.0,New,15.0,11.0,3.0,21.0,3.0,3.0,62.0,0
C4680,54.0,Male,45792.0,Loyal,1.0,18.0,8.0,48.0,7.0,7.0,135.0,1
C4681,57.0,Male,115752.0,Regular,0.0,3.0,13.0,8.0,1.0,0.0,151.0,0
C4682,25.0,Female,84912.0,Loyal,7.0,13.0,9.0,6.0,5.0,7.0,99.0,1
C4683,57.0,Male,74645.0,Loyal,0.0,14.0,8.0,54.0,9.0,3.0,29.0,0
C4684,40.0,Female,27232.0,Regular,0.0,4.0,6.0,20.0,8.0,7.0,150.0,0
C4685,57.0,Female,98210.0,Loyal,2.0,18.0,14.0,2.0,9.0,5.0,93.0,0
C4686,28.0,Male,74766.0,New,4.0,5.0,15.0,51.0,8.0,1.0,6.0,0
C4687,25.0,Male,140601.0,Regular,12.0,14.0,3.0,45.0,4.0,2.0,157.0,1
C4688,46.0,Male,101588.0,New,11.0,12.0,8.0,22.0,2.0,2.0,89.0,1
C4689,47.0,Male,68542.0,Loyal,8.0,7.0,13.0,54.0,5.0,7.0,2.0,1
C4690,27.0,Male,25913.0,New,10.0,12.0,5.0,21.0,8.0,7.0,96.0,0
C4691,56.0,Female,132406.0,Regular,9.0,8.0,5.0,6.0,5.0,7.0,36.0,1
C4692,45.0,Male,133693.0,Regular,1.0,3.0,12.0,59.0,3.0,0.0,96.0,0
C4693,53.0,Female,113449.0,Loyal,11.0,1.0,9.0,32.0,10.0,5.0,148.0,0
C4694,30.0,Male,30567.0,Regular,11.0,3.0,1.0,6.0,4.0,3.0,37.0,0
C4695,49.0,Male,58379.0,Loyal,0.0,11.0,7.0,13.0,6.0,7.0,102.0,1
C4696,53.0,Male,94968.0,Loyal,15.0,18.0,8.0,1.0,9.0,1.0,180.0,0
C4697,54.0,Female,20319.0,Regular,0.0,7.0,11.0,22.0,2.0,6.0,69.0,0
C4698,43.0,Male,110005.0,Regular,7.0,9.0,10.0,53.0,8.0,7.0,70.0,1
C4699,39.0,Female,130990.0,Regular,9.0,4.0,3.0,24.0,0.0,3.0,150.0,0
C4700,21.0,Female,112026.0,Loyal,9.0,10.0,8.0,41.0,7.0,3.0,107.0,1
C4701,48.0,Female,106120.0,Loyal,9.0,18.0,1.0,30.0,4.0,3.0,15.0,0
C4702,35.0,Male,24791.0,New,1.0,16.0,8.0,22.0,9.0,5.0,98.0,0
C4703,55.0,Female,117272.0,Loyal,12.0,12.0,7.0,44.0,8.0,1.0,47.0,0
C4704,41.0,Male,20329.0,Regular,8.0,19.0,4.0,12.0,1.0,5.0,108.0,0
C4705,40.0,Female,94387.0,Regular,8.0,3.0,11.0,26.0,0.0,6.0,108.0,1
C4706,39.0,Male,81032.0,Loyal,1.0,8.0,7.0,4.0,9.0,3.0,69.0,0
C4707,19.0,Female,64078.0,New,2.0,19.0,10.0,19.0,6.0,6.0,52.0,0
C4708,48.0,Male,108662.0,Loyal,1.0,9.0,14.0,16.0,9.0,6.0,167.0,0
C4709,28.0,Male,41300.0,Regular,5.0,19.0,11.0,58.0,10.0,5.0,2.0,1
C4710,45.0,Male,95700.0,Loyal,14.0,17.0,7.0,12.0,8.0,7.0,45.0,1
C4711,49.0,Female,149664.0,New,6.0,13.0,13.0,33.0,4.0,7.0,152.0,0
C4712,22.0,Female,70945.0,Regular,11.0,2.0,10.0,55.0,10.0,2.0,111.0,0
C4713,55.0,Male,75609.0,Loyal,5.0,4.0,13.0,21.0,3.0,0.0,92.0,0
C4714,27.0,Female,80562.0,New,2.0,11.0,12.0,36.0,3.0,4.0,122.0,0
C4715,57.0,Female,110045.0,New,11.0,2.0,1.0,9.0,7.0,7.0,65.0,0
C4716,41.0,Female,81901.0,Loyal,14.0,4.0,3.0,39.0,0.0,3.0,116.0,0
C4717,52.0,Female,25703.0,New,2.0,4.0,7.0,42.0,0.0,6.0,149.0,0
C4718,40.0,Female,112645.0,Loyal,11.0,20.0,11.0,45.0,7.0,2.0,127.0,0
C4719,34.0,Female,83115.0,New,1.0,1.0,13.0,8.0,1.0,5.0,67.0,1
C4720,18.0,Female,128953.0,Regular,15.0,11.0,5.0,20.0,9.0,6.0,94.0,0
C4721,48.0,Male,108090.0,Loyal,1.0,2.0,9.0,10.0,5.0,2.0,129.0,0
C4722,48.0,Male,47676.0,Regular,10.0,19.0,7.0,32.0,1.0,0.0,59.0,0
C4723,59.0,Female,81710.0,Regular,11.0,8.0,3.0,28.0,4.0,0.0,115.0,1
C4724,59.0,Male,80077.0,Regular,4.0,20.0,15.0,10.0,2.0,4.0,116.0,1
C4725,51.0,Male,141332.0,Loyal,10.0,4.0,1.0,8.0,6.0,4.0,47.0,0
C4726,26.0,Male,109340.0,New,15.0,16.0,5.0,52.0,8.0,6.0,109.0,1
C4727,39.0,Female,65440.0,Regular,10.0,15.0,14.0,47.0,1.0,7.0,18.0,1
C4728,30.0,Female,56923.0,New,7.0,5.0,15.0,33.0,6.0,4.0,113.0,0
C4729,42.0,Female,49802.0,Regular,5.0,5.0,13.0,59.0,7.0,1.0,33.0,0
C4730,35.0,Female,110331.0,New,8.0,15.0,10.0,47.0,9.0,1.0,143.0,0
C4731,29.0,Female,82904.0,Regular,10.0,17.0,13.0,56.0,7.0,2.0,24.0,0
C4732,57.0,Male,80162.0,Regular,4.0,3.0,5.0,49.0,6.0,5.0,36.0,1
C4733,34.0,Female,144786.0,New,9.0,18.0,7.0,13.0,3.0,0.0,60.0,1
C4734,32.0,Male,85169.0,New,3.0,11.0,14.0,44.0,3.0,3.0,162.0,0
C4735,59.0,Female,88147.0,Regular,8.0,6.0,1.0,35.0,9.0,7.0,90.0,1
C4736,32.0,Male,42075.0,Regular,11.0,12.0,10.0,55.0,8.0,0.0,51.0,1
C4737,32.0,Female,137281.0,Loyal,9.0,17.0,2.0,51.0,9.0,1.0,168.0,1
C4738,56.0,Female,102015.0,Regular,10.0,14.0,11.0,29.0,8.0,2.0,150.0,1
C4739,30.0,Female,94716.0,New,13.0,6.0,6.0,56.0,4.0,3.0,144.0,0
C4740,34.0,Female,29304.0,Regular,4.0,10.0,8.0,5.0,6.0,4.0,104.0,0
C4741,49.0,Female,149851.0,New,0.0,16.0,4.0,3.0,6.0,4.0,170.0,1
C4742,26.0,Female,140729.0,Loyal,4.0,18.0,3.0,53.0,8.0,1.0,16.0,0
C4743,57.0,Male,79622.0,Loyal,15.0,20.0,3.0,37.0,6.0,2.0,133.0,0
C4744,37.0,Female,74215.0,Regular,14.0,6.0,3.0,56.0,7.0,6.0,134.0,0
C4745,43.0,Male,100146.0,Regular,4.0,19.0,2.0,60.0,6.0,5.0,170.0,0
C4746,44.0,Female,93973.0,New,4.0,3.0,1.0,41.0,10.0,0.0,30.0,1
C4747,38.0,Male,128654.0,Regular,12.0,12.0,15.0,6.0,3.0,1.0,160.0,0
C4748,35.0,Male,32521.0,Loyal,1.0,16.0,5.0,48.0,1.0,5.0,147.0,0
C4749,30.0,Male,138037.0,New,12.0,3.0,10.0,42.0,2.0,5.0,51.0,1
C4750,33.0,Male,44028.0,New,5.0,16.0,5.0,16.0,6.0,0.0,156.0,0
C4751,26.0,Male,59328.0,Regular,4.0,4.0,5.0,35.0,10.0,3.0,175.0,1
C4752,29.0,Male,47301.0,Regular,1.0,20.0,4.0,18.0,10.0,0.0,72.0,0
C4753,55.0,Female,58015.0,Regular,15.0,13.0,15.0,11.0,8.0,3.0,128.0,0
C4754,36.0,Male,107276.0,Loyal,11.0,4.0,3.0,51.0,10.0,7.0,107.0,0
C4755,24.0,Female,56845.0,New,9.0,4.0,12.0,57.0,1.0,5.0,127.0,0
C4756,52.0,Female,106818.0,Regular,14.0,7.0,3.0,23.0,6.0,2.0,129.0,0
C4757,35.0,Male,96394.0,Regular,14.0,12.0,2.0,47.0,3.0,1.0,150.0,1
C4758,33.0,Male,64159.0,New,13.0,2.0,5.0,11.0,6.0,0.0,94.0,0
C4759,56.0,Female,63714.0,Regular,7.0,16.0,4.0,59.0,4.0,2.0,58.0,0
C4760,21.0,Male,100722.0,New,5.0,7.0,6.0,57.0,6.0,2.0,13.0,1
C4761,42.0,Male,119721.0,New,10.0,19.0,2.0,29.0,5.0,0.0,167.0,0
C4762,49.0,Male,116730.0,New,9.0,11.0,2.0,54.0,1.0,4.0,27.0,1
C4763,57.0,Male,45230.0,Loyal,11.0,1.0,8.0,56.0,6.0,5.0,167.0,0
C4764,30.0,Male,112554.0,Regular,10.0,9.0,6.0,42.0,4.0,4.0,121.0,0
C4765,34.0,Male,69262.0,Loyal,2.0,5.0,3.0,27.0,8.0,3.0,140.0,0
C4766,54.0,Male,110201.0,Regular,8.0,17.0,5.0,9.0,10.0,7.0,152.0,0
C4767,23.0,Female,61722.0,Regular,12.0,1.0,3.0,35.0,0.0,2.0,18.0,0
C4768,36.0,Male,66359.0,Regular,10.0,17.0,11.0,55.0,0.0,1.0,119.0,0
C4769,30.0,Female,82796.0,Loyal,10.0,12.0,2.0,9.0,1.0,1.0,15.0,1
C4770,43.0,Female,60159.0,Regular,13.0,13.0,3.0,18.0,7.0,2.0,144.0,0
C4771,31.0,Female,129668.0,Regular,3.0,11.0,1.0,44.0,10.0,4.0,97.0,1
C4772,48.0,Female,128675.0,New,2.0,13.0,14.0,55.0,8.0,5.0,74.0,1
C4773,21.0,Male,107052.0,Regular,15.0,13.0,7.0,21.0,10.0,2.0,47.0,0
C4774,56.0,Female,120808.0,Regular,6.0,6.0,6.0,56.0,10.0,6.0,152.0,0
C4775,25.0,Female,144344.0,Loyal,11.0,6.0,5.0,48.0,6.0,3.0,173.0,0
C4776,42.0,Female,110209.0,New,12.0,20.0,6.0,36.0,0.0,2.0,19.0,1
C4777,30.0,Female,25239.0,New,14.0,10.0,8.0,1.0,6.0,0.0,91.0,0
C4778,49.0,Female,134980.0,Regular,13.0,19.0,3.0,27.0,7.0,4.0,169.0,0
C4779,55.0,Male,111951.0,New,7.0,3.0,3.0,45.0,6.0,0.0,31.0,1
C4780,55.0,Male,70886.0,New,6.0,7.0,12.0,58.0,4.0,0.0,16.0,0
C4781,45.0,Female,123424.0,Loyal,0.0,5.0,5.0,40.0,6.0,2.0,151.0,0
C4782,47.0,Male,47195.0,Regular,0.0,8.0,5.0,38.0,9.0,5.0,78.0,0
C4783,20.0,Male,124697.0,Loyal,12.0,5.0,14.0,29.0,10.0,2.0,23.0,0
C4784,45.0,Female,114859.0,Loyal,4.0,12.0,11.0,40.0,1.0,5.0,41.0,0
C4785,20.0,Female,120500.0,New,14.0,4.0,1.0,19.0,8.0,1.0,146.0,1
C4786,51.0,Female,121770.0,Regular,13.0,19.0,4.0,24.0,1.0,5.0,164.0,0
C4787,33.0,Male,116299.0,New,7.0,18.0,9.0,56.0,1.0,7.0,12.0,0
C4788,39.0,Female,54674.0,Loyal,13.0,3.0,8.0,44.0,4.0,0.0,75.0,0
C4789,49.0,Male,38105.0,Regular,15.0,7.0,3.0,1.0,7.0,7.0,179.0,0
C4790,55.0,Male,130187.0,Regular,9.0,8.0,5.0,36.0,5.0,2.0,85.0,0
C4791,25.0,Male,49739.0,Regular,10.0,15.0,5.0,23.0,8.0,7.0,160.0,1
C4792,25.0,Female,133741.0,Regular,2.0,17.0,7.0,13.0,5.0,1.0,71.0,0
C4793,23.0,Male,51969.0,New,7.0,19.0,8.0,30.0,4.0,6.0,164.0,0
C4794,31.0,Female,34497.0,Regular,2.0,4.0,9.0,59.0,0.0,0.0,168.0,1
C4795,49.0,Female,21816.0,Loyal,3.0,16.0,7.0,49.0,7.0,1.0,126.0,0
C4796,52.0,Female,143132.0,Loyal,9.0,13.0,15.0,51.0,2.0,4.0,70.0,0
C4797,27.0,Female,138915.0,Regular,6.0,12.0,2.0,51.0,1.0,3.0,166.0,0
C4798,20.0,Female,146399.0,Regular,2.0,4.0,8.0,54.0,6.0,0.0,4.0,0
C4799,29.0,Male,112019.0,Loyal,3.0,12.0,8.0,37.0,10.0,2.0,174.0,1
C4800,48.0,Male,79254.0,New,15.0,17.0,11.0,60.0,1.0,5.0,63.0,0
C4801,46.0,Male,129017.0,Loyal,7.0,9.0,13.0,11.0,0.0,4.0,50.0,0
C4802,22.0,Male,107695.0,New,3.0,12.0,14.0,7.0,10.0,7.0,30.0,0
C4803,42.0,Male,89385.0,Regular,8.0,15.0,2.0,35.0,1.0,6.0,16.0,0
C4804,58.0,Female,107148.0,Regular,3.0,20.0,13.0,11.0,5.0,1.0,180.0,0
C4805,48.0,Female,125153.0,Regular,12.0,2.0,6.0,49.0,1.0,3.0,4.0,1
C4806,38.0,Male,53826.0,Loyal,13.0,9.0,13.0,43.0,0.0,5.0,26.0,1
C4807,37.0,Male,130034.0,New,3.0,14.0,10.0,47.0,0.0,0.0,157.0,0
C4808,56.0,Male,83365.0,Regular,12.0,4.0,1.0,51.0,3.0,3.0,139.0,0
C4809,39.0,Female,104242.0,Regular,4.0,4.0,11.0,40.0,7.0,7.0,92.0,0
C4810,21.0,Female,143066.0,Loyal,0.0,6.0,7.0,48.0,5.0,4.0,108.0,0
C4811,30.0,Female,70100.0,New,6.0,5.0,10.0,21.0,3.0,7.0,152.0,1
C4812,59.0,Male,110099.0,Loyal,8.0,17.0,2.0,47.0,5.0,3.0,51.0,0
C4813,37.0,Male,145170.0,Regular,15.0,13.0,15.0,3.0,5.0,7.0,42.0,1
C4814,30.0,Male,24359.0,New,15.0,20.0,5.0,30.0,8.0,0.0,167.0,1
C4815,34.0,Male,116205.0,Loyal,11.0,17.0,14.0,24.0,3.0,4.0,135.0,0
C4816,53.0,Female,32809.0,New,8.0,19.0,7.0,38.0,5.0,1.0,18.0,1
C4817,50.0,Male,84450.0,Regular,0.0,1.0,10.0,3.0,9.0,0.0,3.0,0
C4818,18.0,Male,58428.0,New,14.0,17.0,11.0,37.0,0.0,3.0,20.0,1
C4819,32.0,Male,114990.0,Regular,5.0,3.0,15.0,33.0,6.0,0.0,98.0,0
C4820,30.0,Female,92790.0,Regular,2.0,14.0,15.0,22.0,6.0,7.0,73.0,0
C4821,34.0,Female,131126.0,Regular,15.0,12.0,9.0,31.0,10.0,7.0,74.0,0
C4822,41.0,Male,110321.0,Regular,3.0,15.0,14.0,46.0,0.0,7.0,123.0,0
C4823,25.0,Female,22093.0,Regular,7.0,6.0,1.0,12.0,7.0,4.0,70.0,0
C4824,44.0,Female,64498.0,New,14.0,20.0,9.0,45.0,4.0,3.0,145.0,0
C4825,40.0,Female,136251.0,Regular,3.0,2.0,11.0,14.0,8.0,1.0,79.0,0
C4826,25.0,Female,60985.0,Loyal,7.0,4.0,5.0,57.0,7.0,6.0,141.0,1
C4827,25.0,Female,52009.0,Loyal,3.0,13.0,6.0,12.0,2.0,6.0,42.0,1
C4828,43.0,Male,102094.0,New,8.0,13.0,14.0,55.0,0.0,5.0,44.0,1
C4829,30.0,Male,148515.0,New,5.0,17.0,8.0,27.0,2.0,2.0,80.0,1
C4830,56.0,Male,37718.0,Loyal,0.0,6.0,15.0,13.0,1.0,1.0,67.0,0
C4831,54.0,Female,36705.0,Regular,12.0,11.0,11.0,24.0,1.0,0.0,20.0,1
C4832,45.0,Female,107618.0,Regular,9.0,19.0,14.0,38.0,10.0,2.0,47.0,1
C4833,42.0,Female,82598.0,Loyal,1.0,16.0,2.0,59.0,3.0,5.0,24.0,1
C4834,33.0,Female,97878.0,Regular,6.0,8.0,12.0,53.0,1.0,5.0,179.0,0
C4835,19.0,Male,32239.0,Regular,9.0,1.0,7.0,47.0,7.0,7.0,146.0,0
C4836,35.0,Male,66622.0,Loyal,6.0,10.0,12.0,60.0,4.0,4.0,23.0,0
C4837,34.0,Male,66665.0,Regular,2.0,2.0,4.0,54.0,0.0,5.0,129.0,1
C4838,47.0,Male,52274.0,New,0.0,19.0,9.0,55.0,5.0,6.0,123.0,1
C4839,56.0,Male,31419.0,New,7.0,14.0,6.0,48.0,6.0,3.0,115.0,0
C4840,30.0,Male,128368.0,New,12.0,3.0,7.0,9.0,0.0,7.0,66.0,1
C4841,49.0,Female,35003.0,Loyal,12.0,9.0,11.0,8.0,2.0,3.0,133.0,0
C4842,46.0,Female,50866.0,New,9.0,8.0,6.0,37.0,8.0,4.0,18.0,1
C4843,47.0,Male,41988.0,New,13.0,11.0,11.0,15.0,6.0,5.0,117.0,0
C4844,35.0,Female,75894.0,Loyal,10.0,15.0,8.0,7.0,3.0,0.0,35.0,0
C4845,30.0,Male,128563.0,New,14.0,6.0,6.0,24.0,5.0,1.0,153.0,0
C4846,60.0,Male,142124.0,New,10.0,2.0,7.0,49.0,5.0,7.0,106.0,0
C4847,38.0,Female,110444.0,New,9.0,1.0,8.0,16.0,2.0,6.0,152.0,0
C4848,47.0,Male,25674.0,New,14.0,3.0,15.0,24.0,1.0,2.0,141.0,0
C4849,38.0,Male,90538.0,Regular,6.0,18.0,1.0,43.0,4.0,4.0,149.0,0
C4850,34.0,Male,113103.0,Loyal,9.0,14.0,15.0,7.0,7.0,7.0,39.0,1
C4851,57.0,Female,86446.0,Loyal,7.0,17.0,10.0,43.0,2.0,5.0,162.0,0
C4852,36.0,Female,49072.0,Regular,0.0,2.0,12.0,60.0,4.0,0.0,147.0,1
C4853,32.0,Female,53717.0,Regular,13.0,19.0,4.0,28.0,2.0,7.0,156.0,1
C4854,26.0,Female,107345.0,Regular,2.0,9.0,6.0,2.0,6.0,0.0,91.0,0
C4855,27.0,Male,46651.0,New,12.0,8.0,1.0,34.0,5.0,2.0,114.0,1
C4856,48.0,Female,137202.0,New,1.0,10.0,4.0,60.0,5.0,7.0,139.0,0
C4857,40.0,Female,64291.0,Loyal,0.0,9.0,6.0,38.0,0.0,4.0,177.0,1
C4858,47.0,Female,142389.0,New,4.0,8.0,7.0,3.0,1.0,1.0,35.0,0
C4859,50.0,Male,129525.0,New,15.0,7.0,13.0,1.0,5.0,6.0,84.0,1
C4860,26.0,Female,83350.0,Regular,2.0,6.0,6.0,31.0,7.0,1.0,76.0,1
C4861,18.0,Female,102020.0,Regular,9.0,2.0,11.0,56.0,4.0,4.0,57.0,1
C4862,52.0,Male,24646.0,New,14.0,9.0,4.0,23.0,1.0,3.0,28.0,0
C4863,28.0,Male,59713.0,New,7.0,9.0,12.0,20.0,4.0,6.0,66.0,0
C4864,51.0,Male,87936.0,Regular,15.0,19.0,13.0,16.0,8.0,5.0,65.0,1
C4865,33.0,Male,64331.0,Regular,5.0,9.0,7.0,46.0,5.0,1.0,150.0,0
C4866,26.0,Female,42185.0,New,9.0,2.0,10.0,32.0,4.0,3.0,51.0,0
C4867,49.0,Male,104263.0,Regular,15.0,19.0,14.0,17.0,9.0,4.0,91.0,1
C4868,32.0,Female,118656.0,Regular,13.0,16.0,2.0,18.0,5.0,5.0,137.0,1
C4869,29.0,Female,72107.0,Loyal,8.0,14.0,6.0,57.0,10.0,0.0,164.0,1
C4870,50.0,Female,133793.0,Regular,8.0,20.0,5.0,4.0,8.0,4.0,166.0,1
C4871,31.0,Female,86554.0,New,15.0,1.0,2.0,35.0,6.0,0.0,66.0,0
C4872,25.0,Female,37563.0,Regular,10.0,13.0,9.0,40.0,9.0,7.0,171.0,0
C4873,25.0,Male,90729.0,Regular,5.0,2.0,13.0,36.0,2.0,4.0,133.0,0
C4874,44.0,Female,35701.0,New,1.0,14.0,7.0,23.0,9.0,6.0,81.0,0
C4875,29.0,Female,89072.0,Regular,8.0,1.0,14.0,15.0,9.0,3.0,165.0,0
C4876,18.0,Female,68217.0,New,1.0,15.0,3.0,13.0,4.0,5.0,63.0,1
C4877,60.0,Male,64610.0,New,2.0,18.0,15.0,14.0,3.0,3.0,99.0,1
C4878,57.0,Female,104422.0,Regular,5.0,9.0,7.0,14.0,10.0,5.0,51.0,1
C4879,59.0,Female,122123.0,New,1.0,8.0,11.0,37.0,4.0,6.0,72.0,0
C4880,28.0,Male,141543.0,Loyal,4.0,7.0,11.0,5.0,7.0,4.0,43.0,1
C4881,56.0,Female,70131.0,Regular,1.0,9.0,6.0,59.0,10.0,0.0,67.0,0
C4882,60.0,Female,148331.0,Regular,11.0,9.0,7.0,22.0,5.0,4.0,65.0,0
C4883,48.0,Male,49410.0,Regular,3.0,11.0,4.0,28.0,3.0,0.0,62.0,0
C4884,34.0,Female,119280.0,Regular,14.0,4.0,13.0,45.0,4.0,3.0,158.0,0
C4885,50.0,Female,78715.0,New,10.0,7.0,13.0,4.0,10.0,2.0,90.0,1
C4886,49.0,Female,136968.0,Loyal,10.0,7.0,10.0,50.0,6.0,1.0,166.0,0
C4887,46.0,Female,58665.0,Loyal,2.0,4.0,13.0,38.0,7.0,3.0,104.0,1
C4888,38.0,Female,35957.0,New,4.0,12.0,8.0,29.0,4.0,4.0,51.0,0
C4889,38.0,Male,68127.0,New,5.0,17.0,8.0,37.0,1.0,4.0,107.0,0
C4890,57.0,Male,83589.0,New,12.0,20.0,7.0,35.0,5.0,0.0,38.0,0
C4891,40.0,Male,66008.0,Regular,6.0,3.0,13.0,20.0,8.0,1.0,67.0,1
C4892,23.0,Female,81920.0,Regular,9.0,9.0,7.0,35.0,2.0,5.0,77.0,0
C4893,39.0,Female,148213.0,Loyal,7.0,5.0,10.0,35.0,6.0,3.0,100.0,0
C4894,55.0,Female,52875.0,Loyal,8.0,20.0,13.0,20.0,7.0,6.0,105.0,0
C4895,54.0,Male,133828.0,Regular,13.0,16.0,13.0,2.0,5.0,1.0,48.0,1
C4896,25.0,Female,143852.0,Regular,3.0,8.0,8.0,52.0,2.0,7.0,140.0,0
C4897,58.0,Female,21626.0,Regular,3.0,16.0,1.0,58.0,0.0,1.0,20.0,0
C4898,52.0,Female,110815.0,Regular,6.0,19.0,6.0,59.0,2.0,3.0,103.0,1
C4899,28.0,Male,83822.0,Regular,15.0,16.0,2.0,18.0,10.0,0.0,72.0,1
C4900,41.0,Male,91765.0,Regular,11.0,18.0,1.0,30.0,5.0,5.0,117.0,0
C4901,38.0,Female,92413.0,Regular,14.0,15.0,12.0,42.0,10.0,0.0,111.0,1
C4902,19.0,Female,53642.0,Regular,9.0,18.0,10.0,56.0,3.0,6.0,130.0,1
C4903,57.0,Female,58311.0,Regular,9.0,14.0,7.0,58.0,0.0,0.0,120.0,0
C4904,36.0,Male,52356.0,Regular,10.0,16.0,6.0,53.0,5.0,2.0,134.0,0
C4905,56.0,Male,23809.0,Regular,8.0,5.0,5.0,29.0,0.0,1.0,83.0,0
C4906,45.0,Male,63371.0,Regular,10.0,8.0,15.0,39.0,7.0,2.0,128.0,1
C4907,34.0,Female,54875.0,Regular,1.0,16.0,5.0,59.0,2.0,0.0,108.0,0
C4908,23.0,Male,130049.0,Regular,12.0,1.0,9.0,52.0,2.0,5.0,177.0,0
C4909,36.0,Female,29465.0,New,10.0,11.0,9.0,58.0,0.0,3.0,84.0,1
C4910,55.0,Female,86095.0,New,5.0,11.0,12.0,22.0,2.0,1.0,138.0,1
C4911,45.0,Male,93844.0,Regular,9.0,2.0,12.0,29.0,6.0,3.0,152.0,0
C4912,19.0,Female,85250.0,Regular,9.0,19.0,6.0,60.0,9.0,4.0,157.0,1
C4913,55.0,Male,106889.0,Loyal,7.0,5.0,13.0,46.0,7.0,1.0,119.0,0
C4914,54.0,Female,35250.0,Regular,15.0,3.0,15.0,10.0,10.0,3.0,94.0,0
C4915,21.0,Female,66023.0,Regular,12.0,8.0,3.0,20.0,7.0,0.0,109.0,1
C4916,39.0,Male,121350.0,New,4.0,4.0,7.0,16.0,2.0,2.0,134.0,1
C4917,43.0,Female,66624.0,New,4.0,13.0,4.0,6.0,4.0,3.0,78.0,1
C4918,60.0,Female,36427.0,Loyal,7.0,14.0,5.0,17.0,0.0,6.0,131.0,0
C4919,53.0,Female,53276.0,New,0.0,1.0,7.0,6.0,8.0,5.0,24.0,0
C4920,30.0,Female,91643.0,Regular,5.0,5.0,15.0,22.0,7.0,7.0,147.0,0
C4921,49.0,Female,99012.0,Regular,9.0,7.0,12.0,18.0,9.0,4.0,9.0,1
C4922,34.0,Female,23439.0,Regular,12.0,6.0,7.0,32.0,1.0,0.0,158.0,0
C4923,58.0,Female,105848.0,Loyal,8.0,15.0,15.0,28.0,9.0,6.0,96.0,1
C4924,53.0,Female,107331.0,Regular,11.0,15.0,10.0,42.0,0.0,4.0,77.0,0
C4925,36.0,Male,98672.0,New,5.0,8.0,8.0,10.0,3.0,5.0,82.0,0
C4926,52.0,Male,99703.0,Loyal,14.0,2.0,1.0,41.0,8.0,5.0,172.0,0
C4927,57.0,Female,37300.0,Loyal,6.0,14.0,5.0,22.0,7.0,2.0,86.0,0
C4928,45.0,Female,80289.0,New,15.0,16.0,15.0,28.0,2.0,7.0,60.0,1
C4929,18.0,Male,37182.0,New,3.0,10.0,12.0,15.0,9.0,4.0,151.0,0
C4930,59.0,Female,90507.0,New,11.0,15.0,9.0,43.0,5.0,5.0,61.0,1
C4931,35.0,Male,70912.0,New,9.0,4.0,15.0,29.0,8.0,3.0,135.0,1
C4932,57.0,Male,46909.0,Loyal,0.0,12.0,7.0,7.0,9.0,5.0,172.0,0
C4933,50.0,Male,39659.0,Regular,8.0,10.0,11.0,50.0,7.0,5.0,75.0,1
C4934,29.0,Female,51403.0,Regular,11.0,2.0,12.0,34.0,9.0,7.0,39.0,0
C4935,25.0,Female,134187.0,Loyal,5.0,4.0,13.0,32.0,4.0,3.0,122.0,0
C4936,41.0,Female,53586.0,Regular,2.0,20.0,2.0,2.0,8.0,0.0,106.0,0
C4937,33.0,Male,30360.0,Regular,3.0,6.0,1.0,26.0,8.0,2.0,98.0,0
C4938,21.0,Male,41424.0,Loyal,9.0,14.0,8.0,45.0,2.0,2.0,133.0,0
C4939,55.0,Male,118035.0,Loyal,11.0,3.0,9.0,11.0,7.0,1.0,170.0,0
C4940,44.0,Female,130231.0,Loyal,5.0,15.0,10.0,25.0,3.0,6.0,92.0,0
C4941,26.0,Male,68791.0,Regular,5.0,1.0,5.0,19.0,9.0,1.0,14.0,0
C4942,33.0,Male,23065.0,Loyal,11.0,19.0,14.0,20.0,6.0,3.0,155.0,1
C4943,29.0,Female,88795.0,New,8.0,1.0,11.0,33.0,9.0,5.0,16.0,0
C4944,48.0,Male,135594.0,Regular,3.0,13.0,6.0,17.0,7.0,4.0,130.0,1
C4945,41.0,Male,32300.0,Loyal,4.0,8.0,15.0,52.0,6.0,5.0,147.0,0
C4946,31.0,Female,53370.0,New,4.0,18.0,2.0,30.0,4.0,5.0,151.0,0
C4947,42.0,Female,89831.0,Loyal,2.0,3.0,11.0,18.0,10.0,4.0,169.0,0
C4948,51.0,Male,47209.0,Regular,1.0,18.0,5.0,32.0,0.0,0.0,14.0,0
C4949,20.0,Female,128287.0,New,7.0,20.0,12.0,40.0,7.0,2.0,175.0,1
C4950,41.0,Male,121831.0,Loyal,9.0,9.0,4.0,45.0,4.0,7.0,63.0,1
C4951,59.0,Female,40927.0,New,14.0,6.0,8.0,4.0,2.0,3.0,8.0,0
C4952,26.0,Male,54579.0,Regular,8.0,20.0,8.0,32.0,1.0,4.0,27.0,0
C4953,43.0,Female,130407.0,New,15.0,2.0,14.0,19.0,2.0,7.0,111.0,1
C4954,37.0,Male,29032.0,Loyal,9.0,4.0,5.0,3.0,8.0,1.0,40.0,0
C4955,57.0,Female,113254.0,New,10.0,18.0,11.0,38.0,1.0,3.0,156.0,1
C4956,27.0,Female,98413.0,New,12.0,7.0,8.0,28.0,9.0,0.0,68.0,0
C4957,36.0,Female,60731.0,New,8.0,11.0,6.0,38.0,0.0,3.0,123.0,1
C4958,20.0,Female,139937.0,Loyal,13.0,5.0,10.0,54.0,1.0,4.0,61.0,1
C4959,41.0,Female,133528.0,Regular,4.0,8.0,6.0,6.0,1.0,6.0,166.0,0
C4960,22.0,Female,112202.0,Regular,10.0,11.0,13.0,56.0,10.0,0.0,128.0,0
C4961,20.0,Female,73767.0,Regular,8.0,20.0,15.0,40.0,4.0,5.0,108.0,1
C4962,44.0,Male,143916.0,Regular,15.0,20.0,13.0,57.0,0.0,1.0,152.0,1
C4963,33.0,Male,127220.0,New,3.0,15.0,4.0,17.0,9.0,1.0,156.0,1
C4964,32.0,Female,92302.0,Regular,1.0,3.0,10.0,42.0,7.0,4.0,169.0,0
C4965,52.0,Female,143867.0,New,2.0,7.0,12.0,56.0,1.0,0.0,146.0,0
C4966,29.0,Male,69954.0,Loyal,0.0,8.0,11.0,5.0,5.0,1.0,49.0,1
C4967,58.0,Male,137270.0,Loyal,4.0,11.0,3.0,19.0,4.0,7.0,154.0,0
C4968,43.0,Female,108365.0,Regular,0.0,10.0,9.0,43.0,1.0,0.0,3.0,0
C4969,51.0,Male,105757.0,New,11.0,20.0,5.0,42.0,9.0,3.0,77.0,0
C4970,40.0,Male,45102.0,Loyal,10.0,9.0,10.0,35.0,0.0,6.0,166.0,0
C0001,56.0,Male,66057.0,New,12.0,1.0,15.0,10.0,5.0,5.0,59.0,1
C0002,46.0,Female,32537.0,Regular,8.0,14.0,10.0,4.0,7.0,5.0,155.0,0
C0003,32.0,Female,42419.0,Regular,0.0,11.0,4.0,54.0,9.0,5.0,58.0,1
C0004,60.0,Female,62578.0,New,10.0,7.0,8.0,4.0,1.0,6.0,61.0,1
C0005,25.0,Male,94991.0,New,5.0,2.0,6.0,6.0,8.0,2.0,118.0,0
C0006,38.0,Female,141211.0,New,15.0,15.0,5.0,26.0,4.0,4.0,79.0,0
C0007,56.0,Male,142762.0,New,7.0,8.0,15.0,40.0,4.0,7.0,71.0,0
C0008,36.0,Female,94599.0,Regular,10.0,20.0,4.0,16.0,0.0,0.0,171.0,0
C0009,40.0,Male,20834.0,New,10.0,15.0,5.0,8.0,5.0,2.0,88.0,1
C0010,28.0,Female,52214.0,New,3.0,8.0,15.0,28.0,10.0,0.0,87.0,0
C0011,28.0,Male,112934.0,New,1.0,10.0,13.0,16.0,10.0,7.0,139.0,0
C0012,41.0,Female,143798.0,Loyal,10.0,19.0,15.0,38.0,4.0,4.0,88.0,1
C0013,53.0,Male,120028.0,Loyal,1.0,3.0,11.0,49.0,6.0,5.0,133.0,1
C0014,57.0,Female,141286.0,New,15.0,20.0,1.0,1.0,6.0,3.0,39.0,1
C0015,41.0,Female,22413.0,Regular,9.0,14.0,7.0,19.0,3.0,3.0,176.0,1
C0016,20.0,Male,29505.0,New,0.0,9.0,8.0,50.0,4.0,3.0,80.0,1
C0017,39.0,Female,140681.0,Regular,15.0,9.0,12.0,17.0,9.0,0.0,20.0,1
C0018,19.0,Male,122802.0,New,4.0,6.0,9.0,49.0,7.0,4.0,81.0,0
C0019,41.0,Male,22105.0,Regular,15.0,8.0,13.0,28.0,1.0,1.0,19.0,0
C0020,47.0,Female,88104.0,Regular,12.0,11.0,3.0,44.0,0.0,7.0,154.0,0
C0021,55.0,Male,148303.0,Loyal,5.0,8.0,15.0,12.0,5.0,1.0,153.0,1
C0022,19.0,Female,127634.0,New,3.0,12.0,9.0,6.0,10.0,3.0,143.0,0
C0023,38.0,Female,134897.0,Loyal,3.0,10.0,10.0,7.0,3.0,6.0,149.0,0
C0024,50.0,Male,78408.0,Loyal,4.0,4.0,5.0,8.0,9.0,0.0,175.0,0
C0025,29.0,Female,57679.0,New,13.0,16.0,10.0,3.0,2.0,1.0,163.0,1
C0026,39.0,Male,136908.0,Regular,15.0,20.0,6.0,49.0,6.0,0.0,172.0,0
C0027,42.0,Male,134921.0,New,14.0,6.0,1.0,21.0,7.0,4.0,134.0,1
C0028,44.0,Female,119096.0,New,4.0,9.0,9.0,8.0,10.0,6.0,116.0,0
C0029,59.0,Female,99731.0,New,15.0,5.0,9.0,28.0,3.0,6.0,101.0,1
C0030,45.0,Male,132205.0,Regular,13.0,6.0,6.0,59.0,9.0,3.0,151.0,0
